review_id,customer_id,date,rating,review_text,source_event
R1,C76821,2026-01-01,5,Received order on time,Normal Operations
R2,C37195,2026-01-01,5,Customer service was helpful,Normal Operations
R3,C44132,2026-01-01,5,Easy checkout process,Normal Operations
R4,C67222,2026-01-01,5,Will buy again from this store,Normal Operations
R5,C62956,2026-01-01,5,Good quality product,Normal Operations
R6,C5312,2026-01-01,4,Very satisfied with my purchase,Normal Operations
R7,C53708,2026-01-01,4,Received order on time,Normal Operations
R8,C93017,2026-01-01,5,Excellent shopping experience,Normal Operations
R9,C84479,2026-01-01,5,Great product and fast delivery,Normal Operations
R10,C2748,2026-01-01,4,Excellent shopping experience,Normal Operations
R11,C84655,2026-01-01,4,Will buy again from this store,Normal Operations
R12,C56887,2026-01-01,4,Very satisfied with my purchase,Normal Operations
R13,C11395,2026-01-01,5,Received order on time,Normal Operations
R14,C96277,2026-01-01,5,Good quality product,Normal Operations
R15,C10628,2026-01-01,4,Great product and fast delivery,Normal Operations
R16,C73970,2026-01-01,5,Great product and fast delivery,Normal Operations
R17,C68149,2026-01-01,4,Excellent shopping experience,Normal Operations
R18,C23484,2026-01-01,5,Excellent shopping experience,Normal Operations
R19,C17160,2026-01-01,5,Customer service was helpful,Normal Operations
R20,C35921,2026-01-01,4,Customer service was helpful,Normal Operations
R21,C89476,2026-01-01,4,Received order on time,Normal Operations
R22,C78954,2026-01-02,5,Very satisfied with my purchase,Normal Operations
R23,C45759,2026-01-02,4,Received order on time,Normal Operations
R24,C65698,2026-01-02,5,Excellent shopping experience,Normal Operations
R25,C32607,2026-01-02,5,Excellent shopping experience,Normal Operations
R26,C40398,2026-01-02,4,Will buy again from this store,Normal Operations
R27,C89790,2026-01-02,5,Customer service was helpful,Normal Operations
R28,C24301,2026-01-02,5,Will buy again from this store,Normal Operations
R29,C86808,2026-01-02,5,Excellent shopping experience,Normal Operations
R30,C39100,2026-01-02,5,Excellent shopping experience,Normal Operations
R31,C38045,2026-01-02,4,Received order on time,Normal Operations
R32,C48985,2026-01-02,4,Customer service was helpful,Normal Operations
R33,C62593,2026-01-02,5,Customer service was helpful,Normal Operations
R34,C48191,2026-01-02,4,Received order on time,Normal Operations
R35,C33160,2026-01-02,4,Easy checkout process,Normal Operations
R36,C12667,2026-01-02,5,Easy checkout process,Normal Operations
R37,C64506,2026-01-02,5,Good quality product,Normal Operations
R38,C30536,2026-01-03,5,Received order on time,Normal Operations
R39,C89136,2026-01-03,4,Received order on time,Normal Operations
R40,C79576,2026-01-03,4,Customer service was helpful,Normal Operations
R41,C63336,2026-01-03,5,Good quality product,Normal Operations
R42,C70593,2026-01-03,5,Very satisfied with my purchase,Normal Operations
R43,C79310,2026-01-03,4,Easy checkout process,Normal Operations
R44,C98807,2026-01-03,5,Easy checkout process,Normal Operations
R45,C207,2026-01-03,4,Customer service was helpful,Normal Operations
R46,C23420,2026-01-03,4,Customer service was helpful,Normal Operations
R47,C50016,2026-01-03,4,Good quality product,Normal Operations
R48,C54269,2026-01-03,5,Customer service was helpful,Normal Operations
R49,C80357,2026-01-03,5,Will buy again from this store,Normal Operations
R50,C67215,2026-01-03,5,Customer service was helpful,Normal Operations
R51,C55821,2026-01-03,4,Easy checkout process,Normal Operations
R52,C93427,2026-01-03,5,Will buy again from this store,Normal Operations
R53,C64045,2026-01-03,5,Very satisfied with my purchase,Normal Operations
R54,C2694,2026-01-03,5,Very satisfied with my purchase,Normal Operations
R55,C69164,2026-01-03,5,Received order on time,Normal Operations
R56,C21835,2026-01-03,5,Received order on time,Normal Operations
R57,C15708,2026-01-03,5,Will buy again from this store,Normal Operations
R58,C23777,2026-01-03,4,Great product and fast delivery,Normal Operations
R59,C61374,2026-01-03,4,Great product and fast delivery,Normal Operations
R60,C55017,2026-01-03,5,Great product and fast delivery,Normal Operations
R61,C5531,2026-01-04,4,Customer service was helpful,Normal Operations
R62,C97505,2026-01-04,5,Great product and fast delivery,Normal Operations
R63,C66200,2026-01-04,4,Easy checkout process,Normal Operations
R64,C61088,2026-01-04,4,Customer service was helpful,Normal Operations
R65,C54385,2026-01-04,5,Will buy again from this store,Normal Operations
R66,C62004,2026-01-04,5,Very satisfied with my purchase,Normal Operations
R67,C89475,2026-01-04,4,Received order on time,Normal Operations
R68,C93265,2026-01-04,4,Great product and fast delivery,Normal Operations
R69,C855,2026-01-04,5,Easy checkout process,Normal Operations
R70,C55681,2026-01-04,4,Good quality product,Normal Operations
R71,C87093,2026-01-04,5,Easy checkout process,Normal Operations
R72,C26310,2026-01-04,5,Received order on time,Normal Operations
R73,C52663,2026-01-04,5,Will buy again from this store,Normal Operations
R74,C12689,2026-01-04,4,Easy checkout process,Normal Operations
R75,C52084,2026-01-04,5,Customer service was helpful,Normal Operations
R76,C34699,2026-01-04,5,Excellent shopping experience,Normal Operations
R77,C25185,2026-01-04,4,Customer service was helpful,Normal Operations
R78,C51664,2026-01-05,5,Received order on time,Normal Operations
R79,C2812,2026-01-05,5,Good quality product,Normal Operations
R80,C34755,2026-01-05,4,Easy checkout process,Normal Operations
R81,C2912,2026-01-05,4,Customer service was helpful,Normal Operations
R82,C84897,2026-01-05,4,Customer service was helpful,Normal Operations
R83,C11112,2026-01-05,4,Will buy again from this store,Normal Operations
R84,C73657,2026-01-05,5,Great product and fast delivery,Normal Operations
R85,C21919,2026-01-05,4,Great product and fast delivery,Normal Operations
R86,C16647,2026-01-05,5,Very satisfied with my purchase,Normal Operations
R87,C90736,2026-01-05,4,Received order on time,Normal Operations
R88,C2050,2026-01-05,5,Great product and fast delivery,Normal Operations
R89,C20933,2026-01-05,4,Great product and fast delivery,Normal Operations
R90,C72695,2026-01-05,5,Good quality product,Normal Operations
R91,C42643,2026-01-05,4,Great product and fast delivery,Normal Operations
R92,C4500,2026-01-05,5,Will buy again from this store,Normal Operations
R93,C59041,2026-01-05,5,Will buy again from this store,Normal Operations
R94,C32712,2026-01-05,5,Will buy again from this store,Normal Operations
R95,C61268,2026-01-05,5,Received order on time,Normal Operations
R96,C2558,2026-01-05,4,Very satisfied with my purchase,Normal Operations
R97,C68498,2026-01-05,5,Great product and fast delivery,Normal Operations
R98,C77506,2026-01-05,4,Will buy again from this store,Normal Operations
R99,C50109,2026-01-05,5,Very satisfied with my purchase,Normal Operations
R100,C38468,2026-01-05,4,Great product and fast delivery,Normal Operations
R101,C3988,2026-01-06,4,Very satisfied with my purchase,Normal Operations
R102,C46215,2026-01-06,5,Will buy again from this store,Normal Operations
R103,C44065,2026-01-06,5,Easy checkout process,Normal Operations
R104,C40819,2026-01-06,4,Will buy again from this store,Normal Operations
R105,C6894,2026-01-06,4,Very satisfied with my purchase,Normal Operations
R106,C3437,2026-01-06,5,Very satisfied with my purchase,Normal Operations
R107,C19739,2026-01-06,5,Easy checkout process,Normal Operations
R108,C54046,2026-01-06,5,Easy checkout process,Normal Operations
R109,C5601,2026-01-06,5,Great product and fast delivery,Normal Operations
R110,C74544,2026-01-06,4,Good quality product,Normal Operations
R111,C73745,2026-01-06,5,Easy checkout process,Normal Operations
R112,C43485,2026-01-06,5,Received order on time,Normal Operations
R113,C47203,2026-01-06,5,Very satisfied with my purchase,Normal Operations
R114,C18712,2026-01-06,4,Received order on time,Normal Operations
R115,C45237,2026-01-06,5,Good quality product,Normal Operations
R116,C65727,2026-01-07,5,Received order on time,Normal Operations
R117,C6103,2026-01-07,4,Good quality product,Normal Operations
R118,C26642,2026-01-07,4,Great product and fast delivery,Normal Operations
R119,C23094,2026-01-07,4,Great product and fast delivery,Normal Operations
R120,C51886,2026-01-07,5,Excellent shopping experience,Normal Operations
R121,C4015,2026-01-07,4,Will buy again from this store,Normal Operations
R122,C56959,2026-01-07,4,Very satisfied with my purchase,Normal Operations
R123,C45018,2026-01-07,4,Easy checkout process,Normal Operations
R124,C78070,2026-01-07,5,Great product and fast delivery,Normal Operations
R125,C5802,2026-01-07,5,Will buy again from this store,Normal Operations
R126,C50994,2026-01-07,5,Customer service was helpful,Normal Operations
R127,C88892,2026-01-07,5,Great product and fast delivery,Normal Operations
R128,C70317,2026-01-07,4,Excellent shopping experience,Normal Operations
R129,C6656,2026-01-07,5,Received order on time,Normal Operations
R130,C91084,2026-01-07,5,Very satisfied with my purchase,Normal Operations
R131,C13404,2026-01-07,4,Easy checkout process,Normal Operations
R132,C10967,2026-01-07,4,Excellent shopping experience,Normal Operations
R133,C49727,2026-01-08,5,Easy checkout process,Normal Operations
R134,C55610,2026-01-08,4,Very satisfied with my purchase,Normal Operations
R135,C70314,2026-01-08,4,Excellent shopping experience,Normal Operations
R136,C15339,2026-01-08,4,Very satisfied with my purchase,Normal Operations
R137,C80136,2026-01-08,4,Received order on time,Normal Operations
R138,C48748,2026-01-08,4,Good quality product,Normal Operations
R139,C54022,2026-01-08,5,Good quality product,Normal Operations
R140,C32094,2026-01-08,4,Good quality product,Normal Operations
R141,C72616,2026-01-08,5,Customer service was helpful,Normal Operations
R142,C17020,2026-01-08,4,Received order on time,Normal Operations
R143,C86673,2026-01-08,4,Excellent shopping experience,Normal Operations
R144,C28252,2026-01-08,4,Will buy again from this store,Normal Operations
R145,C90853,2026-01-08,4,Excellent shopping experience,Normal Operations
R146,C51991,2026-01-08,5,Excellent shopping experience,Normal Operations
R147,C74741,2026-01-08,5,Customer service was helpful,Normal Operations
R148,C16897,2026-01-08,4,Great product and fast delivery,Normal Operations
R149,C7806,2026-01-08,4,Customer service was helpful,Normal Operations
R150,C45544,2026-01-08,5,Very satisfied with my purchase,Normal Operations
R151,C3344,2026-01-08,4,Good quality product,Normal Operations
R152,C9663,2026-01-08,5,Good quality product,Normal Operations
R153,C73667,2026-01-09,5,Very satisfied with my purchase,Normal Operations
R154,C69043,2026-01-09,5,Received order on time,Normal Operations
R155,C93469,2026-01-09,4,Good quality product,Normal Operations
R156,C44079,2026-01-09,4,Very satisfied with my purchase,Normal Operations
R157,C78782,2026-01-09,4,Great product and fast delivery,Normal Operations
R158,C43920,2026-01-09,4,Received order on time,Normal Operations
R159,C94759,2026-01-09,5,Excellent shopping experience,Normal Operations
R160,C59102,2026-01-09,4,Received order on time,Normal Operations
R161,C23050,2026-01-09,4,Good quality product,Normal Operations
R162,C68386,2026-01-09,5,Very satisfied with my purchase,Normal Operations
R163,C23290,2026-01-09,4,Received order on time,Normal Operations
R164,C60161,2026-01-09,5,Easy checkout process,Normal Operations
R165,C4612,2026-01-09,5,Will buy again from this store,Normal Operations
R166,C30978,2026-01-09,4,Will buy again from this store,Normal Operations
R167,C88224,2026-01-09,5,Great product and fast delivery,Normal Operations
R168,C59276,2026-01-09,5,Easy checkout process,Normal Operations
R169,C91681,2026-01-09,5,Excellent shopping experience,Normal Operations
R170,C93611,2026-01-09,5,Great product and fast delivery,Normal Operations
R171,C97857,2026-01-09,5,Good quality product,Normal Operations
R172,C89644,2026-01-10,5,Will buy again from this store,Normal Operations
R173,C38495,2026-01-10,4,Good quality product,Normal Operations
R174,C92659,2026-01-10,4,Very satisfied with my purchase,Normal Operations
R175,C93009,2026-01-10,5,Excellent shopping experience,Normal Operations
R176,C15306,2026-01-10,4,Excellent shopping experience,Normal Operations
R177,C57459,2026-01-10,4,Excellent shopping experience,Normal Operations
R178,C82746,2026-01-10,5,Great product and fast delivery,Normal Operations
R179,C11339,2026-01-10,4,Good quality product,Normal Operations
R180,C33497,2026-01-10,4,Good quality product,Normal Operations
R181,C44426,2026-01-10,5,Good quality product,Normal Operations
R182,C47296,2026-01-10,5,Good quality product,Normal Operations
R183,C86000,2026-01-10,5,Easy checkout process,Normal Operations
R184,C65511,2026-01-10,4,Received order on time,Normal Operations
R185,C7358,2026-01-10,4,Will buy again from this store,Normal Operations
R186,C36209,2026-01-10,5,Will buy again from this store,Normal Operations
R187,C68451,2026-01-11,5,Good quality product,Normal Operations
R188,C14398,2026-01-11,4,Great product and fast delivery,Normal Operations
R189,C50518,2026-01-11,5,Received order on time,Normal Operations
R190,C47281,2026-01-11,5,Good quality product,Normal Operations
R191,C72937,2026-01-11,4,Received order on time,Normal Operations
R192,C35271,2026-01-11,4,Easy checkout process,Normal Operations
R193,C64896,2026-01-11,5,Received order on time,Normal Operations
R194,C5487,2026-01-11,5,Received order on time,Normal Operations
R195,C89113,2026-01-11,5,Will buy again from this store,Normal Operations
R196,C60567,2026-01-11,5,Received order on time,Normal Operations
R197,C84077,2026-01-11,5,Will buy again from this store,Normal Operations
R198,C11175,2026-01-11,5,Good quality product,Normal Operations
R199,C9349,2026-01-11,5,Very satisfied with my purchase,Normal Operations
R200,C89931,2026-01-11,5,Easy checkout process,Normal Operations
R201,C48137,2026-01-11,5,Excellent shopping experience,Normal Operations
R202,C72593,2026-01-11,5,Excellent shopping experience,Normal Operations
R203,C21678,2026-01-11,5,Good quality product,Normal Operations
R204,C62857,2026-01-11,4,Good quality product,Normal Operations
R205,C83461,2026-01-11,5,Excellent shopping experience,Normal Operations
R206,C26963,2026-01-11,4,Good quality product,Normal Operations
R207,C26433,2026-01-11,4,Will buy again from this store,Normal Operations
R208,C40263,2026-01-12,4,Received order on time,Normal Operations
R209,C35910,2026-01-12,5,Great product and fast delivery,Normal Operations
R210,C72125,2026-01-12,4,Received order on time,Normal Operations
R211,C25290,2026-01-12,5,Received order on time,Normal Operations
R212,C15486,2026-01-12,4,Excellent shopping experience,Normal Operations
R213,C86770,2026-01-12,4,Easy checkout process,Normal Operations
R214,C30356,2026-01-12,5,Received order on time,Normal Operations
R215,C25471,2026-01-12,5,Received order on time,Normal Operations
R216,C39299,2026-01-12,5,Great product and fast delivery,Normal Operations
R217,C66041,2026-01-12,4,Good quality product,Normal Operations
R218,C23961,2026-01-12,5,Customer service was helpful,Normal Operations
R219,C67642,2026-01-12,5,Will buy again from this store,Normal Operations
R220,C22701,2026-01-12,5,Received order on time,Normal Operations
R221,C20560,2026-01-12,4,Good quality product,Normal Operations
R222,C76540,2026-01-12,5,Very satisfied with my purchase,Normal Operations
R223,C30355,2026-01-12,4,Good quality product,Normal Operations
R224,C71727,2026-01-12,4,Received order on time,Normal Operations
R225,C52639,2026-01-12,4,Great product and fast delivery,Normal Operations
R226,C68867,2026-01-12,5,Great product and fast delivery,Normal Operations
R227,C7115,2026-01-12,5,Will buy again from this store,Normal Operations
R228,C90470,2026-01-13,4,Will buy again from this store,Normal Operations
R229,C29704,2026-01-13,4,Received order on time,Normal Operations
R230,C61530,2026-01-13,4,Excellent shopping experience,Normal Operations
R231,C31922,2026-01-13,4,Will buy again from this store,Normal Operations
R232,C4836,2026-01-13,4,Received order on time,Normal Operations
R233,C38089,2026-01-13,5,Will buy again from this store,Normal Operations
R234,C35548,2026-01-13,5,Great product and fast delivery,Normal Operations
R235,C34350,2026-01-13,4,Will buy again from this store,Normal Operations
R236,C5714,2026-01-13,5,Easy checkout process,Normal Operations
R237,C50991,2026-01-13,5,Easy checkout process,Normal Operations
R238,C84792,2026-01-13,5,Great product and fast delivery,Normal Operations
R239,C95085,2026-01-13,5,Very satisfied with my purchase,Normal Operations
R240,C61814,2026-01-13,4,Good quality product,Normal Operations
R241,C62293,2026-01-13,5,Great product and fast delivery,Normal Operations
R242,C20310,2026-01-13,4,Excellent shopping experience,Normal Operations
R243,C46541,2026-01-13,5,Easy checkout process,Normal Operations
R244,C8703,2026-01-13,5,Great product and fast delivery,Normal Operations
R245,C47927,2026-01-13,4,Great product and fast delivery,Normal Operations
R246,C60101,2026-01-13,5,Very satisfied with my purchase,Normal Operations
R247,C80643,2026-01-13,5,Customer service was helpful,Normal Operations
R248,C69173,2026-01-13,5,Good quality product,Normal Operations
R249,C53331,2026-01-13,5,Good quality product,Normal Operations
R250,C38766,2026-01-13,4,Great product and fast delivery,Normal Operations
R251,C17101,2026-01-13,5,Great product and fast delivery,Normal Operations
R252,C45544,2026-01-14,5,Very satisfied with my purchase,Normal Operations
R253,C7240,2026-01-14,4,Will buy again from this store,Normal Operations
R254,C58018,2026-01-14,5,Customer service was helpful,Normal Operations
R255,C94075,2026-01-14,5,Very satisfied with my purchase,Normal Operations
R256,C73964,2026-01-14,5,Excellent shopping experience,Normal Operations
R257,C37627,2026-01-14,4,Good quality product,Normal Operations
R258,C19199,2026-01-14,5,Great product and fast delivery,Normal Operations
R259,C1253,2026-01-14,5,Customer service was helpful,Normal Operations
R260,C92235,2026-01-14,5,Good quality product,Normal Operations
R261,C65216,2026-01-14,5,Easy checkout process,Normal Operations
R262,C55394,2026-01-14,5,Received order on time,Normal Operations
R263,C23387,2026-01-14,4,Excellent shopping experience,Normal Operations
R264,C83252,2026-01-14,5,Easy checkout process,Normal Operations
R265,C97240,2026-01-14,5,Great product and fast delivery,Normal Operations
R266,C70391,2026-01-14,4,Customer service was helpful,Normal Operations
R267,C39812,2026-01-14,5,Excellent shopping experience,Normal Operations
R268,C87370,2026-01-14,5,Excellent shopping experience,Normal Operations
R269,C92706,2026-01-14,4,Great product and fast delivery,Normal Operations
R270,C36587,2026-01-15,4,Good quality product,Normal Operations
R271,C6255,2026-01-15,4,Easy checkout process,Normal Operations
R272,C80720,2026-01-15,5,Great product and fast delivery,Normal Operations
R273,C22416,2026-01-15,5,Customer service was helpful,Normal Operations
R274,C41241,2026-01-15,4,Will buy again from this store,Normal Operations
R275,C33435,2026-01-15,5,Easy checkout process,Normal Operations
R276,C28733,2026-01-15,5,Good quality product,Normal Operations
R277,C57109,2026-01-15,4,Excellent shopping experience,Normal Operations
R278,C36669,2026-01-15,4,Good quality product,Normal Operations
R279,C16908,2026-01-15,4,Very satisfied with my purchase,Normal Operations
R280,C91866,2026-01-15,5,Excellent shopping experience,Normal Operations
R281,C23322,2026-01-15,4,Good quality product,Normal Operations
R282,C43222,2026-01-15,5,Great product and fast delivery,Normal Operations
R283,C19263,2026-01-15,5,Customer service was helpful,Normal Operations
R284,C95258,2026-01-15,4,Will buy again from this store,Normal Operations
R285,C79715,2026-01-15,5,Received order on time,Normal Operations
R286,C303,2026-01-15,5,Good quality product,Normal Operations
R287,C8718,2026-01-15,5,Customer service was helpful,Normal Operations
R288,C67662,2026-01-15,5,Excellent shopping experience,Normal Operations
R289,C4622,2026-01-15,5,Will buy again from this store,Normal Operations
R290,C18031,2026-01-16,5,Easy checkout process,Normal Operations
R291,C38639,2026-01-16,5,Customer service was helpful,Normal Operations
R292,C88870,2026-01-16,4,Received order on time,Normal Operations
R293,C46272,2026-01-16,4,Easy checkout process,Normal Operations
R294,C10268,2026-01-16,5,Great product and fast delivery,Normal Operations
R295,C50449,2026-01-16,5,Excellent shopping experience,Normal Operations
R296,C47916,2026-01-16,4,Customer service was helpful,Normal Operations
R297,C6169,2026-01-16,5,Great product and fast delivery,Normal Operations
R298,C82153,2026-01-16,4,Received order on time,Normal Operations
R299,C6372,2026-01-16,5,Good quality product,Normal Operations
R300,C12911,2026-01-16,5,Customer service was helpful,Normal Operations
R301,C23276,2026-01-16,5,Will buy again from this store,Normal Operations
R302,C60005,2026-01-16,4,Easy checkout process,Normal Operations
R303,C48448,2026-01-16,5,Very satisfied with my purchase,Normal Operations
R304,C76091,2026-01-16,4,Excellent shopping experience,Normal Operations
R305,C28025,2026-01-16,4,Good quality product,Normal Operations
R306,C92437,2026-01-16,4,Great product and fast delivery,Normal Operations
R307,C72304,2026-01-16,4,Very satisfied with my purchase,Normal Operations
R308,C76126,2026-01-16,5,Received order on time,Normal Operations
R309,C13047,2026-01-16,4,Customer service was helpful,Normal Operations
R310,C4325,2026-01-16,5,Easy checkout process,Normal Operations
R311,C16390,2026-01-16,5,Received order on time,Normal Operations
R312,C87887,2026-01-17,5,Received order on time,Normal Operations
R313,C84472,2026-01-17,5,Very satisfied with my purchase,Normal Operations
R314,C53442,2026-01-17,5,Very satisfied with my purchase,Normal Operations
R315,C46515,2026-01-17,5,Customer service was helpful,Normal Operations
R316,C6470,2026-01-17,5,Good quality product,Normal Operations
R317,C91923,2026-01-17,4,Excellent shopping experience,Normal Operations
R318,C36977,2026-01-17,5,Received order on time,Normal Operations
R319,C78478,2026-01-17,4,Received order on time,Normal Operations
R320,C1918,2026-01-17,4,Will buy again from this store,Normal Operations
R321,C47363,2026-01-17,5,Easy checkout process,Normal Operations
R322,C59384,2026-01-17,4,Great product and fast delivery,Normal Operations
R323,C9866,2026-01-17,5,Excellent shopping experience,Normal Operations
R324,C5288,2026-01-17,4,Received order on time,Normal Operations
R325,C1343,2026-01-17,4,Excellent shopping experience,Normal Operations
R326,C93071,2026-01-17,4,Good quality product,Normal Operations
R327,C36259,2026-01-17,5,Will buy again from this store,Normal Operations
R328,C236,2026-01-18,5,Good quality product,Normal Operations
R329,C8568,2026-01-18,4,Excellent shopping experience,Normal Operations
R330,C84556,2026-01-18,5,Easy checkout process,Normal Operations
R331,C5416,2026-01-18,4,Easy checkout process,Normal Operations
R332,C5952,2026-01-18,5,Will buy again from this store,Normal Operations
R333,C41833,2026-01-18,4,Good quality product,Normal Operations
R334,C88862,2026-01-18,4,Good quality product,Normal Operations
R335,C19283,2026-01-18,4,Easy checkout process,Normal Operations
R336,C20612,2026-01-18,5,Easy checkout process,Normal Operations
R337,C84057,2026-01-18,5,Great product and fast delivery,Normal Operations
R338,C75047,2026-01-18,5,Excellent shopping experience,Normal Operations
R339,C11955,2026-01-18,4,Will buy again from this store,Normal Operations
R340,C87063,2026-01-18,4,Good quality product,Normal Operations
R341,C19097,2026-01-18,5,Customer service was helpful,Normal Operations
R342,C45559,2026-01-18,5,Great product and fast delivery,Normal Operations
R343,C92264,2026-01-19,4,Very satisfied with my purchase,Normal Operations
R344,C41158,2026-01-19,5,Easy checkout process,Normal Operations
R345,C83123,2026-01-19,4,Very satisfied with my purchase,Normal Operations
R346,C56820,2026-01-19,5,Will buy again from this store,Normal Operations
R347,C5409,2026-01-19,5,Customer service was helpful,Normal Operations
R348,C923,2026-01-19,5,Received order on time,Normal Operations
R349,C97721,2026-01-19,5,Received order on time,Normal Operations
R350,C32155,2026-01-19,5,Great product and fast delivery,Normal Operations
R351,C67780,2026-01-19,4,Customer service was helpful,Normal Operations
R352,C43873,2026-01-19,5,Very satisfied with my purchase,Normal Operations
R353,C23711,2026-01-19,5,Very satisfied with my purchase,Normal Operations
R354,C71896,2026-01-19,5,Customer service was helpful,Normal Operations
R355,C20104,2026-01-19,4,Received order on time,Normal Operations
R356,C84292,2026-01-19,5,Good quality product,Normal Operations
R357,C16479,2026-01-19,5,Received order on time,Normal Operations
R358,C99098,2026-01-19,5,Easy checkout process,Normal Operations
R359,C14154,2026-01-20,4,Received order on time,Normal Operations
R360,C13000,2026-01-20,5,Will buy again from this store,Normal Operations
R361,C76078,2026-01-20,5,Customer service was helpful,Normal Operations
R362,C75917,2026-01-20,4,Easy checkout process,Normal Operations
R363,C17369,2026-01-20,5,Will buy again from this store,Normal Operations
R364,C99132,2026-01-20,4,Great product and fast delivery,Normal Operations
R365,C37220,2026-01-20,5,Easy checkout process,Normal Operations
R366,C60280,2026-01-20,5,Will buy again from this store,Normal Operations
R367,C52330,2026-01-20,5,Good quality product,Normal Operations
R368,C55177,2026-01-20,5,Great product and fast delivery,Normal Operations
R369,C44328,2026-01-20,4,Very satisfied with my purchase,Normal Operations
R370,C13719,2026-01-20,5,Great product and fast delivery,Normal Operations
R371,C36245,2026-01-20,4,Great product and fast delivery,Normal Operations
R372,C19257,2026-01-20,5,Excellent shopping experience,Normal Operations
R373,C37431,2026-01-20,5,Great product and fast delivery,Normal Operations
R374,C68245,2026-01-20,5,Easy checkout process,Normal Operations
R375,C97417,2026-01-20,4,Customer service was helpful,Normal Operations
R376,C97946,2026-01-20,5,Excellent shopping experience,Normal Operations
R377,C63732,2026-01-20,4,Great product and fast delivery,Normal Operations
R378,C8578,2026-01-21,5,Excellent shopping experience,Normal Operations
R379,C57762,2026-01-21,4,Customer service was helpful,Normal Operations
R380,C41915,2026-01-21,5,Easy checkout process,Normal Operations
R381,C67527,2026-01-21,5,Received order on time,Normal Operations
R382,C87896,2026-01-21,5,Received order on time,Normal Operations
R383,C94271,2026-01-21,4,Great product and fast delivery,Normal Operations
R384,C10396,2026-01-21,5,Easy checkout process,Normal Operations
R385,C70481,2026-01-21,5,Excellent shopping experience,Normal Operations
R386,C52854,2026-01-21,5,Received order on time,Normal Operations
R387,C75453,2026-01-21,4,Very satisfied with my purchase,Normal Operations
R388,C75521,2026-01-21,5,Will buy again from this store,Normal Operations
R389,C92375,2026-01-21,4,Will buy again from this store,Normal Operations
R390,C58067,2026-01-21,4,Easy checkout process,Normal Operations
R391,C59677,2026-01-21,4,Very satisfied with my purchase,Normal Operations
R392,C90398,2026-01-21,4,Great product and fast delivery,Normal Operations
R393,C18450,2026-01-21,5,Will buy again from this store,Normal Operations
R394,C48303,2026-01-21,5,Great product and fast delivery,Normal Operations
R395,C38001,2026-01-21,5,Excellent shopping experience,Normal Operations
R396,C25523,2026-01-21,5,Excellent shopping experience,Normal Operations
R397,C52488,2026-01-21,4,Customer service was helpful,Normal Operations
R398,C48771,2026-01-21,4,Good quality product,Normal Operations
R399,C75630,2026-01-21,4,Will buy again from this store,Normal Operations
R400,C81975,2026-01-21,5,Excellent shopping experience,Normal Operations
R401,C76535,2026-01-22,5,Customer service was helpful,Normal Operations
R402,C76219,2026-01-22,4,Easy checkout process,Normal Operations
R403,C56374,2026-01-22,4,Customer service was helpful,Normal Operations
R404,C72259,2026-01-22,5,Great product and fast delivery,Normal Operations
R405,C79112,2026-01-22,5,Easy checkout process,Normal Operations
R406,C87128,2026-01-22,5,Excellent shopping experience,Normal Operations
R407,C84459,2026-01-22,5,Very satisfied with my purchase,Normal Operations
R408,C86926,2026-01-22,4,Will buy again from this store,Normal Operations
R409,C47058,2026-01-22,4,Customer service was helpful,Normal Operations
R410,C16033,2026-01-22,5,Customer service was helpful,Normal Operations
R411,C20080,2026-01-22,5,Customer service was helpful,Normal Operations
R412,C50461,2026-01-22,5,Good quality product,Normal Operations
R413,C42881,2026-01-22,5,Received order on time,Normal Operations
R414,C85515,2026-01-22,5,Customer service was helpful,Normal Operations
R415,C94915,2026-01-22,5,Excellent shopping experience,Normal Operations
R416,C14597,2026-01-22,4,Customer service was helpful,Normal Operations
R417,C62517,2026-01-23,5,Very satisfied with my purchase,Normal Operations
R418,C17772,2026-01-23,4,Received order on time,Normal Operations
R419,C48286,2026-01-23,4,Will buy again from this store,Normal Operations
R420,C86144,2026-01-23,5,Will buy again from this store,Normal Operations
R421,C35955,2026-01-23,5,Will buy again from this store,Normal Operations
R422,C35368,2026-01-23,4,Great product and fast delivery,Normal Operations
R423,C60775,2026-01-23,5,Excellent shopping experience,Normal Operations
R424,C51694,2026-01-23,4,Great product and fast delivery,Normal Operations
R425,C76909,2026-01-23,4,Received order on time,Normal Operations
R426,C81995,2026-01-23,4,Excellent shopping experience,Normal Operations
R427,C61269,2026-01-23,5,Very satisfied with my purchase,Normal Operations
R428,C31654,2026-01-23,5,Excellent shopping experience,Normal Operations
R429,C97433,2026-01-23,5,Excellent shopping experience,Normal Operations
R430,C1623,2026-01-23,5,Very satisfied with my purchase,Normal Operations
R431,C61397,2026-01-23,4,Good quality product,Normal Operations
R432,C82566,2026-01-23,5,Easy checkout process,Normal Operations
R433,C96524,2026-01-23,5,Easy checkout process,Normal Operations
R434,C74183,2026-01-23,5,Good quality product,Normal Operations
R435,C35738,2026-01-23,5,Excellent shopping experience,Normal Operations
R436,C36398,2026-01-24,5,Received order on time,Normal Operations
R437,C38710,2026-01-24,4,Will buy again from this store,Normal Operations
R438,C21173,2026-01-24,4,Easy checkout process,Normal Operations
R439,C53277,2026-01-24,5,Received order on time,Normal Operations
R440,C89600,2026-01-24,5,Good quality product,Normal Operations
R441,C11047,2026-01-24,5,Received order on time,Normal Operations
R442,C28770,2026-01-24,5,Will buy again from this store,Normal Operations
R443,C4854,2026-01-24,5,Customer service was helpful,Normal Operations
R444,C21793,2026-01-24,5,Very satisfied with my purchase,Normal Operations
R445,C67299,2026-01-24,4,Excellent shopping experience,Normal Operations
R446,C24059,2026-01-24,4,Received order on time,Normal Operations
R447,C47305,2026-01-24,4,Good quality product,Normal Operations
R448,C15049,2026-01-24,5,Excellent shopping experience,Normal Operations
R449,C34009,2026-01-24,5,Will buy again from this store,Normal Operations
R450,C55338,2026-01-24,5,Good quality product,Normal Operations
R451,C45187,2026-01-24,4,Great product and fast delivery,Normal Operations
R452,C75187,2026-01-24,5,Excellent shopping experience,Normal Operations
R453,C23052,2026-01-24,4,Very satisfied with my purchase,Normal Operations
R454,C69627,2026-01-24,4,Easy checkout process,Normal Operations
R455,C36409,2026-01-25,5,Good quality product,Normal Operations
R456,C20492,2026-01-25,5,Customer service was helpful,Normal Operations
R457,C339,2026-01-25,5,Very satisfied with my purchase,Normal Operations
R458,C11345,2026-01-25,5,Will buy again from this store,Normal Operations
R459,C58054,2026-01-25,5,Customer service was helpful,Normal Operations
R460,C62553,2026-01-25,4,Will buy again from this store,Normal Operations
R461,C90601,2026-01-25,4,Received order on time,Normal Operations
R462,C27936,2026-01-25,5,Good quality product,Normal Operations
R463,C12183,2026-01-25,5,Excellent shopping experience,Normal Operations
R464,C94458,2026-01-25,5,Excellent shopping experience,Normal Operations
R465,C8821,2026-01-25,4,Customer service was helpful,Normal Operations
R466,C80560,2026-01-25,4,Customer service was helpful,Normal Operations
R467,C94935,2026-01-25,5,Will buy again from this store,Normal Operations
R468,C54238,2026-01-25,5,Good quality product,Normal Operations
R469,C37266,2026-01-25,5,Received order on time,Normal Operations
R470,C74911,2026-01-26,4,Customer service was helpful,Normal Operations
R471,C96444,2026-01-26,4,Will buy again from this store,Normal Operations
R472,C95403,2026-01-26,4,Good quality product,Normal Operations
R473,C23511,2026-01-26,5,Will buy again from this store,Normal Operations
R474,C94072,2026-01-26,5,Received order on time,Normal Operations
R475,C15318,2026-01-26,5,Great product and fast delivery,Normal Operations
R476,C94224,2026-01-26,5,Great product and fast delivery,Normal Operations
R477,C80766,2026-01-26,5,Good quality product,Normal Operations
R478,C52394,2026-01-26,4,Excellent shopping experience,Normal Operations
R479,C29431,2026-01-26,4,Excellent shopping experience,Normal Operations
R480,C48544,2026-01-26,5,Good quality product,Normal Operations
R481,C39975,2026-01-26,5,Will buy again from this store,Normal Operations
R482,C29630,2026-01-26,4,Very satisfied with my purchase,Normal Operations
R483,C73973,2026-01-26,5,Great product and fast delivery,Normal Operations
R484,C85432,2026-01-26,5,Received order on time,Normal Operations
R485,C50073,2026-01-26,5,Received order on time,Normal Operations
R486,C12677,2026-01-26,5,Customer service was helpful,Normal Operations
R487,C2051,2026-01-26,4,Great product and fast delivery,Normal Operations
R488,C32414,2026-01-26,4,Good quality product,Normal Operations
R489,C40601,2026-01-26,4,Excellent shopping experience,Normal Operations
R490,C90094,2026-01-26,4,Will buy again from this store,Normal Operations
R491,C80689,2026-01-26,5,Customer service was helpful,Normal Operations
R492,C97420,2026-01-26,5,Great product and fast delivery,Normal Operations
R493,C45029,2026-01-26,5,Easy checkout process,Normal Operations
R494,C29758,2026-01-27,5,Customer service was helpful,Normal Operations
R495,C24263,2026-01-27,5,Good quality product,Normal Operations
R496,C56980,2026-01-27,4,Received order on time,Normal Operations
R497,C41845,2026-01-27,5,Good quality product,Normal Operations
R498,C77130,2026-01-27,5,Easy checkout process,Normal Operations
R499,C82857,2026-01-27,4,Easy checkout process,Normal Operations
R500,C14200,2026-01-27,5,Great product and fast delivery,Normal Operations
R501,C73782,2026-01-27,5,Very satisfied with my purchase,Normal Operations
R502,C46601,2026-01-27,4,Customer service was helpful,Normal Operations
R503,C30449,2026-01-27,5,Easy checkout process,Normal Operations
R504,C84387,2026-01-27,4,Good quality product,Normal Operations
R505,C24579,2026-01-27,5,Excellent shopping experience,Normal Operations
R506,C54029,2026-01-27,5,Will buy again from this store,Normal Operations
R507,C60505,2026-01-27,5,Will buy again from this store,Normal Operations
R508,C83301,2026-01-27,5,Great product and fast delivery,Normal Operations
R509,C23875,2026-01-27,5,Excellent shopping experience,Normal Operations
R510,C65161,2026-01-27,4,Easy checkout process,Normal Operations
R511,C25932,2026-01-27,5,Easy checkout process,Normal Operations
R512,C42521,2026-01-27,5,Excellent shopping experience,Normal Operations
R513,C81122,2026-01-27,5,Good quality product,Normal Operations
R514,C80200,2026-01-28,4,Received order on time,Normal Operations
R515,C41874,2026-01-28,5,Easy checkout process,Normal Operations
R516,C9904,2026-01-28,5,Very satisfied with my purchase,Normal Operations
R517,C86989,2026-01-28,5,Good quality product,Normal Operations
R518,C9517,2026-01-28,4,Great product and fast delivery,Normal Operations
R519,C84083,2026-01-28,5,Will buy again from this store,Normal Operations
R520,C11304,2026-01-28,5,Excellent shopping experience,Normal Operations
R521,C92109,2026-01-28,5,Excellent shopping experience,Normal Operations
R522,C86232,2026-01-28,5,Good quality product,Normal Operations
R523,C67676,2026-01-28,5,Easy checkout process,Normal Operations
R524,C83625,2026-01-28,4,Great product and fast delivery,Normal Operations
R525,C97625,2026-01-28,5,Good quality product,Normal Operations
R526,C86207,2026-01-28,5,Good quality product,Normal Operations
R527,C22535,2026-01-28,5,Easy checkout process,Normal Operations
R528,C74554,2026-01-28,5,Good quality product,Normal Operations
R529,C47639,2026-01-28,4,Great product and fast delivery,Normal Operations
R530,C22891,2026-01-28,4,Excellent shopping experience,Normal Operations
R531,C92242,2026-01-28,5,Good quality product,Normal Operations
R532,C57933,2026-01-28,5,Received order on time,Normal Operations
R533,C75714,2026-01-28,4,Good quality product,Normal Operations
R534,C75419,2026-01-28,4,Will buy again from this store,Normal Operations
R535,C31967,2026-01-28,5,Great product and fast delivery,Normal Operations
R536,C63853,2026-01-29,4,Received order on time,Normal Operations
R537,C76243,2026-01-29,4,Easy checkout process,Normal Operations
R538,C87273,2026-01-29,4,Very satisfied with my purchase,Normal Operations
R539,C1436,2026-01-29,5,Will buy again from this store,Normal Operations
R540,C26661,2026-01-29,4,Received order on time,Normal Operations
R541,C72596,2026-01-29,5,Good quality product,Normal Operations
R542,C7492,2026-01-29,5,Will buy again from this store,Normal Operations
R543,C80396,2026-01-29,4,Easy checkout process,Normal Operations
R544,C9078,2026-01-29,5,Very satisfied with my purchase,Normal Operations
R545,C76920,2026-01-29,4,Great product and fast delivery,Normal Operations
R546,C23822,2026-01-29,5,Easy checkout process,Normal Operations
R547,C21196,2026-01-29,5,Will buy again from this store,Normal Operations
R548,C21428,2026-01-29,5,Received order on time,Normal Operations
R549,C57373,2026-01-29,4,Good quality product,Normal Operations
R550,C31599,2026-01-29,5,Easy checkout process,Normal Operations
R551,C27083,2026-01-29,5,Customer service was helpful,Normal Operations
R552,C26030,2026-01-30,5,Customer service was helpful,Normal Operations
R553,C14289,2026-01-30,5,Excellent shopping experience,Normal Operations
R554,C81959,2026-01-30,5,Easy checkout process,Normal Operations
R555,C75933,2026-01-30,5,Customer service was helpful,Normal Operations
R556,C60546,2026-01-30,4,Easy checkout process,Normal Operations
R557,C3094,2026-01-30,5,Customer service was helpful,Normal Operations
R558,C44414,2026-01-30,4,Easy checkout process,Normal Operations
R559,C33757,2026-01-30,4,Received order on time,Normal Operations
R560,C28603,2026-01-30,5,Good quality product,Normal Operations
R561,C63417,2026-01-30,4,Received order on time,Normal Operations
R562,C7425,2026-01-30,5,Good quality product,Normal Operations
R563,C19983,2026-01-30,5,Excellent shopping experience,Normal Operations
R564,C26432,2026-01-30,4,Excellent shopping experience,Normal Operations
R565,C26386,2026-01-30,5,Great product and fast delivery,Normal Operations
R566,C85531,2026-01-30,5,Customer service was helpful,Normal Operations
R567,C5777,2026-01-30,4,Will buy again from this store,Normal Operations
R568,C74319,2026-01-30,5,Good quality product,Normal Operations
R569,C30708,2026-01-30,5,Easy checkout process,Normal Operations
R570,C82880,2026-01-30,5,Customer service was helpful,Normal Operations
R571,C44860,2026-01-30,4,Received order on time,Normal Operations
R572,C527,2026-01-30,5,Excellent shopping experience,Normal Operations
R573,C11537,2026-01-30,4,Great product and fast delivery,Normal Operations
R574,C34532,2026-01-30,5,Very satisfied with my purchase,Normal Operations
R575,C74745,2026-01-30,4,Great product and fast delivery,Normal Operations
R576,C54616,2026-01-31,4,Very satisfied with my purchase,Normal Operations
R577,C85709,2026-01-31,4,Will buy again from this store,Normal Operations
R578,C26590,2026-01-31,4,Great product and fast delivery,Normal Operations
R579,C62047,2026-01-31,4,Will buy again from this store,Normal Operations
R580,C21805,2026-01-31,4,Very satisfied with my purchase,Normal Operations
R581,C20582,2026-01-31,5,Great product and fast delivery,Normal Operations
R582,C32982,2026-01-31,4,Great product and fast delivery,Normal Operations
R583,C43409,2026-01-31,4,Easy checkout process,Normal Operations
R584,C38560,2026-01-31,5,Received order on time,Normal Operations
R585,C95318,2026-01-31,5,Customer service was helpful,Normal Operations
R586,C74442,2026-01-31,5,Received order on time,Normal Operations
R587,C63484,2026-01-31,4,Will buy again from this store,Normal Operations
R588,C27425,2026-01-31,5,Great product and fast delivery,Normal Operations
R589,C88653,2026-01-31,4,Great product and fast delivery,Normal Operations
R590,C52327,2026-01-31,4,Received order on time,Normal Operations
R591,C98394,2026-01-31,5,Excellent shopping experience,Normal Operations
R592,C68578,2026-01-31,5,Very satisfied with my purchase,Normal Operations
R593,C62769,2026-01-31,4,Excellent shopping experience,Normal Operations
R594,C49787,2026-01-31,5,Will buy again from this store,Normal Operations
R595,C26016,2026-01-31,5,Very satisfied with my purchase,Normal Operations
R596,C26290,2026-02-01,5,Excellent shopping experience,Normal Operations
R597,C13630,2026-02-01,5,Received order on time,Normal Operations
R598,C26631,2026-02-01,5,Customer service was helpful,Normal Operations
R599,C66436,2026-02-01,5,Easy checkout process,Normal Operations
R600,C74138,2026-02-01,5,Very satisfied with my purchase,Normal Operations
R601,C21289,2026-02-01,5,Customer service was helpful,Normal Operations
R602,C15314,2026-02-01,5,Received order on time,Normal Operations
R603,C1561,2026-02-01,5,Very satisfied with my purchase,Normal Operations
R604,C31891,2026-02-01,5,Good quality product,Normal Operations
R605,C70317,2026-02-01,5,Customer service was helpful,Normal Operations
R606,C2357,2026-02-01,5,Will buy again from this store,Normal Operations
R607,C89900,2026-02-01,4,Customer service was helpful,Normal Operations
R608,C16083,2026-02-01,4,Excellent shopping experience,Normal Operations
R609,C2921,2026-02-01,4,Very satisfied with my purchase,Normal Operations
R610,C79562,2026-02-01,5,Easy checkout process,Normal Operations
R611,C16310,2026-02-01,5,Easy checkout process,Normal Operations
R612,C30028,2026-02-01,4,Customer service was helpful,Normal Operations
R613,C59322,2026-02-01,5,Great product and fast delivery,Normal Operations
R614,C47909,2026-02-01,5,Good quality product,Normal Operations
R615,C39444,2026-02-01,5,Received order on time,Normal Operations
R616,C80819,2026-02-01,4,Received order on time,Normal Operations
R617,C25850,2026-02-01,5,Will buy again from this store,Normal Operations
R618,C77540,2026-02-01,4,Good quality product,Normal Operations
R619,C45351,2026-02-02,5,Customer service was helpful,Normal Operations
R620,C45242,2026-02-02,5,Excellent shopping experience,Normal Operations
R621,C48365,2026-02-02,4,Very satisfied with my purchase,Normal Operations
R622,C84879,2026-02-02,5,Excellent shopping experience,Normal Operations
R623,C19976,2026-02-02,4,Great product and fast delivery,Normal Operations
R624,C11562,2026-02-02,5,Received order on time,Normal Operations
R625,C49154,2026-02-02,4,Received order on time,Normal Operations
R626,C44966,2026-02-02,5,Customer service was helpful,Normal Operations
R627,C50678,2026-02-02,5,Good quality product,Normal Operations
R628,C98318,2026-02-02,5,Received order on time,Normal Operations
R629,C69351,2026-02-02,5,Will buy again from this store,Normal Operations
R630,C61273,2026-02-02,5,Very satisfied with my purchase,Normal Operations
R631,C64675,2026-02-02,4,Great product and fast delivery,Normal Operations
R632,C13761,2026-02-02,4,Good quality product,Normal Operations
R633,C97956,2026-02-02,5,Will buy again from this store,Normal Operations
R634,C52234,2026-02-02,4,Good quality product,Normal Operations
R635,C71261,2026-02-03,4,Very satisfied with my purchase,Normal Operations
R636,C19817,2026-02-03,5,Excellent shopping experience,Normal Operations
R637,C79531,2026-02-03,5,Great product and fast delivery,Normal Operations
R638,C82496,2026-02-03,5,Received order on time,Normal Operations
R639,C85113,2026-02-03,4,Very satisfied with my purchase,Normal Operations
R640,C71653,2026-02-03,5,Easy checkout process,Normal Operations
R641,C9848,2026-02-03,5,Received order on time,Normal Operations
R642,C83311,2026-02-03,5,Received order on time,Normal Operations
R643,C83195,2026-02-03,5,Customer service was helpful,Normal Operations
R644,C81538,2026-02-03,4,Good quality product,Normal Operations
R645,C91156,2026-02-03,5,Great product and fast delivery,Normal Operations
R646,C39031,2026-02-03,4,Excellent shopping experience,Normal Operations
R647,C28405,2026-02-03,5,Easy checkout process,Normal Operations
R648,C9201,2026-02-03,4,Easy checkout process,Normal Operations
R649,C41236,2026-02-03,4,Easy checkout process,Normal Operations
R650,C65662,2026-02-03,5,Good quality product,Normal Operations
R651,C61213,2026-02-03,4,Excellent shopping experience,Normal Operations
R652,C6639,2026-02-04,5,Customer service was helpful,Normal Operations
R653,C79142,2026-02-04,5,Easy checkout process,Normal Operations
R654,C32557,2026-02-04,4,Received order on time,Normal Operations
R655,C43754,2026-02-04,5,Received order on time,Normal Operations
R656,C10226,2026-02-04,5,Received order on time,Normal Operations
R657,C23197,2026-02-04,4,Good quality product,Normal Operations
R658,C48321,2026-02-04,4,Will buy again from this store,Normal Operations
R659,C88010,2026-02-04,5,Customer service was helpful,Normal Operations
R660,C81041,2026-02-04,5,Very satisfied with my purchase,Normal Operations
R661,C97000,2026-02-04,5,Excellent shopping experience,Normal Operations
R662,C42824,2026-02-04,4,Great product and fast delivery,Normal Operations
R663,C31891,2026-02-04,5,Great product and fast delivery,Normal Operations
R664,C19509,2026-02-04,5,Customer service was helpful,Normal Operations
R665,C8126,2026-02-04,5,Will buy again from this store,Normal Operations
R666,C17088,2026-02-04,4,Received order on time,Normal Operations
R667,C60577,2026-02-04,4,Very satisfied with my purchase,Normal Operations
R668,C72461,2026-02-04,5,Great product and fast delivery,Normal Operations
R669,C85151,2026-02-04,4,Great product and fast delivery,Normal Operations
R670,C29166,2026-02-04,4,Great product and fast delivery,Normal Operations
R671,C64966,2026-02-04,5,Received order on time,Normal Operations
R672,C99305,2026-02-04,5,Excellent shopping experience,Normal Operations
R673,C3713,2026-02-04,5,Customer service was helpful,Normal Operations
R674,C91737,2026-02-04,4,Will buy again from this store,Normal Operations
R675,C9109,2026-02-05,5,Customer service was helpful,Normal Operations
R676,C83361,2026-02-05,4,Easy checkout process,Normal Operations
R677,C96547,2026-02-05,5,Great product and fast delivery,Normal Operations
R678,C76744,2026-02-05,4,Received order on time,Normal Operations
R679,C25538,2026-02-05,5,Very satisfied with my purchase,Normal Operations
R680,C22613,2026-02-05,5,Very satisfied with my purchase,Normal Operations
R681,C92060,2026-02-05,5,Excellent shopping experience,Normal Operations
R682,C4761,2026-02-05,5,Good quality product,Normal Operations
R683,C53552,2026-02-05,4,Received order on time,Normal Operations
R684,C46820,2026-02-05,4,Good quality product,Normal Operations
R685,C26967,2026-02-05,4,Customer service was helpful,Normal Operations
R686,C26988,2026-02-05,5,Very satisfied with my purchase,Normal Operations
R687,C24597,2026-02-05,5,Easy checkout process,Normal Operations
R688,C69968,2026-02-05,5,Customer service was helpful,Normal Operations
R689,C39311,2026-02-05,4,Customer service was helpful,Normal Operations
R690,C36915,2026-02-05,5,Great product and fast delivery,Normal Operations
R691,C37651,2026-02-05,4,Customer service was helpful,Normal Operations
R692,C50116,2026-02-05,4,Excellent shopping experience,Normal Operations
R693,C92654,2026-02-05,5,Will buy again from this store,Normal Operations
R694,C54692,2026-02-06,4,Will buy again from this store,Normal Operations
R695,C44977,2026-02-06,5,Very satisfied with my purchase,Normal Operations
R696,C86366,2026-02-06,5,Good quality product,Normal Operations
R697,C44140,2026-02-06,4,Easy checkout process,Normal Operations
R698,C63647,2026-02-06,5,Excellent shopping experience,Normal Operations
R699,C48369,2026-02-06,4,Customer service was helpful,Normal Operations
R700,C24612,2026-02-06,4,Excellent shopping experience,Normal Operations
R701,C59190,2026-02-06,5,Received order on time,Normal Operations
R702,C42669,2026-02-06,4,Great product and fast delivery,Normal Operations
R703,C88205,2026-02-06,4,Excellent shopping experience,Normal Operations
R704,C34069,2026-02-06,5,Customer service was helpful,Normal Operations
R705,C52250,2026-02-06,5,Very satisfied with my purchase,Normal Operations
R706,C76154,2026-02-06,5,Great product and fast delivery,Normal Operations
R707,C71832,2026-02-06,5,Great product and fast delivery,Normal Operations
R708,C34085,2026-02-06,5,Will buy again from this store,Normal Operations
R709,C55827,2026-02-06,4,Received order on time,Normal Operations
R710,C36042,2026-02-06,5,Received order on time,Normal Operations
R711,C65482,2026-02-07,5,Excellent shopping experience,Normal Operations
R712,C64175,2026-02-07,5,Great product and fast delivery,Normal Operations
R713,C17634,2026-02-07,5,Great product and fast delivery,Normal Operations
R714,C49105,2026-02-07,4,Great product and fast delivery,Normal Operations
R715,C16015,2026-02-07,4,Very satisfied with my purchase,Normal Operations
R716,C23712,2026-02-07,5,Easy checkout process,Normal Operations
R717,C27214,2026-02-07,4,Easy checkout process,Normal Operations
R718,C7422,2026-02-07,5,Good quality product,Normal Operations
R719,C4359,2026-02-07,5,Great product and fast delivery,Normal Operations
R720,C32118,2026-02-07,5,Good quality product,Normal Operations
R721,C98033,2026-02-07,5,Good quality product,Normal Operations
R722,C29372,2026-02-07,5,Easy checkout process,Normal Operations
R723,C17626,2026-02-07,4,Very satisfied with my purchase,Normal Operations
R724,C91303,2026-02-07,5,Very satisfied with my purchase,Normal Operations
R725,C73380,2026-02-07,4,Good quality product,Normal Operations
R726,C54625,2026-02-07,5,Easy checkout process,Normal Operations
R727,C72241,2026-02-07,4,Easy checkout process,Normal Operations
R728,C10757,2026-02-07,4,Received order on time,Normal Operations
R729,C14485,2026-02-07,4,Received order on time,Normal Operations
R730,C73795,2026-02-07,5,Will buy again from this store,Normal Operations
R731,C45114,2026-02-07,4,Very satisfied with my purchase,Normal Operations
R732,C5250,2026-02-07,4,Easy checkout process,Normal Operations
R733,C58577,2026-02-07,4,Customer service was helpful,Normal Operations
R734,C53364,2026-02-08,5,Excellent shopping experience,Normal Operations
R735,C95674,2026-02-08,5,Will buy again from this store,Normal Operations
R736,C48605,2026-02-08,5,Received order on time,Normal Operations
R737,C28983,2026-02-08,5,Customer service was helpful,Normal Operations
R738,C88734,2026-02-08,5,Will buy again from this store,Normal Operations
R739,C68620,2026-02-08,5,Great product and fast delivery,Normal Operations
R740,C20104,2026-02-08,4,Great product and fast delivery,Normal Operations
R741,C81438,2026-02-08,5,Received order on time,Normal Operations
R742,C55923,2026-02-08,4,Good quality product,Normal Operations
R743,C62712,2026-02-08,4,Will buy again from this store,Normal Operations
R744,C82206,2026-02-08,4,Received order on time,Normal Operations
R745,C56274,2026-02-08,4,Good quality product,Normal Operations
R746,C76560,2026-02-08,5,Will buy again from this store,Normal Operations
R747,C19170,2026-02-08,5,Received order on time,Normal Operations
R748,C5783,2026-02-08,4,Good quality product,Normal Operations
R749,C84329,2026-02-08,4,Excellent shopping experience,Normal Operations
R750,C47865,2026-02-08,4,Good quality product,Normal Operations
R751,C38068,2026-02-09,4,Great product and fast delivery,Normal Operations
R752,C36036,2026-02-09,5,Very satisfied with my purchase,Normal Operations
R753,C83363,2026-02-09,5,Excellent shopping experience,Normal Operations
R754,C4438,2026-02-09,5,Very satisfied with my purchase,Normal Operations
R755,C61930,2026-02-09,5,Received order on time,Normal Operations
R756,C12330,2026-02-09,5,Received order on time,Normal Operations
R757,C34595,2026-02-09,5,Very satisfied with my purchase,Normal Operations
R758,C63134,2026-02-09,5,Very satisfied with my purchase,Normal Operations
R759,C94032,2026-02-09,5,Very satisfied with my purchase,Normal Operations
R760,C73801,2026-02-09,4,Customer service was helpful,Normal Operations
R761,C6722,2026-02-09,5,Customer service was helpful,Normal Operations
R762,C72910,2026-02-09,5,Easy checkout process,Normal Operations
R763,C94474,2026-02-09,5,Received order on time,Normal Operations
R764,C63741,2026-02-09,5,Great product and fast delivery,Normal Operations
R765,C73823,2026-02-09,4,Very satisfied with my purchase,Normal Operations
R766,C31056,2026-02-09,4,Very satisfied with my purchase,Normal Operations
R767,C11139,2026-02-09,5,Very satisfied with my purchase,Normal Operations
R768,C50201,2026-02-09,4,Easy checkout process,Normal Operations
R769,C17348,2026-02-09,4,Good quality product,Normal Operations
R770,C40109,2026-02-09,4,Great product and fast delivery,Normal Operations
R771,C11872,2026-02-09,5,Received order on time,Normal Operations
R772,C33614,2026-02-09,4,Received order on time,Normal Operations
R773,C55100,2026-02-09,5,Received order on time,Normal Operations
R774,C86270,2026-02-10,4,Will buy again from this store,Normal Operations
R775,C72147,2026-02-10,5,Excellent shopping experience,Normal Operations
R776,C42914,2026-02-10,4,Customer service was helpful,Normal Operations
R777,C55678,2026-02-10,4,Excellent shopping experience,Normal Operations
R778,C92063,2026-02-10,5,Easy checkout process,Normal Operations
R779,C37847,2026-02-10,4,Will buy again from this store,Normal Operations
R780,C61589,2026-02-10,4,Easy checkout process,Normal Operations
R781,C28142,2026-02-10,5,Great product and fast delivery,Normal Operations
R782,C23292,2026-02-10,4,Easy checkout process,Normal Operations
R783,C99943,2026-02-10,5,Great product and fast delivery,Normal Operations
R784,C66919,2026-02-10,5,Will buy again from this store,Normal Operations
R785,C98724,2026-02-10,4,Received order on time,Normal Operations
R786,C57010,2026-02-10,5,Received order on time,Normal Operations
R787,C57023,2026-02-10,5,Customer service was helpful,Normal Operations
R788,C80355,2026-02-10,5,Very satisfied with my purchase,Normal Operations
R789,C27606,2026-02-10,5,Customer service was helpful,Normal Operations
R790,C76374,2026-02-10,4,Very satisfied with my purchase,Normal Operations
R791,C70018,2026-02-10,4,Good quality product,Normal Operations
R792,C73295,2026-02-10,5,Very satisfied with my purchase,Normal Operations
R793,C5543,2026-02-10,5,Good quality product,Normal Operations
R794,C59354,2026-02-11,4,Great product and fast delivery,Normal Operations
R795,C16053,2026-02-11,5,Excellent shopping experience,Normal Operations
R796,C672,2026-02-11,4,Excellent shopping experience,Normal Operations
R797,C53745,2026-02-11,4,Received order on time,Normal Operations
R798,C22421,2026-02-11,5,Received order on time,Normal Operations
R799,C29301,2026-02-11,4,Received order on time,Normal Operations
R800,C25122,2026-02-11,4,Excellent shopping experience,Normal Operations
R801,C33362,2026-02-11,4,Received order on time,Normal Operations
R802,C28381,2026-02-11,5,Will buy again from this store,Normal Operations
R803,C55317,2026-02-11,5,Received order on time,Normal Operations
R804,C53353,2026-02-11,5,Excellent shopping experience,Normal Operations
R805,C33161,2026-02-11,5,Will buy again from this store,Normal Operations
R806,C49724,2026-02-11,5,Great product and fast delivery,Normal Operations
R807,C89098,2026-02-11,4,Will buy again from this store,Normal Operations
R808,C51432,2026-02-11,4,Excellent shopping experience,Normal Operations
R809,C92962,2026-02-11,5,Good quality product,Normal Operations
R810,C51400,2026-02-11,5,Will buy again from this store,Normal Operations
R811,C7100,2026-02-11,5,Great product and fast delivery,Normal Operations
R812,C96723,2026-02-11,5,Customer service was helpful,Normal Operations
R813,C22615,2026-02-12,5,Will buy again from this store,Normal Operations
R814,C60921,2026-02-12,4,Good quality product,Normal Operations
R815,C7789,2026-02-12,5,Customer service was helpful,Normal Operations
R816,C76817,2026-02-12,4,Easy checkout process,Normal Operations
R817,C94440,2026-02-12,5,Good quality product,Normal Operations
R818,C48356,2026-02-12,5,Excellent shopping experience,Normal Operations
R819,C64028,2026-02-12,5,Easy checkout process,Normal Operations
R820,C29957,2026-02-12,4,Easy checkout process,Normal Operations
R821,C76296,2026-02-12,5,Good quality product,Normal Operations
R822,C28271,2026-02-12,5,Will buy again from this store,Normal Operations
R823,C23889,2026-02-12,5,Will buy again from this store,Normal Operations
R824,C35145,2026-02-12,5,Customer service was helpful,Normal Operations
R825,C91075,2026-02-12,5,Excellent shopping experience,Normal Operations
R826,C6980,2026-02-12,4,Great product and fast delivery,Normal Operations
R827,C78041,2026-02-12,4,Very satisfied with my purchase,Normal Operations
R828,C6911,2026-02-12,5,Excellent shopping experience,Normal Operations
R829,C85668,2026-02-12,4,Excellent shopping experience,Normal Operations
R830,C17154,2026-02-12,5,Received order on time,Normal Operations
R831,C39072,2026-02-12,5,Very satisfied with my purchase,Normal Operations
R832,C58280,2026-02-13,4,Easy checkout process,Normal Operations
R833,C22169,2026-02-13,4,Excellent shopping experience,Normal Operations
R834,C55420,2026-02-13,5,Will buy again from this store,Normal Operations
R835,C92950,2026-02-13,5,Excellent shopping experience,Normal Operations
R836,C46805,2026-02-13,4,Received order on time,Normal Operations
R837,C98990,2026-02-13,4,Received order on time,Normal Operations
R838,C77795,2026-02-13,5,Great product and fast delivery,Normal Operations
R839,C48759,2026-02-13,5,Excellent shopping experience,Normal Operations
R840,C50409,2026-02-13,5,Customer service was helpful,Normal Operations
R841,C28045,2026-02-13,4,Customer service was helpful,Normal Operations
R842,C79752,2026-02-13,5,Very satisfied with my purchase,Normal Operations
R843,C82567,2026-02-13,5,Very satisfied with my purchase,Normal Operations
R844,C94464,2026-02-13,5,Customer service was helpful,Normal Operations
R845,C58713,2026-02-13,5,Very satisfied with my purchase,Normal Operations
R846,C48909,2026-02-13,5,Very satisfied with my purchase,Normal Operations
R847,C55732,2026-02-13,4,Excellent shopping experience,Normal Operations
R848,C46487,2026-02-14,5,Customer service was helpful,Normal Operations
R849,C3755,2026-02-14,4,Will buy again from this store,Normal Operations
R850,C8707,2026-02-14,5,Good quality product,Normal Operations
R851,C81943,2026-02-14,4,Customer service was helpful,Normal Operations
R852,C9497,2026-02-14,4,Good quality product,Normal Operations
R853,C88200,2026-02-14,5,Will buy again from this store,Normal Operations
R854,C65096,2026-02-14,5,Excellent shopping experience,Normal Operations
R855,C49667,2026-02-14,5,Great product and fast delivery,Normal Operations
R856,C62947,2026-02-14,4,Great product and fast delivery,Normal Operations
R857,C68057,2026-02-14,5,Will buy again from this store,Normal Operations
R858,C80103,2026-02-14,5,Excellent shopping experience,Normal Operations
R859,C31657,2026-02-14,4,Easy checkout process,Normal Operations
R860,C84900,2026-02-14,5,Will buy again from this store,Normal Operations
R861,C10806,2026-02-14,5,Very satisfied with my purchase,Normal Operations
R862,C13945,2026-02-14,5,Received order on time,Normal Operations
R863,C15380,2026-02-14,5,Excellent shopping experience,Normal Operations
R864,C12088,2026-02-15,4,Customer service was helpful,Normal Operations
R865,C9597,2026-02-15,5,Easy checkout process,Normal Operations
R866,C66550,2026-02-15,5,Received order on time,Normal Operations
R867,C73446,2026-02-15,4,Easy checkout process,Normal Operations
R868,C59797,2026-02-15,4,Good quality product,Normal Operations
R869,C61628,2026-02-15,5,Excellent shopping experience,Normal Operations
R870,C59665,2026-02-15,4,Great product and fast delivery,Normal Operations
R871,C36061,2026-02-15,5,Customer service was helpful,Normal Operations
R872,C48869,2026-02-15,5,Very satisfied with my purchase,Normal Operations
R873,C6644,2026-02-15,4,Will buy again from this store,Normal Operations
R874,C65698,2026-02-15,4,Received order on time,Normal Operations
R875,C63647,2026-02-15,5,Very satisfied with my purchase,Normal Operations
R876,C68927,2026-02-15,5,Received order on time,Normal Operations
R877,C49816,2026-02-15,4,Very satisfied with my purchase,Normal Operations
R878,C21818,2026-02-15,5,Good quality product,Normal Operations
R879,C10259,2026-02-15,4,Very satisfied with my purchase,Normal Operations
R880,C5470,2026-02-15,4,Will buy again from this store,Normal Operations
R881,C33938,2026-02-16,5,Great product and fast delivery,Normal Operations
R882,C84731,2026-02-16,4,Customer service was helpful,Normal Operations
R883,C16185,2026-02-16,5,Received order on time,Normal Operations
R884,C77985,2026-02-16,4,Received order on time,Normal Operations
R885,C49812,2026-02-16,5,Great product and fast delivery,Normal Operations
R886,C30255,2026-02-16,4,Will buy again from this store,Normal Operations
R887,C14473,2026-02-16,5,Very satisfied with my purchase,Normal Operations
R888,C95805,2026-02-16,5,Excellent shopping experience,Normal Operations
R889,C54221,2026-02-16,4,Excellent shopping experience,Normal Operations
R890,C6398,2026-02-16,4,Easy checkout process,Normal Operations
R891,C53073,2026-02-16,4,Very satisfied with my purchase,Normal Operations
R892,C23285,2026-02-16,4,Easy checkout process,Normal Operations
R893,C70554,2026-02-16,4,Easy checkout process,Normal Operations
R894,C8000,2026-02-16,4,Easy checkout process,Normal Operations
R895,C25280,2026-02-16,5,Good quality product,Normal Operations
R896,C26202,2026-02-16,5,Good quality product,Normal Operations
R897,C56615,2026-02-16,4,Received order on time,Normal Operations
R898,C2840,2026-02-16,5,Excellent shopping experience,Normal Operations
R899,C13494,2026-02-16,4,Great product and fast delivery,Normal Operations
R900,C37052,2026-02-16,5,Very satisfied with my purchase,Normal Operations
R901,C13976,2026-02-16,5,Great product and fast delivery,Normal Operations
R902,C1432,2026-02-17,4,Received order on time,Normal Operations
R903,C9558,2026-02-17,4,Received order on time,Normal Operations
R904,C34743,2026-02-17,4,Received order on time,Normal Operations
R905,C50058,2026-02-17,5,Received order on time,Normal Operations
R906,C9834,2026-02-17,4,Will buy again from this store,Normal Operations
R907,C41801,2026-02-17,5,Great product and fast delivery,Normal Operations
R908,C95851,2026-02-17,5,Good quality product,Normal Operations
R909,C50027,2026-02-17,5,Received order on time,Normal Operations
R910,C17074,2026-02-17,4,Great product and fast delivery,Normal Operations
R911,C96895,2026-02-17,5,Great product and fast delivery,Normal Operations
R912,C7928,2026-02-17,4,Customer service was helpful,Normal Operations
R913,C77455,2026-02-17,5,Easy checkout process,Normal Operations
R914,C50602,2026-02-17,5,Will buy again from this store,Normal Operations
R915,C22670,2026-02-17,5,Excellent shopping experience,Normal Operations
R916,C28229,2026-02-17,5,Great product and fast delivery,Normal Operations
R917,C97240,2026-02-17,5,Easy checkout process,Normal Operations
R918,C87897,2026-02-17,5,Great product and fast delivery,Normal Operations
R919,C81913,2026-02-17,5,Good quality product,Normal Operations
R920,C7346,2026-02-17,4,Good quality product,Normal Operations
R921,C88554,2026-02-17,4,Good quality product,Normal Operations
R922,C19447,2026-02-17,5,Great product and fast delivery,Normal Operations
R923,C97853,2026-02-17,5,Great product and fast delivery,Normal Operations
R924,C23482,2026-02-17,5,Good quality product,Normal Operations
R925,C86545,2026-02-18,5,Customer service was helpful,Normal Operations
R926,C78022,2026-02-18,4,Excellent shopping experience,Normal Operations
R927,C13141,2026-02-18,5,Excellent shopping experience,Normal Operations
R928,C68674,2026-02-18,5,Good quality product,Normal Operations
R929,C96112,2026-02-18,5,Excellent shopping experience,Normal Operations
R930,C93270,2026-02-18,5,Easy checkout process,Normal Operations
R931,C90024,2026-02-18,4,Received order on time,Normal Operations
R932,C48778,2026-02-18,5,Very satisfied with my purchase,Normal Operations
R933,C10801,2026-02-18,4,Easy checkout process,Normal Operations
R934,C18709,2026-02-18,4,Will buy again from this store,Normal Operations
R935,C9284,2026-02-18,5,Received order on time,Normal Operations
R936,C5775,2026-02-18,5,Very satisfied with my purchase,Normal Operations
R937,C96335,2026-02-18,4,Will buy again from this store,Normal Operations
R938,C782,2026-02-18,4,Very satisfied with my purchase,Normal Operations
R939,C6824,2026-02-18,5,Easy checkout process,Normal Operations
R940,C29119,2026-02-18,5,Excellent shopping experience,Normal Operations
R941,C13566,2026-02-18,4,Excellent shopping experience,Normal Operations
R942,C23649,2026-02-18,5,Easy checkout process,Normal Operations
R943,C21254,2026-02-18,5,Excellent shopping experience,Normal Operations
R944,C88665,2026-02-18,5,Customer service was helpful,Normal Operations
R945,C32659,2026-02-18,4,Easy checkout process,Normal Operations
R946,C2552,2026-02-18,5,Good quality product,Normal Operations
R947,C51708,2026-02-18,5,Received order on time,Normal Operations
R948,C7240,2026-02-19,4,Received order on time,Normal Operations
R949,C40847,2026-02-19,5,Customer service was helpful,Normal Operations
R950,C79058,2026-02-19,5,Will buy again from this store,Normal Operations
R951,C85446,2026-02-19,5,Excellent shopping experience,Normal Operations
R952,C37712,2026-02-19,4,Received order on time,Normal Operations
R953,C283,2026-02-19,4,Easy checkout process,Normal Operations
R954,C6630,2026-02-19,4,Excellent shopping experience,Normal Operations
R955,C89088,2026-02-19,5,Great product and fast delivery,Normal Operations
R956,C17072,2026-02-19,5,Will buy again from this store,Normal Operations
R957,C39902,2026-02-19,4,Easy checkout process,Normal Operations
R958,C5907,2026-02-19,5,Very satisfied with my purchase,Normal Operations
R959,C63371,2026-02-19,4,Will buy again from this store,Normal Operations
R960,C54401,2026-02-19,4,Very satisfied with my purchase,Normal Operations
R961,C52757,2026-02-19,5,Customer service was helpful,Normal Operations
R962,C1284,2026-02-19,5,Very satisfied with my purchase,Normal Operations
R963,C26171,2026-02-19,5,Received order on time,Normal Operations
R964,C8005,2026-02-19,4,Customer service was helpful,Normal Operations
R965,C26820,2026-02-19,4,Great product and fast delivery,Normal Operations
R966,C24218,2026-02-19,5,Great product and fast delivery,Normal Operations
R967,C32995,2026-02-19,4,Very satisfied with my purchase,Normal Operations
R968,C49417,2026-02-19,4,Good quality product,Normal Operations
R969,C646,2026-02-19,5,Received order on time,Normal Operations
R970,C30091,2026-02-19,5,Easy checkout process,Normal Operations
R971,C18889,2026-02-20,5,Customer service was helpful,Normal Operations
R972,C46038,2026-02-20,4,Good quality product,Normal Operations
R973,C59166,2026-02-20,5,Easy checkout process,Normal Operations
R974,C85752,2026-02-20,4,Excellent shopping experience,Normal Operations
R975,C25557,2026-02-20,4,Excellent shopping experience,Normal Operations
R976,C45097,2026-02-20,4,Easy checkout process,Normal Operations
R977,C70970,2026-02-20,5,Easy checkout process,Normal Operations
R978,C76976,2026-02-20,5,Easy checkout process,Normal Operations
R979,C72517,2026-02-20,4,Will buy again from this store,Normal Operations
R980,C40719,2026-02-20,5,Received order on time,Normal Operations
R981,C58068,2026-02-20,5,Easy checkout process,Normal Operations
R982,C1090,2026-02-20,5,Good quality product,Normal Operations
R983,C156,2026-02-20,5,Easy checkout process,Normal Operations
R984,C38548,2026-02-20,4,Customer service was helpful,Normal Operations
R985,C36599,2026-02-20,5,Received order on time,Normal Operations
R986,C75331,2026-02-20,4,Customer service was helpful,Normal Operations
R987,C55078,2026-02-21,5,Excellent shopping experience,Normal Operations
R988,C71907,2026-02-21,4,Customer service was helpful,Normal Operations
R989,C8180,2026-02-21,4,Great product and fast delivery,Normal Operations
R990,C23953,2026-02-21,5,Very satisfied with my purchase,Normal Operations
R991,C50940,2026-02-21,5,Customer service was helpful,Normal Operations
R992,C50291,2026-02-21,5,Good quality product,Normal Operations
R993,C22747,2026-02-21,5,Great product and fast delivery,Normal Operations
R994,C83298,2026-02-21,4,Customer service was helpful,Normal Operations
R995,C65678,2026-02-21,4,Will buy again from this store,Normal Operations
R996,C15038,2026-02-21,4,Received order on time,Normal Operations
R997,C71679,2026-02-21,5,Easy checkout process,Normal Operations
R998,C8473,2026-02-21,5,Very satisfied with my purchase,Normal Operations
R999,C69786,2026-02-21,5,Will buy again from this store,Normal Operations
R1000,C18352,2026-02-21,4,Very satisfied with my purchase,Normal Operations
R1001,C15283,2026-02-21,4,Great product and fast delivery,Normal Operations
R1002,C24265,2026-02-21,5,Easy checkout process,Normal Operations
R1003,C48455,2026-02-21,4,Received order on time,Normal Operations
R1004,C11003,2026-02-21,5,Very satisfied with my purchase,Normal Operations
R1005,C52143,2026-02-22,4,Great product and fast delivery,Normal Operations
R1006,C50086,2026-02-22,4,Received order on time,Normal Operations
R1007,C31656,2026-02-22,5,Good quality product,Normal Operations
R1008,C59712,2026-02-22,4,Great product and fast delivery,Normal Operations
R1009,C46734,2026-02-22,5,Great product and fast delivery,Normal Operations
R1010,C11241,2026-02-22,4,Easy checkout process,Normal Operations
R1011,C98345,2026-02-22,5,Easy checkout process,Normal Operations
R1012,C50140,2026-02-22,4,Received order on time,Normal Operations
R1013,C89710,2026-02-22,5,Will buy again from this store,Normal Operations
R1014,C70911,2026-02-22,5,Very satisfied with my purchase,Normal Operations
R1015,C74814,2026-02-22,5,Customer service was helpful,Normal Operations
R1016,C59660,2026-02-22,4,Great product and fast delivery,Normal Operations
R1017,C29166,2026-02-22,4,Easy checkout process,Normal Operations
R1018,C49813,2026-02-22,5,Excellent shopping experience,Normal Operations
R1019,C44901,2026-02-22,4,Good quality product,Normal Operations
R1020,C72693,2026-02-22,5,Easy checkout process,Normal Operations
R1021,C96137,2026-02-22,5,Good quality product,Normal Operations
R1022,C86498,2026-02-22,5,Received order on time,Normal Operations
R1023,C89389,2026-02-22,5,Will buy again from this store,Normal Operations
R1024,C92492,2026-02-22,5,Customer service was helpful,Normal Operations
R1025,C64047,2026-02-22,5,Very satisfied with my purchase,Normal Operations
R1026,C88669,2026-02-23,5,Easy checkout process,Normal Operations
R1027,C89907,2026-02-23,5,Very satisfied with my purchase,Normal Operations
R1028,C78003,2026-02-23,5,Very satisfied with my purchase,Normal Operations
R1029,C43356,2026-02-23,5,Received order on time,Normal Operations
R1030,C30796,2026-02-23,4,Received order on time,Normal Operations
R1031,C46572,2026-02-23,5,Good quality product,Normal Operations
R1032,C11191,2026-02-23,4,Excellent shopping experience,Normal Operations
R1033,C42071,2026-02-23,5,Great product and fast delivery,Normal Operations
R1034,C93906,2026-02-23,4,Very satisfied with my purchase,Normal Operations
R1035,C28934,2026-02-23,4,Great product and fast delivery,Normal Operations
R1036,C85372,2026-02-23,5,Excellent shopping experience,Normal Operations
R1037,C75869,2026-02-23,5,Excellent shopping experience,Normal Operations
R1038,C95656,2026-02-23,5,Good quality product,Normal Operations
R1039,C56045,2026-02-23,5,Very satisfied with my purchase,Normal Operations
R1040,C6797,2026-02-23,4,Received order on time,Normal Operations
R1041,C17710,2026-02-23,4,Good quality product,Normal Operations
R1042,C37419,2026-02-23,4,Great product and fast delivery,Normal Operations
R1043,C96039,2026-02-23,4,Received order on time,Normal Operations
R1044,C17088,2026-02-23,5,Good quality product,Normal Operations
R1045,C65334,2026-02-23,4,Very satisfied with my purchase,Normal Operations
R1046,C5464,2026-02-23,4,Very satisfied with my purchase,Normal Operations
R1047,C33624,2026-02-23,4,Good quality product,Normal Operations
R1048,C49335,2026-02-23,4,Good quality product,Normal Operations
R1049,C80651,2026-02-24,5,Customer service was helpful,Normal Operations
R1050,C83277,2026-02-24,5,Very satisfied with my purchase,Normal Operations
R1051,C61441,2026-02-24,4,Customer service was helpful,Normal Operations
R1052,C44364,2026-02-24,5,Will buy again from this store,Normal Operations
R1053,C55285,2026-02-24,5,Will buy again from this store,Normal Operations
R1054,C68848,2026-02-24,5,Good quality product,Normal Operations
R1055,C55399,2026-02-24,5,Great product and fast delivery,Normal Operations
R1056,C37384,2026-02-24,5,Received order on time,Normal Operations
R1057,C79191,2026-02-24,5,Great product and fast delivery,Normal Operations
R1058,C66263,2026-02-24,4,Very satisfied with my purchase,Normal Operations
R1059,C23378,2026-02-24,5,Great product and fast delivery,Normal Operations
R1060,C82910,2026-02-24,4,Excellent shopping experience,Normal Operations
R1061,C16978,2026-02-24,5,Great product and fast delivery,Normal Operations
R1062,C10652,2026-02-24,4,Good quality product,Normal Operations
R1063,C16716,2026-02-24,5,Will buy again from this store,Normal Operations
R1064,C14377,2026-02-24,4,Excellent shopping experience,Normal Operations
R1065,C36637,2026-02-24,5,Customer service was helpful,Normal Operations
R1066,C34611,2026-02-24,5,Great product and fast delivery,Normal Operations
R1067,C74638,2026-02-24,5,Easy checkout process,Normal Operations
R1068,C64201,2026-02-24,4,Excellent shopping experience,Normal Operations
R1069,C17155,2026-02-24,4,Great product and fast delivery,Normal Operations
R1070,C62069,2026-02-24,5,Received order on time,Normal Operations
R1071,C33155,2026-02-24,5,Excellent shopping experience,Normal Operations
R1072,C28670,2026-02-25,4,Excellent shopping experience,Normal Operations
R1073,C34625,2026-02-25,4,Received order on time,Normal Operations
R1074,C31706,2026-02-25,5,Customer service was helpful,Normal Operations
R1075,C77873,2026-02-25,4,Good quality product,Normal Operations
R1076,C72983,2026-02-25,4,Customer service was helpful,Normal Operations
R1077,C10517,2026-02-25,5,Will buy again from this store,Normal Operations
R1078,C36269,2026-02-25,5,Very satisfied with my purchase,Normal Operations
R1079,C75750,2026-02-25,5,Customer service was helpful,Normal Operations
R1080,C93548,2026-02-25,5,Excellent shopping experience,Normal Operations
R1081,C84163,2026-02-25,4,Excellent shopping experience,Normal Operations
R1082,C54313,2026-02-25,5,Received order on time,Normal Operations
R1083,C15435,2026-02-25,4,Customer service was helpful,Normal Operations
R1084,C66678,2026-02-25,4,Will buy again from this store,Normal Operations
R1085,C45735,2026-02-25,4,Received order on time,Normal Operations
R1086,C76709,2026-02-25,4,Excellent shopping experience,Normal Operations
R1087,C91704,2026-02-25,4,Customer service was helpful,Normal Operations
R1088,C44180,2026-02-25,4,Great product and fast delivery,Normal Operations
R1089,C40380,2026-02-25,4,Easy checkout process,Normal Operations
R1090,C44015,2026-02-25,5,Excellent shopping experience,Normal Operations
R1091,C47499,2026-02-25,5,Customer service was helpful,Normal Operations
R1092,C8768,2026-02-25,4,Great product and fast delivery,Normal Operations
R1093,C77488,2026-02-25,5,Good quality product,Normal Operations
R1094,C95041,2026-02-26,5,Will buy again from this store,Normal Operations
R1095,C83821,2026-02-26,5,Customer service was helpful,Normal Operations
R1096,C42360,2026-02-26,5,Excellent shopping experience,Normal Operations
R1097,C70189,2026-02-26,5,Will buy again from this store,Normal Operations
R1098,C7598,2026-02-26,4,Received order on time,Normal Operations
R1099,C91370,2026-02-26,5,Very satisfied with my purchase,Normal Operations
R1100,C79675,2026-02-26,4,Easy checkout process,Normal Operations
R1101,C53162,2026-02-26,5,Good quality product,Normal Operations
R1102,C22053,2026-02-26,5,Good quality product,Normal Operations
R1103,C31779,2026-02-26,4,Excellent shopping experience,Normal Operations
R1104,C66322,2026-02-26,5,Customer service was helpful,Normal Operations
R1105,C25373,2026-02-26,5,Received order on time,Normal Operations
R1106,C14974,2026-02-26,5,Good quality product,Normal Operations
R1107,C36576,2026-02-26,4,Received order on time,Normal Operations
R1108,C27717,2026-02-26,5,Will buy again from this store,Normal Operations
R1109,C1933,2026-02-26,5,Good quality product,Normal Operations
R1110,C86837,2026-02-26,4,Excellent shopping experience,Normal Operations
R1111,C64387,2026-02-26,5,Easy checkout process,Normal Operations
R1112,C56883,2026-02-27,4,Excellent shopping experience,Normal Operations
R1113,C43950,2026-02-27,4,Excellent shopping experience,Normal Operations
R1114,C74028,2026-02-27,4,Customer service was helpful,Normal Operations
R1115,C75251,2026-02-27,5,Easy checkout process,Normal Operations
R1116,C25880,2026-02-27,5,Great product and fast delivery,Normal Operations
R1117,C58479,2026-02-27,5,Good quality product,Normal Operations
R1118,C63923,2026-02-27,5,Excellent shopping experience,Normal Operations
R1119,C20220,2026-02-27,5,Good quality product,Normal Operations
R1120,C46841,2026-02-27,5,Excellent shopping experience,Normal Operations
R1121,C77989,2026-02-27,5,Will buy again from this store,Normal Operations
R1122,C1308,2026-02-27,4,Customer service was helpful,Normal Operations
R1123,C92022,2026-02-27,5,Good quality product,Normal Operations
R1124,C1141,2026-02-27,4,Easy checkout process,Normal Operations
R1125,C1709,2026-02-27,5,Excellent shopping experience,Normal Operations
R1126,C28309,2026-02-27,5,Customer service was helpful,Normal Operations
R1127,C16860,2026-02-27,5,Very satisfied with my purchase,Normal Operations
R1128,C46100,2026-02-27,5,Good quality product,Normal Operations
R1129,C48652,2026-02-27,5,Great product and fast delivery,Normal Operations
R1130,C60012,2026-02-27,4,Very satisfied with my purchase,Normal Operations
R1131,C78406,2026-02-27,5,Received order on time,Normal Operations
R1132,C72806,2026-02-27,4,Customer service was helpful,Normal Operations
R1133,C79064,2026-02-27,4,Easy checkout process,Normal Operations
R1134,C62155,2026-02-27,4,Customer service was helpful,Normal Operations
R1135,C36594,2026-02-27,5,Will buy again from this store,Normal Operations
R1136,C69339,2026-02-28,5,Easy checkout process,Normal Operations
R1137,C22191,2026-02-28,5,Excellent shopping experience,Normal Operations
R1138,C41863,2026-02-28,5,Customer service was helpful,Normal Operations
R1139,C48457,2026-02-28,5,Good quality product,Normal Operations
R1140,C8017,2026-02-28,5,Will buy again from this store,Normal Operations
R1141,C80019,2026-02-28,5,Great product and fast delivery,Normal Operations
R1142,C68027,2026-02-28,5,Customer service was helpful,Normal Operations
R1143,C24046,2026-02-28,5,Good quality product,Normal Operations
R1144,C51920,2026-02-28,5,Good quality product,Normal Operations
R1145,C36189,2026-02-28,5,Excellent shopping experience,Normal Operations
R1146,C19338,2026-02-28,5,Very satisfied with my purchase,Normal Operations
R1147,C277,2026-02-28,5,Excellent shopping experience,Normal Operations
R1148,C11945,2026-02-28,5,Will buy again from this store,Normal Operations
R1149,C58654,2026-02-28,5,Will buy again from this store,Normal Operations
R1150,C27811,2026-02-28,5,Great product and fast delivery,Normal Operations
R1151,C11591,2026-03-01,2,Could not complete my purchase,Payment Gateway Upgrade
R1152,C66625,2026-03-01,1,Unable to place order after payment,Payment Gateway Upgrade
R1153,C86157,2026-03-01,2,Card was charged but order failed,Payment Gateway Upgrade
R1154,C41161,2026-03-01,2,Transaction failed repeatedly,Payment Gateway Upgrade
R1155,C75970,2026-03-01,2,Payment keeps failing during checkout,Payment Gateway Upgrade
R1156,C48512,2026-03-01,2,Payment keeps failing during checkout,Payment Gateway Upgrade
R1157,C1382,2026-03-01,1,Card was charged but order failed,Payment Gateway Upgrade
R1158,C24323,2026-03-01,1,Checkout page froze multiple times,Payment Gateway Upgrade
R1159,C10208,2026-03-01,2,Unable to place order after payment,Payment Gateway Upgrade
R1160,C84051,2026-03-01,1,Could not complete my purchase,Payment Gateway Upgrade
R1161,C70722,2026-03-01,2,Checkout page froze multiple times,Payment Gateway Upgrade
R1162,C89834,2026-03-01,1,Payment keeps failing during checkout,Payment Gateway Upgrade
R1163,C46093,2026-03-01,2,Card was charged but order failed,Payment Gateway Upgrade
R1164,C68488,2026-03-01,2,Card was charged but order failed,Payment Gateway Upgrade
R1165,C58395,2026-03-01,1,Unable to place order after payment,Payment Gateway Upgrade
R1166,C28455,2026-03-01,1,Unable to place order after payment,Payment Gateway Upgrade
R1167,C22174,2026-03-01,1,Payment keeps failing during checkout,Payment Gateway Upgrade
R1168,C61203,2026-03-01,1,Transaction failed repeatedly,Payment Gateway Upgrade
R1169,C30751,2026-03-01,2,Payment keeps failing during checkout,Payment Gateway Upgrade
R1170,C88608,2026-03-01,2,Payment keeps failing during checkout,Payment Gateway Upgrade
R1171,C89572,2026-03-01,1,Unable to place order after payment,Payment Gateway Upgrade
R1172,C160,2026-03-01,1,Unable to place order after payment,Payment Gateway Upgrade
R1173,C16238,2026-03-01,1,Could not complete my purchase,Payment Gateway Upgrade
R1174,C97103,2026-03-01,1,Card was charged but order failed,Payment Gateway Upgrade
R1175,C84228,2026-03-01,1,Unable to place order after payment,Payment Gateway Upgrade
R1176,C56072,2026-03-01,2,Transaction failed repeatedly,Payment Gateway Upgrade
R1177,C12238,2026-03-01,1,Could not complete my purchase,Payment Gateway Upgrade
R1178,C45410,2026-03-01,1,Could not complete my purchase,Payment Gateway Upgrade
R1179,C48689,2026-03-01,1,Checkout page froze multiple times,Payment Gateway Upgrade
R1180,C89082,2026-03-01,1,Payment keeps failing during checkout,Payment Gateway Upgrade
R1181,C68704,2026-03-01,1,Transaction failed repeatedly,Payment Gateway Upgrade
R1182,C27991,2026-03-01,2,Unable to place order after payment,Payment Gateway Upgrade
R1183,C35206,2026-03-01,1,Could not complete my purchase,Payment Gateway Upgrade
R1184,C55104,2026-03-01,2,Transaction failed repeatedly,Payment Gateway Upgrade
R1185,C19009,2026-03-01,2,Transaction failed repeatedly,Payment Gateway Upgrade
R1186,C5794,2026-03-01,1,Checkout page froze multiple times,Payment Gateway Upgrade
R1187,C16210,2026-03-01,1,Card was charged but order failed,Payment Gateway Upgrade
R1188,C2225,2026-03-01,1,Checkout page froze multiple times,Payment Gateway Upgrade
R1189,C32442,2026-03-01,1,Unable to place order after payment,Payment Gateway Upgrade
R1190,C92123,2026-03-01,1,Could not complete my purchase,Payment Gateway Upgrade
R1191,C71855,2026-03-01,2,Payment keeps failing during checkout,Payment Gateway Upgrade
R1192,C15373,2026-03-01,2,Transaction failed repeatedly,Payment Gateway Upgrade
R1193,C89964,2026-03-01,2,Transaction failed repeatedly,Payment Gateway Upgrade
R1194,C54041,2026-03-01,2,Checkout page froze multiple times,Payment Gateway Upgrade
R1195,C16212,2026-03-01,1,Unable to place order after payment,Payment Gateway Upgrade
R1196,C66853,2026-03-01,1,Checkout page froze multiple times,Payment Gateway Upgrade
R1197,C22006,2026-03-01,1,Could not complete my purchase,Payment Gateway Upgrade
R1198,C66915,2026-03-01,2,Card was charged but order failed,Payment Gateway Upgrade
R1199,C5356,2026-03-01,1,Could not complete my purchase,Payment Gateway Upgrade
R1200,C85993,2026-03-01,1,Payment keeps failing during checkout,Payment Gateway Upgrade
R1201,C24973,2026-03-01,1,Transaction failed repeatedly,Payment Gateway Upgrade
R1202,C81424,2026-03-01,2,Card was charged but order failed,Payment Gateway Upgrade
R1203,C34774,2026-03-02,1,Unable to place order after payment,Payment Gateway Upgrade
R1204,C83693,2026-03-02,2,Payment keeps failing during checkout,Payment Gateway Upgrade
R1205,C90888,2026-03-02,1,Could not complete my purchase,Payment Gateway Upgrade
R1206,C62492,2026-03-02,2,Card was charged but order failed,Payment Gateway Upgrade
R1207,C85141,2026-03-02,1,Unable to place order after payment,Payment Gateway Upgrade
R1208,C54337,2026-03-02,2,Card was charged but order failed,Payment Gateway Upgrade
R1209,C33003,2026-03-02,1,Card was charged but order failed,Payment Gateway Upgrade
R1210,C26673,2026-03-02,1,Checkout page froze multiple times,Payment Gateway Upgrade
R1211,C55861,2026-03-02,2,Unable to place order after payment,Payment Gateway Upgrade
R1212,C61998,2026-03-02,1,Card was charged but order failed,Payment Gateway Upgrade
R1213,C18200,2026-03-02,1,Transaction failed repeatedly,Payment Gateway Upgrade
R1214,C39780,2026-03-02,1,Could not complete my purchase,Payment Gateway Upgrade
R1215,C24473,2026-03-02,1,Unable to place order after payment,Payment Gateway Upgrade
R1216,C36022,2026-03-02,1,Checkout page froze multiple times,Payment Gateway Upgrade
R1217,C61611,2026-03-02,1,Card was charged but order failed,Payment Gateway Upgrade
R1218,C85180,2026-03-02,2,Payment keeps failing during checkout,Payment Gateway Upgrade
R1219,C20308,2026-03-02,1,Could not complete my purchase,Payment Gateway Upgrade
R1220,C76241,2026-03-02,1,Card was charged but order failed,Payment Gateway Upgrade
R1221,C3867,2026-03-02,2,Card was charged but order failed,Payment Gateway Upgrade
R1222,C71355,2026-03-02,1,Unable to place order after payment,Payment Gateway Upgrade
R1223,C30117,2026-03-02,1,Unable to place order after payment,Payment Gateway Upgrade
R1224,C30432,2026-03-02,1,Unable to place order after payment,Payment Gateway Upgrade
R1225,C55351,2026-03-02,1,Transaction failed repeatedly,Payment Gateway Upgrade
R1226,C61241,2026-03-02,1,Could not complete my purchase,Payment Gateway Upgrade
R1227,C33488,2026-03-02,1,Unable to place order after payment,Payment Gateway Upgrade
R1228,C50125,2026-03-02,1,Checkout page froze multiple times,Payment Gateway Upgrade
R1229,C20937,2026-03-02,2,Card was charged but order failed,Payment Gateway Upgrade
R1230,C27607,2026-03-02,2,Checkout page froze multiple times,Payment Gateway Upgrade
R1231,C11309,2026-03-02,1,Payment keeps failing during checkout,Payment Gateway Upgrade
R1232,C45672,2026-03-02,1,Unable to place order after payment,Payment Gateway Upgrade
R1233,C2205,2026-03-02,2,Checkout page froze multiple times,Payment Gateway Upgrade
R1234,C52429,2026-03-02,1,Could not complete my purchase,Payment Gateway Upgrade
R1235,C58586,2026-03-02,1,Card was charged but order failed,Payment Gateway Upgrade
R1236,C24969,2026-03-02,2,Card was charged but order failed,Payment Gateway Upgrade
R1237,C74708,2026-03-02,1,Transaction failed repeatedly,Payment Gateway Upgrade
R1238,C61216,2026-03-02,1,Could not complete my purchase,Payment Gateway Upgrade
R1239,C38459,2026-03-02,2,Card was charged but order failed,Payment Gateway Upgrade
R1240,C77241,2026-03-02,1,Could not complete my purchase,Payment Gateway Upgrade
R1241,C96763,2026-03-02,2,Could not complete my purchase,Payment Gateway Upgrade
R1242,C55752,2026-03-02,1,Transaction failed repeatedly,Payment Gateway Upgrade
R1243,C74219,2026-03-02,1,Card was charged but order failed,Payment Gateway Upgrade
R1244,C23092,2026-03-02,1,Payment keeps failing during checkout,Payment Gateway Upgrade
R1245,C75452,2026-03-02,1,Unable to place order after payment,Payment Gateway Upgrade
R1246,C11034,2026-03-03,1,Payment keeps failing during checkout,Payment Gateway Upgrade
R1247,C5940,2026-03-03,2,Payment keeps failing during checkout,Payment Gateway Upgrade
R1248,C76722,2026-03-03,1,Payment keeps failing during checkout,Payment Gateway Upgrade
R1249,C47119,2026-03-03,1,Unable to place order after payment,Payment Gateway Upgrade
R1250,C27077,2026-03-03,2,Transaction failed repeatedly,Payment Gateway Upgrade
R1251,C84566,2026-03-03,1,Unable to place order after payment,Payment Gateway Upgrade
R1252,C31434,2026-03-03,1,Unable to place order after payment,Payment Gateway Upgrade
R1253,C67294,2026-03-03,1,Unable to place order after payment,Payment Gateway Upgrade
R1254,C66653,2026-03-03,1,Checkout page froze multiple times,Payment Gateway Upgrade
R1255,C8812,2026-03-03,2,Card was charged but order failed,Payment Gateway Upgrade
R1256,C72011,2026-03-03,1,Payment keeps failing during checkout,Payment Gateway Upgrade
R1257,C54111,2026-03-03,1,Transaction failed repeatedly,Payment Gateway Upgrade
R1258,C28329,2026-03-03,1,Card was charged but order failed,Payment Gateway Upgrade
R1259,C31280,2026-03-03,2,Card was charged but order failed,Payment Gateway Upgrade
R1260,C89081,2026-03-03,2,Checkout page froze multiple times,Payment Gateway Upgrade
R1261,C63065,2026-03-03,1,Card was charged but order failed,Payment Gateway Upgrade
R1262,C96567,2026-03-03,1,Could not complete my purchase,Payment Gateway Upgrade
R1263,C30874,2026-03-03,1,Unable to place order after payment,Payment Gateway Upgrade
R1264,C99187,2026-03-03,1,Unable to place order after payment,Payment Gateway Upgrade
R1265,C28002,2026-03-03,2,Transaction failed repeatedly,Payment Gateway Upgrade
R1266,C24821,2026-03-03,2,Payment keeps failing during checkout,Payment Gateway Upgrade
R1267,C8712,2026-03-03,2,Could not complete my purchase,Payment Gateway Upgrade
R1268,C76254,2026-03-03,2,Transaction failed repeatedly,Payment Gateway Upgrade
R1269,C88897,2026-03-03,1,Card was charged but order failed,Payment Gateway Upgrade
R1270,C45243,2026-03-03,1,Checkout page froze multiple times,Payment Gateway Upgrade
R1271,C87894,2026-03-03,1,Card was charged but order failed,Payment Gateway Upgrade
R1272,C77961,2026-03-03,1,Transaction failed repeatedly,Payment Gateway Upgrade
R1273,C18021,2026-03-03,1,Transaction failed repeatedly,Payment Gateway Upgrade
R1274,C36778,2026-03-03,2,Card was charged but order failed,Payment Gateway Upgrade
R1275,C18602,2026-03-03,1,Checkout page froze multiple times,Payment Gateway Upgrade
R1276,C20023,2026-03-03,1,Card was charged but order failed,Payment Gateway Upgrade
R1277,C81051,2026-03-03,1,Checkout page froze multiple times,Payment Gateway Upgrade
R1278,C85868,2026-03-03,1,Payment keeps failing during checkout,Payment Gateway Upgrade
R1279,C68324,2026-03-03,1,Transaction failed repeatedly,Payment Gateway Upgrade
R1280,C19703,2026-03-03,1,Payment keeps failing during checkout,Payment Gateway Upgrade
R1281,C67713,2026-03-03,2,Checkout page froze multiple times,Payment Gateway Upgrade
R1282,C85745,2026-03-03,2,Payment keeps failing during checkout,Payment Gateway Upgrade
R1283,C98933,2026-03-03,1,Checkout page froze multiple times,Payment Gateway Upgrade
R1284,C3697,2026-03-03,2,Unable to place order after payment,Payment Gateway Upgrade
R1285,C53522,2026-03-03,1,Checkout page froze multiple times,Payment Gateway Upgrade
R1286,C75732,2026-03-03,1,Transaction failed repeatedly,Payment Gateway Upgrade
R1287,C63812,2026-03-03,1,Transaction failed repeatedly,Payment Gateway Upgrade
R1288,C15418,2026-03-03,1,Payment keeps failing during checkout,Payment Gateway Upgrade
R1289,C98135,2026-03-03,2,Could not complete my purchase,Payment Gateway Upgrade
R1290,C9257,2026-03-03,2,Could not complete my purchase,Payment Gateway Upgrade
R1291,C91329,2026-03-03,1,Payment keeps failing during checkout,Payment Gateway Upgrade
R1292,C64504,2026-03-03,1,Payment keeps failing during checkout,Payment Gateway Upgrade
R1293,C63044,2026-03-03,1,Transaction failed repeatedly,Payment Gateway Upgrade
R1294,C2872,2026-03-03,2,Transaction failed repeatedly,Payment Gateway Upgrade
R1295,C66669,2026-03-04,2,Card was charged but order failed,Payment Gateway Upgrade
R1296,C42999,2026-03-04,1,Card was charged but order failed,Payment Gateway Upgrade
R1297,C61845,2026-03-04,2,Could not complete my purchase,Payment Gateway Upgrade
R1298,C74602,2026-03-04,2,Unable to place order after payment,Payment Gateway Upgrade
R1299,C20701,2026-03-04,1,Card was charged but order failed,Payment Gateway Upgrade
R1300,C94320,2026-03-04,1,Payment keeps failing during checkout,Payment Gateway Upgrade
R1301,C93689,2026-03-04,1,Unable to place order after payment,Payment Gateway Upgrade
R1302,C82191,2026-03-04,1,Checkout page froze multiple times,Payment Gateway Upgrade
R1303,C80579,2026-03-04,1,Checkout page froze multiple times,Payment Gateway Upgrade
R1304,C30909,2026-03-04,2,Checkout page froze multiple times,Payment Gateway Upgrade
R1305,C19992,2026-03-04,1,Card was charged but order failed,Payment Gateway Upgrade
R1306,C16674,2026-03-04,2,Could not complete my purchase,Payment Gateway Upgrade
R1307,C7416,2026-03-04,1,Payment keeps failing during checkout,Payment Gateway Upgrade
R1308,C16965,2026-03-04,1,Card was charged but order failed,Payment Gateway Upgrade
R1309,C37545,2026-03-04,1,Unable to place order after payment,Payment Gateway Upgrade
R1310,C90812,2026-03-04,1,Payment keeps failing during checkout,Payment Gateway Upgrade
R1311,C61241,2026-03-04,1,Unable to place order after payment,Payment Gateway Upgrade
R1312,C85077,2026-03-04,1,Could not complete my purchase,Payment Gateway Upgrade
R1313,C57728,2026-03-04,1,Transaction failed repeatedly,Payment Gateway Upgrade
R1314,C75716,2026-03-04,1,Checkout page froze multiple times,Payment Gateway Upgrade
R1315,C20467,2026-03-04,1,Card was charged but order failed,Payment Gateway Upgrade
R1316,C26565,2026-03-04,2,Card was charged but order failed,Payment Gateway Upgrade
R1317,C57650,2026-03-04,1,Transaction failed repeatedly,Payment Gateway Upgrade
R1318,C23065,2026-03-04,1,Unable to place order after payment,Payment Gateway Upgrade
R1319,C89273,2026-03-04,1,Checkout page froze multiple times,Payment Gateway Upgrade
R1320,C7215,2026-03-04,1,Unable to place order after payment,Payment Gateway Upgrade
R1321,C27128,2026-03-04,1,Unable to place order after payment,Payment Gateway Upgrade
R1322,C2709,2026-03-04,1,Unable to place order after payment,Payment Gateway Upgrade
R1323,C45047,2026-03-04,1,Payment keeps failing during checkout,Payment Gateway Upgrade
R1324,C30882,2026-03-04,2,Could not complete my purchase,Payment Gateway Upgrade
R1325,C52875,2026-03-04,1,Unable to place order after payment,Payment Gateway Upgrade
R1326,C68369,2026-03-04,1,Could not complete my purchase,Payment Gateway Upgrade
R1327,C78959,2026-03-04,2,Card was charged but order failed,Payment Gateway Upgrade
R1328,C11109,2026-03-04,1,Payment keeps failing during checkout,Payment Gateway Upgrade
R1329,C42713,2026-03-04,2,Unable to place order after payment,Payment Gateway Upgrade
R1330,C10729,2026-03-04,1,Checkout page froze multiple times,Payment Gateway Upgrade
R1331,C7264,2026-03-04,1,Could not complete my purchase,Payment Gateway Upgrade
R1332,C13690,2026-03-05,1,Payment keeps failing during checkout,Payment Gateway Upgrade
R1333,C19874,2026-03-05,2,Transaction failed repeatedly,Payment Gateway Upgrade
R1334,C84041,2026-03-05,1,Checkout page froze multiple times,Payment Gateway Upgrade
R1335,C66900,2026-03-05,1,Transaction failed repeatedly,Payment Gateway Upgrade
R1336,C36177,2026-03-05,1,Card was charged but order failed,Payment Gateway Upgrade
R1337,C175,2026-03-05,2,Payment keeps failing during checkout,Payment Gateway Upgrade
R1338,C53313,2026-03-05,2,Transaction failed repeatedly,Payment Gateway Upgrade
R1339,C44815,2026-03-05,1,Payment keeps failing during checkout,Payment Gateway Upgrade
R1340,C33920,2026-03-05,2,Card was charged but order failed,Payment Gateway Upgrade
R1341,C70483,2026-03-05,1,Card was charged but order failed,Payment Gateway Upgrade
R1342,C18920,2026-03-05,2,Checkout page froze multiple times,Payment Gateway Upgrade
R1343,C50446,2026-03-05,2,Unable to place order after payment,Payment Gateway Upgrade
R1344,C79748,2026-03-05,1,Could not complete my purchase,Payment Gateway Upgrade
R1345,C70534,2026-03-05,1,Checkout page froze multiple times,Payment Gateway Upgrade
R1346,C10579,2026-03-05,1,Payment keeps failing during checkout,Payment Gateway Upgrade
R1347,C39195,2026-03-05,1,Transaction failed repeatedly,Payment Gateway Upgrade
R1348,C67392,2026-03-05,1,Unable to place order after payment,Payment Gateway Upgrade
R1349,C35532,2026-03-05,1,Unable to place order after payment,Payment Gateway Upgrade
R1350,C56409,2026-03-05,2,Checkout page froze multiple times,Payment Gateway Upgrade
R1351,C27799,2026-03-05,1,Card was charged but order failed,Payment Gateway Upgrade
R1352,C17267,2026-03-05,2,Could not complete my purchase,Payment Gateway Upgrade
R1353,C43527,2026-03-05,2,Payment keeps failing during checkout,Payment Gateway Upgrade
R1354,C11890,2026-03-05,1,Unable to place order after payment,Payment Gateway Upgrade
R1355,C53748,2026-03-05,1,Checkout page froze multiple times,Payment Gateway Upgrade
R1356,C87052,2026-03-05,1,Card was charged but order failed,Payment Gateway Upgrade
R1357,C92037,2026-03-05,1,Unable to place order after payment,Payment Gateway Upgrade
R1358,C19553,2026-03-05,1,Checkout page froze multiple times,Payment Gateway Upgrade
R1359,C72526,2026-03-05,2,Transaction failed repeatedly,Payment Gateway Upgrade
R1360,C31803,2026-03-05,1,Transaction failed repeatedly,Payment Gateway Upgrade
R1361,C81939,2026-03-05,1,Payment keeps failing during checkout,Payment Gateway Upgrade
R1362,C26050,2026-03-05,1,Unable to place order after payment,Payment Gateway Upgrade
R1363,C90564,2026-03-05,1,Unable to place order after payment,Payment Gateway Upgrade
R1364,C3766,2026-03-05,1,Payment keeps failing during checkout,Payment Gateway Upgrade
R1365,C90240,2026-03-05,2,Unable to place order after payment,Payment Gateway Upgrade
R1366,C22932,2026-03-05,1,Unable to place order after payment,Payment Gateway Upgrade
R1367,C80703,2026-03-05,1,Transaction failed repeatedly,Payment Gateway Upgrade
R1368,C25992,2026-03-05,2,Could not complete my purchase,Payment Gateway Upgrade
R1369,C98506,2026-03-05,1,Could not complete my purchase,Payment Gateway Upgrade
R1370,C95557,2026-03-05,1,Payment keeps failing during checkout,Payment Gateway Upgrade
R1371,C1989,2026-03-05,1,Card was charged but order failed,Payment Gateway Upgrade
R1372,C87729,2026-03-06,1,Payment keeps failing during checkout,Payment Gateway Upgrade
R1373,C59779,2026-03-06,1,Card was charged but order failed,Payment Gateway Upgrade
R1374,C79651,2026-03-06,1,Could not complete my purchase,Payment Gateway Upgrade
R1375,C76362,2026-03-06,1,Could not complete my purchase,Payment Gateway Upgrade
R1376,C97719,2026-03-06,2,Unable to place order after payment,Payment Gateway Upgrade
R1377,C30950,2026-03-06,1,Checkout page froze multiple times,Payment Gateway Upgrade
R1378,C64620,2026-03-06,1,Card was charged but order failed,Payment Gateway Upgrade
R1379,C26991,2026-03-06,1,Checkout page froze multiple times,Payment Gateway Upgrade
R1380,C19234,2026-03-06,1,Could not complete my purchase,Payment Gateway Upgrade
R1381,C34511,2026-03-06,2,Unable to place order after payment,Payment Gateway Upgrade
R1382,C94768,2026-03-06,1,Checkout page froze multiple times,Payment Gateway Upgrade
R1383,C36964,2026-03-06,1,Unable to place order after payment,Payment Gateway Upgrade
R1384,C29085,2026-03-06,1,Checkout page froze multiple times,Payment Gateway Upgrade
R1385,C42138,2026-03-06,2,Card was charged but order failed,Payment Gateway Upgrade
R1386,C15439,2026-03-06,1,Payment keeps failing during checkout,Payment Gateway Upgrade
R1387,C99576,2026-03-06,2,Checkout page froze multiple times,Payment Gateway Upgrade
R1388,C84382,2026-03-06,1,Unable to place order after payment,Payment Gateway Upgrade
R1389,C62913,2026-03-06,1,Payment keeps failing during checkout,Payment Gateway Upgrade
R1390,C78855,2026-03-06,1,Payment keeps failing during checkout,Payment Gateway Upgrade
R1391,C65619,2026-03-06,1,Payment keeps failing during checkout,Payment Gateway Upgrade
R1392,C76873,2026-03-06,1,Payment keeps failing during checkout,Payment Gateway Upgrade
R1393,C24352,2026-03-06,1,Transaction failed repeatedly,Payment Gateway Upgrade
R1394,C82290,2026-03-06,2,Unable to place order after payment,Payment Gateway Upgrade
R1395,C19875,2026-03-06,1,Checkout page froze multiple times,Payment Gateway Upgrade
R1396,C94575,2026-03-06,2,Card was charged but order failed,Payment Gateway Upgrade
R1397,C90010,2026-03-06,1,Card was charged but order failed,Payment Gateway Upgrade
R1398,C44817,2026-03-06,1,Checkout page froze multiple times,Payment Gateway Upgrade
R1399,C75946,2026-03-06,1,Checkout page froze multiple times,Payment Gateway Upgrade
R1400,C93864,2026-03-06,2,Could not complete my purchase,Payment Gateway Upgrade
R1401,C1135,2026-03-06,2,Payment keeps failing during checkout,Payment Gateway Upgrade
R1402,C60129,2026-03-06,1,Card was charged but order failed,Payment Gateway Upgrade
R1403,C5040,2026-03-06,1,Payment keeps failing during checkout,Payment Gateway Upgrade
R1404,C73789,2026-03-06,1,Could not complete my purchase,Payment Gateway Upgrade
R1405,C50490,2026-03-06,2,Could not complete my purchase,Payment Gateway Upgrade
R1406,C12626,2026-03-06,1,Payment keeps failing during checkout,Payment Gateway Upgrade
R1407,C91786,2026-03-06,2,Unable to place order after payment,Payment Gateway Upgrade
R1408,C69907,2026-03-06,2,Could not complete my purchase,Payment Gateway Upgrade
R1409,C14925,2026-03-06,2,Card was charged but order failed,Payment Gateway Upgrade
R1410,C870,2026-03-06,1,Unable to place order after payment,Payment Gateway Upgrade
R1411,C82523,2026-03-06,1,Payment keeps failing during checkout,Payment Gateway Upgrade
R1412,C90606,2026-03-06,1,Unable to place order after payment,Payment Gateway Upgrade
R1413,C43517,2026-03-06,1,Could not complete my purchase,Payment Gateway Upgrade
R1414,C82215,2026-03-06,2,Unable to place order after payment,Payment Gateway Upgrade
R1415,C19297,2026-03-06,2,Payment keeps failing during checkout,Payment Gateway Upgrade
R1416,C18258,2026-03-06,2,Unable to place order after payment,Payment Gateway Upgrade
R1417,C20026,2026-03-06,1,Checkout page froze multiple times,Payment Gateway Upgrade
R1418,C83962,2026-03-06,1,Checkout page froze multiple times,Payment Gateway Upgrade
R1419,C38507,2026-03-06,1,Card was charged but order failed,Payment Gateway Upgrade
R1420,C73234,2026-03-06,2,Transaction failed repeatedly,Payment Gateway Upgrade
R1421,C10752,2026-03-06,1,Could not complete my purchase,Payment Gateway Upgrade
R1422,C79053,2026-03-06,1,Checkout page froze multiple times,Payment Gateway Upgrade
R1423,C41095,2026-03-06,1,Card was charged but order failed,Payment Gateway Upgrade
R1424,C92248,2026-03-06,1,Transaction failed repeatedly,Payment Gateway Upgrade
R1425,C7297,2026-03-06,1,Card was charged but order failed,Payment Gateway Upgrade
R1426,C56705,2026-03-07,1,Unable to place order after payment,Payment Gateway Upgrade
R1427,C5104,2026-03-07,1,Unable to place order after payment,Payment Gateway Upgrade
R1428,C35530,2026-03-07,1,Transaction failed repeatedly,Payment Gateway Upgrade
R1429,C31175,2026-03-07,1,Card was charged but order failed,Payment Gateway Upgrade
R1430,C63060,2026-03-07,2,Checkout page froze multiple times,Payment Gateway Upgrade
R1431,C12357,2026-03-07,1,Checkout page froze multiple times,Payment Gateway Upgrade
R1432,C77244,2026-03-07,1,Payment keeps failing during checkout,Payment Gateway Upgrade
R1433,C3607,2026-03-07,1,Checkout page froze multiple times,Payment Gateway Upgrade
R1434,C26490,2026-03-07,1,Payment keeps failing during checkout,Payment Gateway Upgrade
R1435,C95981,2026-03-07,2,Card was charged but order failed,Payment Gateway Upgrade
R1436,C48517,2026-03-07,2,Unable to place order after payment,Payment Gateway Upgrade
R1437,C66737,2026-03-07,1,Card was charged but order failed,Payment Gateway Upgrade
R1438,C11088,2026-03-07,1,Could not complete my purchase,Payment Gateway Upgrade
R1439,C137,2026-03-07,1,Payment keeps failing during checkout,Payment Gateway Upgrade
R1440,C84515,2026-03-07,1,Unable to place order after payment,Payment Gateway Upgrade
R1441,C92421,2026-03-07,1,Unable to place order after payment,Payment Gateway Upgrade
R1442,C90064,2026-03-07,2,Could not complete my purchase,Payment Gateway Upgrade
R1443,C27519,2026-03-07,1,Checkout page froze multiple times,Payment Gateway Upgrade
R1444,C93423,2026-03-07,1,Unable to place order after payment,Payment Gateway Upgrade
R1445,C23200,2026-03-07,1,Transaction failed repeatedly,Payment Gateway Upgrade
R1446,C54317,2026-03-07,1,Unable to place order after payment,Payment Gateway Upgrade
R1447,C86466,2026-03-07,2,Payment keeps failing during checkout,Payment Gateway Upgrade
R1448,C44050,2026-03-07,2,Transaction failed repeatedly,Payment Gateway Upgrade
R1449,C64926,2026-03-07,1,Unable to place order after payment,Payment Gateway Upgrade
R1450,C96672,2026-03-07,1,Payment keeps failing during checkout,Payment Gateway Upgrade
R1451,C21114,2026-03-07,2,Could not complete my purchase,Payment Gateway Upgrade
R1452,C90227,2026-03-07,1,Could not complete my purchase,Payment Gateway Upgrade
R1453,C46314,2026-03-07,1,Card was charged but order failed,Payment Gateway Upgrade
R1454,C69167,2026-03-07,1,Card was charged but order failed,Payment Gateway Upgrade
R1455,C47222,2026-03-07,1,Unable to place order after payment,Payment Gateway Upgrade
R1456,C43371,2026-03-07,2,Unable to place order after payment,Payment Gateway Upgrade
R1457,C85281,2026-03-07,1,Transaction failed repeatedly,Payment Gateway Upgrade
R1458,C80202,2026-03-07,2,Unable to place order after payment,Payment Gateway Upgrade
R1459,C91058,2026-03-07,1,Could not complete my purchase,Payment Gateway Upgrade
R1460,C56054,2026-03-07,1,Could not complete my purchase,Payment Gateway Upgrade
R1461,C12208,2026-03-07,1,Payment keeps failing during checkout,Payment Gateway Upgrade
R1462,C28917,2026-03-07,1,Transaction failed repeatedly,Payment Gateway Upgrade
R1463,C61745,2026-03-08,1,Transaction failed repeatedly,Payment Gateway Upgrade
R1464,C99121,2026-03-08,1,Checkout page froze multiple times,Payment Gateway Upgrade
R1465,C36414,2026-03-08,2,Transaction failed repeatedly,Payment Gateway Upgrade
R1466,C50941,2026-03-08,2,Payment keeps failing during checkout,Payment Gateway Upgrade
R1467,C36469,2026-03-08,1,Checkout page froze multiple times,Payment Gateway Upgrade
R1468,C30076,2026-03-08,1,Checkout page froze multiple times,Payment Gateway Upgrade
R1469,C42057,2026-03-08,2,Payment keeps failing during checkout,Payment Gateway Upgrade
R1470,C14672,2026-03-08,1,Payment keeps failing during checkout,Payment Gateway Upgrade
R1471,C43955,2026-03-08,1,Payment keeps failing during checkout,Payment Gateway Upgrade
R1472,C718,2026-03-08,2,Unable to place order after payment,Payment Gateway Upgrade
R1473,C94637,2026-03-08,1,Transaction failed repeatedly,Payment Gateway Upgrade
R1474,C43950,2026-03-08,1,Checkout page froze multiple times,Payment Gateway Upgrade
R1475,C23186,2026-03-08,1,Unable to place order after payment,Payment Gateway Upgrade
R1476,C41154,2026-03-08,1,Checkout page froze multiple times,Payment Gateway Upgrade
R1477,C92911,2026-03-08,1,Unable to place order after payment,Payment Gateway Upgrade
R1478,C25308,2026-03-08,2,Payment keeps failing during checkout,Payment Gateway Upgrade
R1479,C37549,2026-03-08,1,Card was charged but order failed,Payment Gateway Upgrade
R1480,C51757,2026-03-08,1,Could not complete my purchase,Payment Gateway Upgrade
R1481,C88000,2026-03-08,1,Unable to place order after payment,Payment Gateway Upgrade
R1482,C26947,2026-03-08,1,Transaction failed repeatedly,Payment Gateway Upgrade
R1483,C73934,2026-03-08,1,Checkout page froze multiple times,Payment Gateway Upgrade
R1484,C22011,2026-03-08,2,Checkout page froze multiple times,Payment Gateway Upgrade
R1485,C93306,2026-03-08,2,Card was charged but order failed,Payment Gateway Upgrade
R1486,C64926,2026-03-08,2,Checkout page froze multiple times,Payment Gateway Upgrade
R1487,C42240,2026-03-08,2,Checkout page froze multiple times,Payment Gateway Upgrade
R1488,C671,2026-03-08,1,Payment keeps failing during checkout,Payment Gateway Upgrade
R1489,C44536,2026-03-08,1,Card was charged but order failed,Payment Gateway Upgrade
R1490,C64713,2026-03-08,1,Payment keeps failing during checkout,Payment Gateway Upgrade
R1491,C68976,2026-03-08,1,Could not complete my purchase,Payment Gateway Upgrade
R1492,C58848,2026-03-08,1,Transaction failed repeatedly,Payment Gateway Upgrade
R1493,C44387,2026-03-08,2,Could not complete my purchase,Payment Gateway Upgrade
R1494,C41004,2026-03-08,1,Transaction failed repeatedly,Payment Gateway Upgrade
R1495,C35932,2026-03-08,1,Transaction failed repeatedly,Payment Gateway Upgrade
R1496,C34694,2026-03-08,1,Payment keeps failing during checkout,Payment Gateway Upgrade
R1497,C93584,2026-03-08,1,Transaction failed repeatedly,Payment Gateway Upgrade
R1498,C45914,2026-03-08,1,Checkout page froze multiple times,Payment Gateway Upgrade
R1499,C87797,2026-03-08,2,Card was charged but order failed,Payment Gateway Upgrade
R1500,C84812,2026-03-08,2,Unable to place order after payment,Payment Gateway Upgrade
R1501,C39179,2026-03-08,1,Could not complete my purchase,Payment Gateway Upgrade
R1502,C17000,2026-03-08,1,Unable to place order after payment,Payment Gateway Upgrade
R1503,C40173,2026-03-08,1,Checkout page froze multiple times,Payment Gateway Upgrade
R1504,C76510,2026-03-08,2,Checkout page froze multiple times,Payment Gateway Upgrade
R1505,C21840,2026-03-08,2,Card was charged but order failed,Payment Gateway Upgrade
R1506,C60594,2026-03-08,1,Payment keeps failing during checkout,Payment Gateway Upgrade
R1507,C4887,2026-03-08,1,Card was charged but order failed,Payment Gateway Upgrade
R1508,C16768,2026-03-08,2,Could not complete my purchase,Payment Gateway Upgrade
R1509,C53443,2026-03-08,1,Unable to place order after payment,Payment Gateway Upgrade
R1510,C22589,2026-03-08,2,Unable to place order after payment,Payment Gateway Upgrade
R1511,C88032,2026-03-08,1,Payment keeps failing during checkout,Payment Gateway Upgrade
R1512,C65134,2026-03-08,1,Card was charged but order failed,Payment Gateway Upgrade
R1513,C27527,2026-03-08,1,Transaction failed repeatedly,Payment Gateway Upgrade
R1514,C43396,2026-03-09,2,Transaction failed repeatedly,Payment Gateway Upgrade
R1515,C49146,2026-03-09,2,Unable to place order after payment,Payment Gateway Upgrade
R1516,C16545,2026-03-09,2,Transaction failed repeatedly,Payment Gateway Upgrade
R1517,C3749,2026-03-09,1,Card was charged but order failed,Payment Gateway Upgrade
R1518,C20885,2026-03-09,1,Unable to place order after payment,Payment Gateway Upgrade
R1519,C19260,2026-03-09,2,Checkout page froze multiple times,Payment Gateway Upgrade
R1520,C2104,2026-03-09,1,Unable to place order after payment,Payment Gateway Upgrade
R1521,C16104,2026-03-09,2,Unable to place order after payment,Payment Gateway Upgrade
R1522,C28902,2026-03-09,1,Transaction failed repeatedly,Payment Gateway Upgrade
R1523,C67915,2026-03-09,2,Could not complete my purchase,Payment Gateway Upgrade
R1524,C38438,2026-03-09,1,Payment keeps failing during checkout,Payment Gateway Upgrade
R1525,C41259,2026-03-09,2,Checkout page froze multiple times,Payment Gateway Upgrade
R1526,C14909,2026-03-09,2,Transaction failed repeatedly,Payment Gateway Upgrade
R1527,C23387,2026-03-09,1,Could not complete my purchase,Payment Gateway Upgrade
R1528,C60816,2026-03-09,1,Checkout page froze multiple times,Payment Gateway Upgrade
R1529,C35619,2026-03-09,1,Transaction failed repeatedly,Payment Gateway Upgrade
R1530,C70131,2026-03-09,2,Card was charged but order failed,Payment Gateway Upgrade
R1531,C14335,2026-03-09,1,Unable to place order after payment,Payment Gateway Upgrade
R1532,C32934,2026-03-09,1,Card was charged but order failed,Payment Gateway Upgrade
R1533,C52657,2026-03-09,2,Unable to place order after payment,Payment Gateway Upgrade
R1534,C96463,2026-03-09,1,Card was charged but order failed,Payment Gateway Upgrade
R1535,C46288,2026-03-09,1,Checkout page froze multiple times,Payment Gateway Upgrade
R1536,C96394,2026-03-09,2,Transaction failed repeatedly,Payment Gateway Upgrade
R1537,C75325,2026-03-09,1,Checkout page froze multiple times,Payment Gateway Upgrade
R1538,C10923,2026-03-09,2,Transaction failed repeatedly,Payment Gateway Upgrade
R1539,C39851,2026-03-09,2,Could not complete my purchase,Payment Gateway Upgrade
R1540,C84179,2026-03-09,1,Payment keeps failing during checkout,Payment Gateway Upgrade
R1541,C72375,2026-03-09,2,Checkout page froze multiple times,Payment Gateway Upgrade
R1542,C70533,2026-03-09,1,Card was charged but order failed,Payment Gateway Upgrade
R1543,C30258,2026-03-09,1,Checkout page froze multiple times,Payment Gateway Upgrade
R1544,C67754,2026-03-09,2,Card was charged but order failed,Payment Gateway Upgrade
R1545,C25614,2026-03-09,2,Card was charged but order failed,Payment Gateway Upgrade
R1546,C30909,2026-03-09,2,Checkout page froze multiple times,Payment Gateway Upgrade
R1547,C63186,2026-03-09,1,Could not complete my purchase,Payment Gateway Upgrade
R1548,C36183,2026-03-09,1,Checkout page froze multiple times,Payment Gateway Upgrade
R1549,C19289,2026-03-09,1,Payment keeps failing during checkout,Payment Gateway Upgrade
R1550,C918,2026-03-09,1,Payment keeps failing during checkout,Payment Gateway Upgrade
R1551,C72519,2026-03-09,2,Checkout page froze multiple times,Payment Gateway Upgrade
R1552,C17000,2026-03-09,1,Card was charged but order failed,Payment Gateway Upgrade
R1553,C61170,2026-03-09,1,Card was charged but order failed,Payment Gateway Upgrade
R1554,C86670,2026-03-09,2,Payment keeps failing during checkout,Payment Gateway Upgrade
R1555,C83056,2026-03-09,1,Could not complete my purchase,Payment Gateway Upgrade
R1556,C86796,2026-03-09,1,Payment keeps failing during checkout,Payment Gateway Upgrade
R1557,C68227,2026-03-09,1,Unable to place order after payment,Payment Gateway Upgrade
R1558,C91057,2026-03-10,1,Transaction failed repeatedly,Payment Gateway Upgrade
R1559,C23990,2026-03-10,1,Unable to place order after payment,Payment Gateway Upgrade
R1560,C22440,2026-03-10,2,Could not complete my purchase,Payment Gateway Upgrade
R1561,C23560,2026-03-10,1,Checkout page froze multiple times,Payment Gateway Upgrade
R1562,C5022,2026-03-10,1,Transaction failed repeatedly,Payment Gateway Upgrade
R1563,C94836,2026-03-10,1,Payment keeps failing during checkout,Payment Gateway Upgrade
R1564,C84487,2026-03-10,1,Unable to place order after payment,Payment Gateway Upgrade
R1565,C54200,2026-03-10,2,Transaction failed repeatedly,Payment Gateway Upgrade
R1566,C88152,2026-03-10,2,Checkout page froze multiple times,Payment Gateway Upgrade
R1567,C42789,2026-03-10,2,Payment keeps failing during checkout,Payment Gateway Upgrade
R1568,C52447,2026-03-10,1,Could not complete my purchase,Payment Gateway Upgrade
R1569,C27231,2026-03-10,1,Payment keeps failing during checkout,Payment Gateway Upgrade
R1570,C55572,2026-03-10,1,Transaction failed repeatedly,Payment Gateway Upgrade
R1571,C5751,2026-03-10,1,Card was charged but order failed,Payment Gateway Upgrade
R1572,C35904,2026-03-10,2,Card was charged but order failed,Payment Gateway Upgrade
R1573,C87955,2026-03-10,2,Could not complete my purchase,Payment Gateway Upgrade
R1574,C87986,2026-03-10,1,Unable to place order after payment,Payment Gateway Upgrade
R1575,C25339,2026-03-10,1,Card was charged but order failed,Payment Gateway Upgrade
R1576,C2776,2026-03-10,1,Card was charged but order failed,Payment Gateway Upgrade
R1577,C45839,2026-03-10,1,Could not complete my purchase,Payment Gateway Upgrade
R1578,C57125,2026-03-10,1,Transaction failed repeatedly,Payment Gateway Upgrade
R1579,C90696,2026-03-10,1,Unable to place order after payment,Payment Gateway Upgrade
R1580,C61800,2026-03-10,1,Card was charged but order failed,Payment Gateway Upgrade
R1581,C25480,2026-03-10,1,Checkout page froze multiple times,Payment Gateway Upgrade
R1582,C42044,2026-03-10,1,Transaction failed repeatedly,Payment Gateway Upgrade
R1583,C15409,2026-03-10,1,Could not complete my purchase,Payment Gateway Upgrade
R1584,C16352,2026-03-10,1,Card was charged but order failed,Payment Gateway Upgrade
R1585,C11350,2026-03-10,1,Card was charged but order failed,Payment Gateway Upgrade
R1586,C12454,2026-03-10,1,Card was charged but order failed,Payment Gateway Upgrade
R1587,C89463,2026-03-10,1,Unable to place order after payment,Payment Gateway Upgrade
R1588,C10336,2026-03-10,1,Checkout page froze multiple times,Payment Gateway Upgrade
R1589,C45542,2026-03-10,1,Unable to place order after payment,Payment Gateway Upgrade
R1590,C22766,2026-03-10,1,Could not complete my purchase,Payment Gateway Upgrade
R1591,C79676,2026-03-10,1,Checkout page froze multiple times,Payment Gateway Upgrade
R1592,C19521,2026-03-10,2,Unable to place order after payment,Payment Gateway Upgrade
R1593,C10346,2026-03-10,2,Could not complete my purchase,Payment Gateway Upgrade
R1594,C92950,2026-03-10,1,Transaction failed repeatedly,Payment Gateway Upgrade
R1595,C28019,2026-03-10,1,Transaction failed repeatedly,Payment Gateway Upgrade
R1596,C87439,2026-03-10,2,Card was charged but order failed,Payment Gateway Upgrade
R1597,C58871,2026-03-10,1,Could not complete my purchase,Payment Gateway Upgrade
R1598,C86056,2026-03-10,2,Transaction failed repeatedly,Payment Gateway Upgrade
R1599,C54354,2026-03-10,1,Card was charged but order failed,Payment Gateway Upgrade
R1600,C65983,2026-03-10,2,Transaction failed repeatedly,Payment Gateway Upgrade
R1601,C17619,2026-03-10,1,Card was charged but order failed,Payment Gateway Upgrade
R1602,C98531,2026-03-10,1,Card was charged but order failed,Payment Gateway Upgrade
R1603,C59175,2026-03-10,1,Could not complete my purchase,Payment Gateway Upgrade
R1604,C35304,2026-03-10,1,Card was charged but order failed,Payment Gateway Upgrade
R1605,C13901,2026-03-11,1,Transaction failed repeatedly,Payment Gateway Upgrade
R1606,C33038,2026-03-11,1,Payment keeps failing during checkout,Payment Gateway Upgrade
R1607,C83495,2026-03-11,1,Unable to place order after payment,Payment Gateway Upgrade
R1608,C80358,2026-03-11,2,Payment keeps failing during checkout,Payment Gateway Upgrade
R1609,C81973,2026-03-11,2,Unable to place order after payment,Payment Gateway Upgrade
R1610,C50819,2026-03-11,2,Unable to place order after payment,Payment Gateway Upgrade
R1611,C99024,2026-03-11,1,Transaction failed repeatedly,Payment Gateway Upgrade
R1612,C63910,2026-03-11,1,Unable to place order after payment,Payment Gateway Upgrade
R1613,C25806,2026-03-11,1,Unable to place order after payment,Payment Gateway Upgrade
R1614,C14080,2026-03-11,2,Checkout page froze multiple times,Payment Gateway Upgrade
R1615,C9019,2026-03-11,1,Checkout page froze multiple times,Payment Gateway Upgrade
R1616,C57022,2026-03-11,2,Transaction failed repeatedly,Payment Gateway Upgrade
R1617,C63401,2026-03-11,1,Card was charged but order failed,Payment Gateway Upgrade
R1618,C46676,2026-03-11,1,Unable to place order after payment,Payment Gateway Upgrade
R1619,C15917,2026-03-11,2,Unable to place order after payment,Payment Gateway Upgrade
R1620,C41236,2026-03-11,2,Could not complete my purchase,Payment Gateway Upgrade
R1621,C42934,2026-03-11,2,Card was charged but order failed,Payment Gateway Upgrade
R1622,C99215,2026-03-11,1,Card was charged but order failed,Payment Gateway Upgrade
R1623,C68666,2026-03-11,1,Transaction failed repeatedly,Payment Gateway Upgrade
R1624,C77486,2026-03-11,2,Could not complete my purchase,Payment Gateway Upgrade
R1625,C76475,2026-03-11,1,Checkout page froze multiple times,Payment Gateway Upgrade
R1626,C91633,2026-03-11,1,Transaction failed repeatedly,Payment Gateway Upgrade
R1627,C52496,2026-03-11,2,Card was charged but order failed,Payment Gateway Upgrade
R1628,C56831,2026-03-11,2,Could not complete my purchase,Payment Gateway Upgrade
R1629,C94221,2026-03-11,2,Payment keeps failing during checkout,Payment Gateway Upgrade
R1630,C33886,2026-03-11,1,Could not complete my purchase,Payment Gateway Upgrade
R1631,C30677,2026-03-11,1,Could not complete my purchase,Payment Gateway Upgrade
R1632,C79415,2026-03-11,1,Unable to place order after payment,Payment Gateway Upgrade
R1633,C72308,2026-03-11,1,Payment keeps failing during checkout,Payment Gateway Upgrade
R1634,C78389,2026-03-11,1,Payment keeps failing during checkout,Payment Gateway Upgrade
R1635,C67385,2026-03-11,1,Card was charged but order failed,Payment Gateway Upgrade
R1636,C19457,2026-03-11,2,Card was charged but order failed,Payment Gateway Upgrade
R1637,C13410,2026-03-11,1,Card was charged but order failed,Payment Gateway Upgrade
R1638,C63628,2026-03-11,1,Payment keeps failing during checkout,Payment Gateway Upgrade
R1639,C78841,2026-03-11,2,Payment keeps failing during checkout,Payment Gateway Upgrade
R1640,C18075,2026-03-11,1,Payment keeps failing during checkout,Payment Gateway Upgrade
R1641,C96363,2026-03-11,1,Unable to place order after payment,Payment Gateway Upgrade
R1642,C28811,2026-03-11,1,Could not complete my purchase,Payment Gateway Upgrade
R1643,C75477,2026-03-11,1,Checkout page froze multiple times,Payment Gateway Upgrade
R1644,C75320,2026-03-11,2,Transaction failed repeatedly,Payment Gateway Upgrade
R1645,C90021,2026-03-11,1,Unable to place order after payment,Payment Gateway Upgrade
R1646,C70454,2026-03-11,2,Transaction failed repeatedly,Payment Gateway Upgrade
R1647,C13683,2026-03-11,1,Payment keeps failing during checkout,Payment Gateway Upgrade
R1648,C93333,2026-03-11,1,Checkout page froze multiple times,Payment Gateway Upgrade
R1649,C34643,2026-03-11,1,Checkout page froze multiple times,Payment Gateway Upgrade
R1650,C9222,2026-03-11,1,Card was charged but order failed,Payment Gateway Upgrade
R1651,C1052,2026-03-11,1,Checkout page froze multiple times,Payment Gateway Upgrade
R1652,C78117,2026-03-11,1,Could not complete my purchase,Payment Gateway Upgrade
R1653,C44758,2026-03-11,1,Checkout page froze multiple times,Payment Gateway Upgrade
R1654,C77476,2026-03-11,2,Could not complete my purchase,Payment Gateway Upgrade
R1655,C56890,2026-03-11,1,Could not complete my purchase,Payment Gateway Upgrade
R1656,C71763,2026-03-12,1,Card was charged but order failed,Payment Gateway Upgrade
R1657,C55022,2026-03-12,1,Could not complete my purchase,Payment Gateway Upgrade
R1658,C1962,2026-03-12,2,Checkout page froze multiple times,Payment Gateway Upgrade
R1659,C76385,2026-03-12,2,Could not complete my purchase,Payment Gateway Upgrade
R1660,C48848,2026-03-12,1,Card was charged but order failed,Payment Gateway Upgrade
R1661,C44524,2026-03-12,2,Could not complete my purchase,Payment Gateway Upgrade
R1662,C43920,2026-03-12,1,Checkout page froze multiple times,Payment Gateway Upgrade
R1663,C76525,2026-03-12,1,Card was charged but order failed,Payment Gateway Upgrade
R1664,C5699,2026-03-12,2,Payment keeps failing during checkout,Payment Gateway Upgrade
R1665,C31350,2026-03-12,1,Could not complete my purchase,Payment Gateway Upgrade
R1666,C98240,2026-03-12,2,Could not complete my purchase,Payment Gateway Upgrade
R1667,C69784,2026-03-12,1,Could not complete my purchase,Payment Gateway Upgrade
R1668,C19739,2026-03-12,1,Transaction failed repeatedly,Payment Gateway Upgrade
R1669,C61900,2026-03-12,1,Payment keeps failing during checkout,Payment Gateway Upgrade
R1670,C15642,2026-03-12,1,Payment keeps failing during checkout,Payment Gateway Upgrade
R1671,C78258,2026-03-12,2,Could not complete my purchase,Payment Gateway Upgrade
R1672,C20567,2026-03-12,2,Card was charged but order failed,Payment Gateway Upgrade
R1673,C26178,2026-03-12,1,Payment keeps failing during checkout,Payment Gateway Upgrade
R1674,C28821,2026-03-12,2,Unable to place order after payment,Payment Gateway Upgrade
R1675,C66164,2026-03-12,2,Payment keeps failing during checkout,Payment Gateway Upgrade
R1676,C34813,2026-03-12,1,Unable to place order after payment,Payment Gateway Upgrade
R1677,C93327,2026-03-12,1,Payment keeps failing during checkout,Payment Gateway Upgrade
R1678,C54196,2026-03-12,1,Could not complete my purchase,Payment Gateway Upgrade
R1679,C74712,2026-03-12,1,Unable to place order after payment,Payment Gateway Upgrade
R1680,C35441,2026-03-12,1,Payment keeps failing during checkout,Payment Gateway Upgrade
R1681,C41431,2026-03-12,1,Checkout page froze multiple times,Payment Gateway Upgrade
R1682,C78485,2026-03-12,1,Card was charged but order failed,Payment Gateway Upgrade
R1683,C45928,2026-03-12,2,Card was charged but order failed,Payment Gateway Upgrade
R1684,C10378,2026-03-12,1,Checkout page froze multiple times,Payment Gateway Upgrade
R1685,C3784,2026-03-12,2,Payment keeps failing during checkout,Payment Gateway Upgrade
R1686,C55162,2026-03-12,2,Checkout page froze multiple times,Payment Gateway Upgrade
R1687,C20923,2026-03-12,1,Transaction failed repeatedly,Payment Gateway Upgrade
R1688,C76997,2026-03-12,1,Transaction failed repeatedly,Payment Gateway Upgrade
R1689,C95746,2026-03-12,2,Payment keeps failing during checkout,Payment Gateway Upgrade
R1690,C2867,2026-03-12,1,Payment keeps failing during checkout,Payment Gateway Upgrade
R1691,C39020,2026-03-12,2,Unable to place order after payment,Payment Gateway Upgrade
R1692,C10957,2026-03-12,2,Card was charged but order failed,Payment Gateway Upgrade
R1693,C29632,2026-03-12,2,Checkout page froze multiple times,Payment Gateway Upgrade
R1694,C69498,2026-03-12,1,Transaction failed repeatedly,Payment Gateway Upgrade
R1695,C31418,2026-03-12,1,Unable to place order after payment,Payment Gateway Upgrade
R1696,C94882,2026-03-12,1,Transaction failed repeatedly,Payment Gateway Upgrade
R1697,C54711,2026-03-12,1,Card was charged but order failed,Payment Gateway Upgrade
R1698,C75887,2026-03-12,1,Unable to place order after payment,Payment Gateway Upgrade
R1699,C72374,2026-03-13,1,Payment keeps failing during checkout,Payment Gateway Upgrade
R1700,C74961,2026-03-13,2,Could not complete my purchase,Payment Gateway Upgrade
R1701,C83949,2026-03-13,1,Unable to place order after payment,Payment Gateway Upgrade
R1702,C59994,2026-03-13,2,Unable to place order after payment,Payment Gateway Upgrade
R1703,C78673,2026-03-13,1,Transaction failed repeatedly,Payment Gateway Upgrade
R1704,C61603,2026-03-13,2,Unable to place order after payment,Payment Gateway Upgrade
R1705,C49224,2026-03-13,1,Unable to place order after payment,Payment Gateway Upgrade
R1706,C52733,2026-03-13,1,Transaction failed repeatedly,Payment Gateway Upgrade
R1707,C2463,2026-03-13,2,Checkout page froze multiple times,Payment Gateway Upgrade
R1708,C9276,2026-03-13,1,Transaction failed repeatedly,Payment Gateway Upgrade
R1709,C65943,2026-03-13,1,Unable to place order after payment,Payment Gateway Upgrade
R1710,C24367,2026-03-13,1,Payment keeps failing during checkout,Payment Gateway Upgrade
R1711,C70022,2026-03-13,1,Transaction failed repeatedly,Payment Gateway Upgrade
R1712,C29426,2026-03-13,1,Unable to place order after payment,Payment Gateway Upgrade
R1713,C5369,2026-03-13,1,Could not complete my purchase,Payment Gateway Upgrade
R1714,C60295,2026-03-13,2,Unable to place order after payment,Payment Gateway Upgrade
R1715,C12307,2026-03-13,1,Card was charged but order failed,Payment Gateway Upgrade
R1716,C27043,2026-03-13,1,Checkout page froze multiple times,Payment Gateway Upgrade
R1717,C18324,2026-03-13,1,Payment keeps failing during checkout,Payment Gateway Upgrade
R1718,C10284,2026-03-13,1,Card was charged but order failed,Payment Gateway Upgrade
R1719,C50226,2026-03-13,1,Transaction failed repeatedly,Payment Gateway Upgrade
R1720,C61382,2026-03-13,1,Payment keeps failing during checkout,Payment Gateway Upgrade
R1721,C39792,2026-03-13,1,Could not complete my purchase,Payment Gateway Upgrade
R1722,C57531,2026-03-13,1,Unable to place order after payment,Payment Gateway Upgrade
R1723,C13700,2026-03-13,2,Card was charged but order failed,Payment Gateway Upgrade
R1724,C5314,2026-03-13,1,Transaction failed repeatedly,Payment Gateway Upgrade
R1725,C70424,2026-03-13,1,Checkout page froze multiple times,Payment Gateway Upgrade
R1726,C3559,2026-03-13,1,Checkout page froze multiple times,Payment Gateway Upgrade
R1727,C55879,2026-03-13,2,Transaction failed repeatedly,Payment Gateway Upgrade
R1728,C33770,2026-03-13,2,Card was charged but order failed,Payment Gateway Upgrade
R1729,C53219,2026-03-13,1,Transaction failed repeatedly,Payment Gateway Upgrade
R1730,C58002,2026-03-13,2,Unable to place order after payment,Payment Gateway Upgrade
R1731,C92893,2026-03-13,1,Could not complete my purchase,Payment Gateway Upgrade
R1732,C40318,2026-03-13,1,Card was charged but order failed,Payment Gateway Upgrade
R1733,C10590,2026-03-13,1,Transaction failed repeatedly,Payment Gateway Upgrade
R1734,C93079,2026-03-14,1,Card was charged but order failed,Payment Gateway Upgrade
R1735,C19602,2026-03-14,1,Unable to place order after payment,Payment Gateway Upgrade
R1736,C9418,2026-03-14,1,Could not complete my purchase,Payment Gateway Upgrade
R1737,C72056,2026-03-14,1,Card was charged but order failed,Payment Gateway Upgrade
R1738,C3723,2026-03-14,1,Checkout page froze multiple times,Payment Gateway Upgrade
R1739,C79236,2026-03-14,2,Checkout page froze multiple times,Payment Gateway Upgrade
R1740,C41939,2026-03-14,1,Card was charged but order failed,Payment Gateway Upgrade
R1741,C97784,2026-03-14,2,Transaction failed repeatedly,Payment Gateway Upgrade
R1742,C83137,2026-03-14,1,Unable to place order after payment,Payment Gateway Upgrade
R1743,C84727,2026-03-14,1,Card was charged but order failed,Payment Gateway Upgrade
R1744,C31722,2026-03-14,1,Checkout page froze multiple times,Payment Gateway Upgrade
R1745,C2124,2026-03-14,2,Checkout page froze multiple times,Payment Gateway Upgrade
R1746,C80123,2026-03-14,1,Unable to place order after payment,Payment Gateway Upgrade
R1747,C78538,2026-03-14,1,Payment keeps failing during checkout,Payment Gateway Upgrade
R1748,C78917,2026-03-14,2,Checkout page froze multiple times,Payment Gateway Upgrade
R1749,C77854,2026-03-14,1,Card was charged but order failed,Payment Gateway Upgrade
R1750,C31981,2026-03-14,1,Payment keeps failing during checkout,Payment Gateway Upgrade
R1751,C85482,2026-03-14,2,Payment keeps failing during checkout,Payment Gateway Upgrade
R1752,C6783,2026-03-14,1,Payment keeps failing during checkout,Payment Gateway Upgrade
R1753,C77155,2026-03-14,1,Payment keeps failing during checkout,Payment Gateway Upgrade
R1754,C75875,2026-03-14,1,Card was charged but order failed,Payment Gateway Upgrade
R1755,C72085,2026-03-14,1,Checkout page froze multiple times,Payment Gateway Upgrade
R1756,C96759,2026-03-14,2,Unable to place order after payment,Payment Gateway Upgrade
R1757,C5696,2026-03-14,1,Payment keeps failing during checkout,Payment Gateway Upgrade
R1758,C45866,2026-03-14,2,Could not complete my purchase,Payment Gateway Upgrade
R1759,C90896,2026-03-14,1,Could not complete my purchase,Payment Gateway Upgrade
R1760,C61923,2026-03-14,1,Payment keeps failing during checkout,Payment Gateway Upgrade
R1761,C39568,2026-03-14,2,Transaction failed repeatedly,Payment Gateway Upgrade
R1762,C70123,2026-03-14,2,Unable to place order after payment,Payment Gateway Upgrade
R1763,C42317,2026-03-14,1,Could not complete my purchase,Payment Gateway Upgrade
R1764,C39554,2026-03-14,2,Card was charged but order failed,Payment Gateway Upgrade
R1765,C4687,2026-03-14,1,Could not complete my purchase,Payment Gateway Upgrade
R1766,C18444,2026-03-14,1,Unable to place order after payment,Payment Gateway Upgrade
R1767,C65553,2026-03-14,2,Transaction failed repeatedly,Payment Gateway Upgrade
R1768,C83748,2026-03-14,1,Transaction failed repeatedly,Payment Gateway Upgrade
R1769,C49242,2026-03-14,1,Transaction failed repeatedly,Payment Gateway Upgrade
R1770,C91997,2026-03-14,1,Card was charged but order failed,Payment Gateway Upgrade
R1771,C93847,2026-03-14,1,Card was charged but order failed,Payment Gateway Upgrade
R1772,C52348,2026-03-14,2,Unable to place order after payment,Payment Gateway Upgrade
R1773,C86211,2026-03-14,1,Transaction failed repeatedly,Payment Gateway Upgrade
R1774,C89875,2026-03-14,1,Card was charged but order failed,Payment Gateway Upgrade
R1775,C53312,2026-03-14,1,Transaction failed repeatedly,Payment Gateway Upgrade
R1776,C90397,2026-03-14,2,Transaction failed repeatedly,Payment Gateway Upgrade
R1777,C4927,2026-03-14,2,Card was charged but order failed,Payment Gateway Upgrade
R1778,C69856,2026-03-14,1,Card was charged but order failed,Payment Gateway Upgrade
R1779,C20324,2026-03-14,1,Could not complete my purchase,Payment Gateway Upgrade
R1780,C86487,2026-03-14,1,Unable to place order after payment,Payment Gateway Upgrade
R1781,C83830,2026-03-14,1,Could not complete my purchase,Payment Gateway Upgrade
R1782,C45897,2026-03-15,1,Card was charged but order failed,Payment Gateway Upgrade
R1783,C96838,2026-03-15,1,Checkout page froze multiple times,Payment Gateway Upgrade
R1784,C63929,2026-03-15,1,Card was charged but order failed,Payment Gateway Upgrade
R1785,C41348,2026-03-15,1,Card was charged but order failed,Payment Gateway Upgrade
R1786,C25492,2026-03-15,1,Could not complete my purchase,Payment Gateway Upgrade
R1787,C98582,2026-03-15,1,Unable to place order after payment,Payment Gateway Upgrade
R1788,C44332,2026-03-15,1,Could not complete my purchase,Payment Gateway Upgrade
R1789,C39561,2026-03-15,1,Could not complete my purchase,Payment Gateway Upgrade
R1790,C4676,2026-03-15,1,Could not complete my purchase,Payment Gateway Upgrade
R1791,C77987,2026-03-15,1,Checkout page froze multiple times,Payment Gateway Upgrade
R1792,C46419,2026-03-15,1,Payment keeps failing during checkout,Payment Gateway Upgrade
R1793,C20667,2026-03-15,2,Transaction failed repeatedly,Payment Gateway Upgrade
R1794,C90072,2026-03-15,1,Card was charged but order failed,Payment Gateway Upgrade
R1795,C89390,2026-03-15,1,Payment keeps failing during checkout,Payment Gateway Upgrade
R1796,C31832,2026-03-15,1,Transaction failed repeatedly,Payment Gateway Upgrade
R1797,C26628,2026-03-15,1,Payment keeps failing during checkout,Payment Gateway Upgrade
R1798,C58252,2026-03-15,1,Could not complete my purchase,Payment Gateway Upgrade
R1799,C83292,2026-03-15,2,Payment keeps failing during checkout,Payment Gateway Upgrade
R1800,C21685,2026-03-15,1,Payment keeps failing during checkout,Payment Gateway Upgrade
R1801,C95850,2026-03-15,2,Could not complete my purchase,Payment Gateway Upgrade
R1802,C39322,2026-03-15,1,Card was charged but order failed,Payment Gateway Upgrade
R1803,C46251,2026-03-15,2,Checkout page froze multiple times,Payment Gateway Upgrade
R1804,C81932,2026-03-15,2,Checkout page froze multiple times,Payment Gateway Upgrade
R1805,C15217,2026-03-15,1,Checkout page froze multiple times,Payment Gateway Upgrade
R1806,C29328,2026-03-15,1,Unable to place order after payment,Payment Gateway Upgrade
R1807,C67614,2026-03-15,1,Could not complete my purchase,Payment Gateway Upgrade
R1808,C62560,2026-03-15,1,Card was charged but order failed,Payment Gateway Upgrade
R1809,C33066,2026-03-15,1,Transaction failed repeatedly,Payment Gateway Upgrade
R1810,C34153,2026-03-15,1,Payment keeps failing during checkout,Payment Gateway Upgrade
R1811,C29093,2026-03-15,1,Unable to place order after payment,Payment Gateway Upgrade
R1812,C40470,2026-03-15,1,Unable to place order after payment,Payment Gateway Upgrade
R1813,C59755,2026-03-15,2,Payment keeps failing during checkout,Payment Gateway Upgrade
R1814,C43170,2026-03-15,2,Checkout page froze multiple times,Payment Gateway Upgrade
R1815,C5544,2026-03-15,1,Could not complete my purchase,Payment Gateway Upgrade
R1816,C45257,2026-03-15,1,Payment keeps failing during checkout,Payment Gateway Upgrade
R1817,C69346,2026-03-15,1,Could not complete my purchase,Payment Gateway Upgrade
R1818,C86594,2026-03-15,1,Card was charged but order failed,Payment Gateway Upgrade
R1819,C48804,2026-03-15,1,Payment keeps failing during checkout,Payment Gateway Upgrade
R1820,C26271,2026-03-15,1,Unable to place order after payment,Payment Gateway Upgrade
R1821,C7453,2026-03-15,2,Payment keeps failing during checkout,Payment Gateway Upgrade
R1822,C32084,2026-03-15,1,Card was charged but order failed,Payment Gateway Upgrade
R1823,C93077,2026-03-15,1,Transaction failed repeatedly,Payment Gateway Upgrade
R1824,C30565,2026-03-15,1,Could not complete my purchase,Payment Gateway Upgrade
R1825,C21154,2026-03-15,1,Could not complete my purchase,Payment Gateway Upgrade
R1826,C6136,2026-03-15,1,Could not complete my purchase,Payment Gateway Upgrade
R1827,C79268,2026-03-15,2,Unable to place order after payment,Payment Gateway Upgrade
R1828,C76624,2026-03-15,1,Unable to place order after payment,Payment Gateway Upgrade
R1829,C68313,2026-03-15,2,Transaction failed repeatedly,Payment Gateway Upgrade
R1830,C61588,2026-03-15,2,Payment keeps failing during checkout,Payment Gateway Upgrade
R1831,C17047,2026-03-15,1,Could not complete my purchase,Payment Gateway Upgrade
R1832,C5061,2026-03-15,1,Transaction failed repeatedly,Payment Gateway Upgrade
R1833,C71118,2026-03-15,1,Card was charged but order failed,Payment Gateway Upgrade
R1834,C58256,2026-03-15,2,Unable to place order after payment,Payment Gateway Upgrade
R1835,C84285,2026-03-15,1,Payment keeps failing during checkout,Payment Gateway Upgrade
R1836,C30006,2026-03-16,2,Card was charged but order failed,Payment Gateway Upgrade
R1837,C43117,2026-03-16,1,Card was charged but order failed,Payment Gateway Upgrade
R1838,C56064,2026-03-16,1,Checkout page froze multiple times,Payment Gateway Upgrade
R1839,C865,2026-03-16,1,Checkout page froze multiple times,Payment Gateway Upgrade
R1840,C20956,2026-03-16,2,Transaction failed repeatedly,Payment Gateway Upgrade
R1841,C69591,2026-03-16,1,Checkout page froze multiple times,Payment Gateway Upgrade
R1842,C43299,2026-03-16,2,Transaction failed repeatedly,Payment Gateway Upgrade
R1843,C16710,2026-03-16,1,Transaction failed repeatedly,Payment Gateway Upgrade
R1844,C34754,2026-03-16,1,Payment keeps failing during checkout,Payment Gateway Upgrade
R1845,C84699,2026-03-16,2,Transaction failed repeatedly,Payment Gateway Upgrade
R1846,C25217,2026-03-16,1,Payment keeps failing during checkout,Payment Gateway Upgrade
R1847,C62048,2026-03-16,1,Card was charged but order failed,Payment Gateway Upgrade
R1848,C78390,2026-03-16,2,Checkout page froze multiple times,Payment Gateway Upgrade
R1849,C95962,2026-03-16,1,Checkout page froze multiple times,Payment Gateway Upgrade
R1850,C34755,2026-03-16,2,Checkout page froze multiple times,Payment Gateway Upgrade
R1851,C89525,2026-03-16,1,Payment keeps failing during checkout,Payment Gateway Upgrade
R1852,C94109,2026-03-16,1,Payment keeps failing during checkout,Payment Gateway Upgrade
R1853,C54384,2026-03-16,1,Card was charged but order failed,Payment Gateway Upgrade
R1854,C47292,2026-03-16,1,Checkout page froze multiple times,Payment Gateway Upgrade
R1855,C7372,2026-03-16,1,Checkout page froze multiple times,Payment Gateway Upgrade
R1856,C79527,2026-03-16,2,Card was charged but order failed,Payment Gateway Upgrade
R1857,C7131,2026-03-16,1,Card was charged but order failed,Payment Gateway Upgrade
R1858,C52665,2026-03-16,2,Transaction failed repeatedly,Payment Gateway Upgrade
R1859,C84079,2026-03-16,1,Unable to place order after payment,Payment Gateway Upgrade
R1860,C75987,2026-03-16,2,Transaction failed repeatedly,Payment Gateway Upgrade
R1861,C17242,2026-03-16,1,Card was charged but order failed,Payment Gateway Upgrade
R1862,C98603,2026-03-16,1,Checkout page froze multiple times,Payment Gateway Upgrade
R1863,C13332,2026-03-16,1,Transaction failed repeatedly,Payment Gateway Upgrade
R1864,C39347,2026-03-16,2,Checkout page froze multiple times,Payment Gateway Upgrade
R1865,C55735,2026-03-16,1,Card was charged but order failed,Payment Gateway Upgrade
R1866,C46122,2026-03-16,1,Unable to place order after payment,Payment Gateway Upgrade
R1867,C84578,2026-03-16,2,Checkout page froze multiple times,Payment Gateway Upgrade
R1868,C99246,2026-03-16,1,Checkout page froze multiple times,Payment Gateway Upgrade
R1869,C90026,2026-03-16,1,Card was charged but order failed,Payment Gateway Upgrade
R1870,C79080,2026-03-16,2,Card was charged but order failed,Payment Gateway Upgrade
R1871,C83887,2026-03-16,1,Checkout page froze multiple times,Payment Gateway Upgrade
R1872,C60740,2026-03-16,2,Checkout page froze multiple times,Payment Gateway Upgrade
R1873,C1894,2026-03-16,2,Payment keeps failing during checkout,Payment Gateway Upgrade
R1874,C77363,2026-03-16,1,Unable to place order after payment,Payment Gateway Upgrade
R1875,C33368,2026-03-16,1,Transaction failed repeatedly,Payment Gateway Upgrade
R1876,C57725,2026-03-16,2,Payment keeps failing during checkout,Payment Gateway Upgrade
R1877,C15990,2026-03-16,1,Unable to place order after payment,Payment Gateway Upgrade
R1878,C79879,2026-03-16,1,Card was charged but order failed,Payment Gateway Upgrade
R1879,C30134,2026-03-16,1,Unable to place order after payment,Payment Gateway Upgrade
R1880,C85490,2026-03-16,1,Payment keeps failing during checkout,Payment Gateway Upgrade
R1881,C57657,2026-03-16,1,Card was charged but order failed,Payment Gateway Upgrade
R1882,C97821,2026-03-16,2,Could not complete my purchase,Payment Gateway Upgrade
R1883,C27406,2026-03-16,1,Checkout page froze multiple times,Payment Gateway Upgrade
R1884,C97694,2026-03-17,1,Checkout page froze multiple times,Payment Gateway Upgrade
R1885,C14415,2026-03-17,1,Card was charged but order failed,Payment Gateway Upgrade
R1886,C947,2026-03-17,2,Unable to place order after payment,Payment Gateway Upgrade
R1887,C95791,2026-03-17,1,Unable to place order after payment,Payment Gateway Upgrade
R1888,C41204,2026-03-17,1,Transaction failed repeatedly,Payment Gateway Upgrade
R1889,C11351,2026-03-17,1,Could not complete my purchase,Payment Gateway Upgrade
R1890,C97558,2026-03-17,2,Payment keeps failing during checkout,Payment Gateway Upgrade
R1891,C17577,2026-03-17,2,Payment keeps failing during checkout,Payment Gateway Upgrade
R1892,C391,2026-03-17,1,Could not complete my purchase,Payment Gateway Upgrade
R1893,C22491,2026-03-17,1,Transaction failed repeatedly,Payment Gateway Upgrade
R1894,C5868,2026-03-17,1,Card was charged but order failed,Payment Gateway Upgrade
R1895,C1540,2026-03-17,1,Transaction failed repeatedly,Payment Gateway Upgrade
R1896,C74230,2026-03-17,1,Payment keeps failing during checkout,Payment Gateway Upgrade
R1897,C10311,2026-03-17,1,Could not complete my purchase,Payment Gateway Upgrade
R1898,C96445,2026-03-17,1,Unable to place order after payment,Payment Gateway Upgrade
R1899,C82840,2026-03-17,1,Checkout page froze multiple times,Payment Gateway Upgrade
R1900,C8948,2026-03-17,1,Checkout page froze multiple times,Payment Gateway Upgrade
R1901,C61817,2026-03-17,1,Checkout page froze multiple times,Payment Gateway Upgrade
R1902,C66973,2026-03-17,1,Could not complete my purchase,Payment Gateway Upgrade
R1903,C7355,2026-03-17,1,Checkout page froze multiple times,Payment Gateway Upgrade
R1904,C52775,2026-03-17,1,Card was charged but order failed,Payment Gateway Upgrade
R1905,C64551,2026-03-17,2,Unable to place order after payment,Payment Gateway Upgrade
R1906,C73374,2026-03-17,2,Payment keeps failing during checkout,Payment Gateway Upgrade
R1907,C71948,2026-03-17,1,Unable to place order after payment,Payment Gateway Upgrade
R1908,C693,2026-03-17,1,Unable to place order after payment,Payment Gateway Upgrade
R1909,C49594,2026-03-17,1,Transaction failed repeatedly,Payment Gateway Upgrade
R1910,C6534,2026-03-17,2,Could not complete my purchase,Payment Gateway Upgrade
R1911,C77464,2026-03-17,1,Unable to place order after payment,Payment Gateway Upgrade
R1912,C77714,2026-03-17,1,Unable to place order after payment,Payment Gateway Upgrade
R1913,C40697,2026-03-17,2,Unable to place order after payment,Payment Gateway Upgrade
R1914,C56549,2026-03-17,1,Could not complete my purchase,Payment Gateway Upgrade
R1915,C8347,2026-03-17,2,Card was charged but order failed,Payment Gateway Upgrade
R1916,C26141,2026-03-17,2,Payment keeps failing during checkout,Payment Gateway Upgrade
R1917,C44149,2026-03-17,1,Payment keeps failing during checkout,Payment Gateway Upgrade
R1918,C3957,2026-03-17,1,Could not complete my purchase,Payment Gateway Upgrade
R1919,C18691,2026-03-17,1,Card was charged but order failed,Payment Gateway Upgrade
R1920,C98726,2026-03-17,1,Checkout page froze multiple times,Payment Gateway Upgrade
R1921,C63852,2026-03-17,2,Transaction failed repeatedly,Payment Gateway Upgrade
R1922,C81419,2026-03-17,1,Checkout page froze multiple times,Payment Gateway Upgrade
R1923,C27844,2026-03-17,1,Card was charged but order failed,Payment Gateway Upgrade
R1924,C17858,2026-03-17,1,Payment keeps failing during checkout,Payment Gateway Upgrade
R1925,C91562,2026-03-17,2,Card was charged but order failed,Payment Gateway Upgrade
R1926,C44117,2026-03-17,1,Payment keeps failing during checkout,Payment Gateway Upgrade
R1927,C28558,2026-03-17,2,Checkout page froze multiple times,Payment Gateway Upgrade
R1928,C78003,2026-03-17,1,Card was charged but order failed,Payment Gateway Upgrade
R1929,C72096,2026-03-17,1,Payment keeps failing during checkout,Payment Gateway Upgrade
R1930,C87594,2026-03-17,1,Transaction failed repeatedly,Payment Gateway Upgrade
R1931,C77607,2026-03-17,1,Transaction failed repeatedly,Payment Gateway Upgrade
R1932,C925,2026-03-17,1,Could not complete my purchase,Payment Gateway Upgrade
R1933,C46419,2026-03-17,1,Checkout page froze multiple times,Payment Gateway Upgrade
R1934,C80847,2026-03-17,1,Could not complete my purchase,Payment Gateway Upgrade
R1935,C82509,2026-03-18,1,Card was charged but order failed,Payment Gateway Upgrade
R1936,C9096,2026-03-18,1,Transaction failed repeatedly,Payment Gateway Upgrade
R1937,C87940,2026-03-18,1,Could not complete my purchase,Payment Gateway Upgrade
R1938,C82477,2026-03-18,1,Checkout page froze multiple times,Payment Gateway Upgrade
R1939,C53052,2026-03-18,2,Transaction failed repeatedly,Payment Gateway Upgrade
R1940,C82937,2026-03-18,2,Unable to place order after payment,Payment Gateway Upgrade
R1941,C44440,2026-03-18,2,Unable to place order after payment,Payment Gateway Upgrade
R1942,C96257,2026-03-18,1,Payment keeps failing during checkout,Payment Gateway Upgrade
R1943,C9838,2026-03-18,2,Could not complete my purchase,Payment Gateway Upgrade
R1944,C97625,2026-03-18,1,Payment keeps failing during checkout,Payment Gateway Upgrade
R1945,C58862,2026-03-18,2,Payment keeps failing during checkout,Payment Gateway Upgrade
R1946,C68473,2026-03-18,1,Unable to place order after payment,Payment Gateway Upgrade
R1947,C26027,2026-03-18,1,Checkout page froze multiple times,Payment Gateway Upgrade
R1948,C65067,2026-03-18,1,Payment keeps failing during checkout,Payment Gateway Upgrade
R1949,C28092,2026-03-18,1,Unable to place order after payment,Payment Gateway Upgrade
R1950,C1080,2026-03-18,1,Payment keeps failing during checkout,Payment Gateway Upgrade
R1951,C55433,2026-03-18,2,Checkout page froze multiple times,Payment Gateway Upgrade
R1952,C7236,2026-03-18,1,Card was charged but order failed,Payment Gateway Upgrade
R1953,C67568,2026-03-18,2,Unable to place order after payment,Payment Gateway Upgrade
R1954,C79824,2026-03-18,2,Checkout page froze multiple times,Payment Gateway Upgrade
R1955,C40645,2026-03-18,1,Unable to place order after payment,Payment Gateway Upgrade
R1956,C25426,2026-03-18,1,Payment keeps failing during checkout,Payment Gateway Upgrade
R1957,C97650,2026-03-18,1,Could not complete my purchase,Payment Gateway Upgrade
R1958,C95346,2026-03-18,1,Card was charged but order failed,Payment Gateway Upgrade
R1959,C21651,2026-03-18,1,Payment keeps failing during checkout,Payment Gateway Upgrade
R1960,C39450,2026-03-18,1,Checkout page froze multiple times,Payment Gateway Upgrade
R1961,C80429,2026-03-18,2,Unable to place order after payment,Payment Gateway Upgrade
R1962,C45761,2026-03-18,1,Card was charged but order failed,Payment Gateway Upgrade
R1963,C6870,2026-03-18,2,Checkout page froze multiple times,Payment Gateway Upgrade
R1964,C55372,2026-03-18,1,Unable to place order after payment,Payment Gateway Upgrade
R1965,C90811,2026-03-18,1,Card was charged but order failed,Payment Gateway Upgrade
R1966,C45748,2026-03-18,2,Payment keeps failing during checkout,Payment Gateway Upgrade
R1967,C56357,2026-03-18,1,Transaction failed repeatedly,Payment Gateway Upgrade
R1968,C98431,2026-03-18,2,Could not complete my purchase,Payment Gateway Upgrade
R1969,C45350,2026-03-18,1,Checkout page froze multiple times,Payment Gateway Upgrade
R1970,C41980,2026-03-18,1,Transaction failed repeatedly,Payment Gateway Upgrade
R1971,C88604,2026-03-18,1,Unable to place order after payment,Payment Gateway Upgrade
R1972,C60974,2026-03-18,1,Checkout page froze multiple times,Payment Gateway Upgrade
R1973,C51414,2026-03-18,2,Card was charged but order failed,Payment Gateway Upgrade
R1974,C28757,2026-03-18,1,Transaction failed repeatedly,Payment Gateway Upgrade
R1975,C17011,2026-03-19,1,Payment keeps failing during checkout,Payment Gateway Upgrade
R1976,C1376,2026-03-19,2,Checkout page froze multiple times,Payment Gateway Upgrade
R1977,C3730,2026-03-19,2,Unable to place order after payment,Payment Gateway Upgrade
R1978,C96871,2026-03-19,1,Payment keeps failing during checkout,Payment Gateway Upgrade
R1979,C3160,2026-03-19,1,Checkout page froze multiple times,Payment Gateway Upgrade
R1980,C17066,2026-03-19,2,Checkout page froze multiple times,Payment Gateway Upgrade
R1981,C29321,2026-03-19,1,Could not complete my purchase,Payment Gateway Upgrade
R1982,C40735,2026-03-19,1,Transaction failed repeatedly,Payment Gateway Upgrade
R1983,C2160,2026-03-19,2,Transaction failed repeatedly,Payment Gateway Upgrade
R1984,C14679,2026-03-19,1,Transaction failed repeatedly,Payment Gateway Upgrade
R1985,C6773,2026-03-19,1,Card was charged but order failed,Payment Gateway Upgrade
R1986,C23465,2026-03-19,1,Card was charged but order failed,Payment Gateway Upgrade
R1987,C74025,2026-03-19,1,Could not complete my purchase,Payment Gateway Upgrade
R1988,C84518,2026-03-19,2,Unable to place order after payment,Payment Gateway Upgrade
R1989,C83598,2026-03-19,1,Unable to place order after payment,Payment Gateway Upgrade
R1990,C5623,2026-03-19,2,Could not complete my purchase,Payment Gateway Upgrade
R1991,C93848,2026-03-19,1,Transaction failed repeatedly,Payment Gateway Upgrade
R1992,C59252,2026-03-19,1,Checkout page froze multiple times,Payment Gateway Upgrade
R1993,C50211,2026-03-19,1,Transaction failed repeatedly,Payment Gateway Upgrade
R1994,C51629,2026-03-19,1,Unable to place order after payment,Payment Gateway Upgrade
R1995,C85474,2026-03-19,2,Payment keeps failing during checkout,Payment Gateway Upgrade
R1996,C65757,2026-03-19,1,Payment keeps failing during checkout,Payment Gateway Upgrade
R1997,C56345,2026-03-19,2,Checkout page froze multiple times,Payment Gateway Upgrade
R1998,C42625,2026-03-19,2,Unable to place order after payment,Payment Gateway Upgrade
R1999,C83792,2026-03-19,1,Could not complete my purchase,Payment Gateway Upgrade
R2000,C81442,2026-03-19,2,Card was charged but order failed,Payment Gateway Upgrade
R2001,C40582,2026-03-19,1,Payment keeps failing during checkout,Payment Gateway Upgrade
R2002,C14176,2026-03-19,1,Transaction failed repeatedly,Payment Gateway Upgrade
R2003,C84519,2026-03-19,1,Payment keeps failing during checkout,Payment Gateway Upgrade
R2004,C23284,2026-03-19,2,Could not complete my purchase,Payment Gateway Upgrade
R2005,C59124,2026-03-19,1,Could not complete my purchase,Payment Gateway Upgrade
R2006,C30735,2026-03-19,2,Transaction failed repeatedly,Payment Gateway Upgrade
R2007,C97801,2026-03-19,1,Card was charged but order failed,Payment Gateway Upgrade
R2008,C58756,2026-03-19,2,Transaction failed repeatedly,Payment Gateway Upgrade
R2009,C24163,2026-03-19,1,Payment keeps failing during checkout,Payment Gateway Upgrade
R2010,C96503,2026-03-19,2,Payment keeps failing during checkout,Payment Gateway Upgrade
R2011,C9874,2026-03-19,1,Transaction failed repeatedly,Payment Gateway Upgrade
R2012,C5034,2026-03-19,2,Could not complete my purchase,Payment Gateway Upgrade
R2013,C87135,2026-03-19,2,Transaction failed repeatedly,Payment Gateway Upgrade
R2014,C45247,2026-03-19,2,Payment keeps failing during checkout,Payment Gateway Upgrade
R2015,C59659,2026-03-19,1,Unable to place order after payment,Payment Gateway Upgrade
R2016,C89386,2026-03-19,2,Checkout page froze multiple times,Payment Gateway Upgrade
R2017,C12941,2026-03-19,1,Transaction failed repeatedly,Payment Gateway Upgrade
R2018,C32967,2026-03-20,2,Card was charged but order failed,Payment Gateway Upgrade
R2019,C17175,2026-03-20,1,Could not complete my purchase,Payment Gateway Upgrade
R2020,C44238,2026-03-20,2,Transaction failed repeatedly,Payment Gateway Upgrade
R2021,C86007,2026-03-20,2,Could not complete my purchase,Payment Gateway Upgrade
R2022,C25364,2026-03-20,1,Payment keeps failing during checkout,Payment Gateway Upgrade
R2023,C72834,2026-03-20,1,Card was charged but order failed,Payment Gateway Upgrade
R2024,C76647,2026-03-20,2,Payment keeps failing during checkout,Payment Gateway Upgrade
R2025,C1606,2026-03-20,1,Card was charged but order failed,Payment Gateway Upgrade
R2026,C29266,2026-03-20,1,Checkout page froze multiple times,Payment Gateway Upgrade
R2027,C25792,2026-03-20,1,Checkout page froze multiple times,Payment Gateway Upgrade
R2028,C91963,2026-03-20,1,Transaction failed repeatedly,Payment Gateway Upgrade
R2029,C99695,2026-03-20,1,Card was charged but order failed,Payment Gateway Upgrade
R2030,C51416,2026-03-20,2,Unable to place order after payment,Payment Gateway Upgrade
R2031,C1516,2026-03-20,1,Payment keeps failing during checkout,Payment Gateway Upgrade
R2032,C56241,2026-03-20,2,Checkout page froze multiple times,Payment Gateway Upgrade
R2033,C31187,2026-03-20,2,Checkout page froze multiple times,Payment Gateway Upgrade
R2034,C87030,2026-03-20,1,Payment keeps failing during checkout,Payment Gateway Upgrade
R2035,C75484,2026-03-20,1,Checkout page froze multiple times,Payment Gateway Upgrade
R2036,C28351,2026-03-20,1,Card was charged but order failed,Payment Gateway Upgrade
R2037,C97435,2026-03-20,2,Transaction failed repeatedly,Payment Gateway Upgrade
R2038,C61958,2026-03-20,2,Could not complete my purchase,Payment Gateway Upgrade
R2039,C63773,2026-03-20,2,Could not complete my purchase,Payment Gateway Upgrade
R2040,C64174,2026-03-20,1,Unable to place order after payment,Payment Gateway Upgrade
R2041,C81011,2026-03-20,1,Checkout page froze multiple times,Payment Gateway Upgrade
R2042,C13387,2026-03-20,1,Unable to place order after payment,Payment Gateway Upgrade
R2043,C23475,2026-03-20,1,Unable to place order after payment,Payment Gateway Upgrade
R2044,C21046,2026-03-20,1,Could not complete my purchase,Payment Gateway Upgrade
R2045,C22707,2026-03-20,2,Unable to place order after payment,Payment Gateway Upgrade
R2046,C52950,2026-03-20,1,Card was charged but order failed,Payment Gateway Upgrade
R2047,C91757,2026-03-20,2,Checkout page froze multiple times,Payment Gateway Upgrade
R2048,C83256,2026-03-20,1,Payment keeps failing during checkout,Payment Gateway Upgrade
R2049,C61827,2026-03-20,1,Unable to place order after payment,Payment Gateway Upgrade
R2050,C50907,2026-03-20,1,Unable to place order after payment,Payment Gateway Upgrade
R2051,C68695,2026-03-20,1,Unable to place order after payment,Payment Gateway Upgrade
R2052,C38186,2026-03-20,2,Payment keeps failing during checkout,Payment Gateway Upgrade
R2053,C71140,2026-03-20,1,Transaction failed repeatedly,Payment Gateway Upgrade
R2054,C16767,2026-03-20,1,Transaction failed repeatedly,Payment Gateway Upgrade
R2055,C17797,2026-03-20,1,Payment keeps failing during checkout,Payment Gateway Upgrade
R2056,C8803,2026-03-20,2,Checkout page froze multiple times,Payment Gateway Upgrade
R2057,C34160,2026-03-20,1,Card was charged but order failed,Payment Gateway Upgrade
R2058,C30481,2026-03-20,2,Transaction failed repeatedly,Payment Gateway Upgrade
R2059,C47767,2026-03-20,2,Card was charged but order failed,Payment Gateway Upgrade
R2060,C70991,2026-03-20,1,Could not complete my purchase,Payment Gateway Upgrade
R2061,C37426,2026-03-20,1,Unable to place order after payment,Payment Gateway Upgrade
R2062,C86989,2026-03-21,1,Checkout page froze multiple times,Payment Gateway Upgrade
R2063,C87528,2026-03-21,1,Payment keeps failing during checkout,Payment Gateway Upgrade
R2064,C15582,2026-03-21,1,Transaction failed repeatedly,Payment Gateway Upgrade
R2065,C41985,2026-03-21,1,Card was charged but order failed,Payment Gateway Upgrade
R2066,C62700,2026-03-21,1,Could not complete my purchase,Payment Gateway Upgrade
R2067,C23650,2026-03-21,1,Unable to place order after payment,Payment Gateway Upgrade
R2068,C5597,2026-03-21,1,Could not complete my purchase,Payment Gateway Upgrade
R2069,C83982,2026-03-21,1,Transaction failed repeatedly,Payment Gateway Upgrade
R2070,C13669,2026-03-21,1,Checkout page froze multiple times,Payment Gateway Upgrade
R2071,C11358,2026-03-21,2,Unable to place order after payment,Payment Gateway Upgrade
R2072,C15805,2026-03-21,1,Transaction failed repeatedly,Payment Gateway Upgrade
R2073,C28133,2026-03-21,2,Transaction failed repeatedly,Payment Gateway Upgrade
R2074,C9131,2026-03-21,1,Could not complete my purchase,Payment Gateway Upgrade
R2075,C51703,2026-03-21,1,Payment keeps failing during checkout,Payment Gateway Upgrade
R2076,C6055,2026-03-21,2,Could not complete my purchase,Payment Gateway Upgrade
R2077,C76369,2026-03-21,2,Could not complete my purchase,Payment Gateway Upgrade
R2078,C28308,2026-03-21,1,Payment keeps failing during checkout,Payment Gateway Upgrade
R2079,C79336,2026-03-21,1,Checkout page froze multiple times,Payment Gateway Upgrade
R2080,C57609,2026-03-21,1,Payment keeps failing during checkout,Payment Gateway Upgrade
R2081,C31552,2026-03-21,2,Checkout page froze multiple times,Payment Gateway Upgrade
R2082,C45213,2026-03-21,2,Unable to place order after payment,Payment Gateway Upgrade
R2083,C9825,2026-03-21,2,Unable to place order after payment,Payment Gateway Upgrade
R2084,C216,2026-03-21,2,Could not complete my purchase,Payment Gateway Upgrade
R2085,C68690,2026-03-21,1,Card was charged but order failed,Payment Gateway Upgrade
R2086,C99872,2026-03-21,1,Checkout page froze multiple times,Payment Gateway Upgrade
R2087,C33897,2026-03-21,2,Payment keeps failing during checkout,Payment Gateway Upgrade
R2088,C5584,2026-03-21,2,Card was charged but order failed,Payment Gateway Upgrade
R2089,C4568,2026-03-21,1,Could not complete my purchase,Payment Gateway Upgrade
R2090,C13330,2026-03-21,1,Payment keeps failing during checkout,Payment Gateway Upgrade
R2091,C229,2026-03-21,1,Unable to place order after payment,Payment Gateway Upgrade
R2092,C57770,2026-03-21,1,Checkout page froze multiple times,Payment Gateway Upgrade
R2093,C33687,2026-03-21,2,Payment keeps failing during checkout,Payment Gateway Upgrade
R2094,C2810,2026-03-21,1,Unable to place order after payment,Payment Gateway Upgrade
R2095,C42819,2026-03-21,1,Could not complete my purchase,Payment Gateway Upgrade
R2096,C95528,2026-03-21,2,Could not complete my purchase,Payment Gateway Upgrade
R2097,C16577,2026-03-21,1,Unable to place order after payment,Payment Gateway Upgrade
R2098,C73780,2026-03-21,2,Card was charged but order failed,Payment Gateway Upgrade
R2099,C52117,2026-03-21,1,Could not complete my purchase,Payment Gateway Upgrade
R2100,C62895,2026-03-21,1,Could not complete my purchase,Payment Gateway Upgrade
R2101,C97976,2026-03-21,2,Card was charged but order failed,Payment Gateway Upgrade
R2102,C92692,2026-03-21,1,Checkout page froze multiple times,Payment Gateway Upgrade
R2103,C80961,2026-03-21,1,Checkout page froze multiple times,Payment Gateway Upgrade
R2104,C44463,2026-03-22,1,Payment keeps failing during checkout,Payment Gateway Upgrade
R2105,C41911,2026-03-22,1,Checkout page froze multiple times,Payment Gateway Upgrade
R2106,C22814,2026-03-22,1,Card was charged but order failed,Payment Gateway Upgrade
R2107,C18558,2026-03-22,2,Transaction failed repeatedly,Payment Gateway Upgrade
R2108,C84578,2026-03-22,2,Transaction failed repeatedly,Payment Gateway Upgrade
R2109,C67696,2026-03-22,2,Payment keeps failing during checkout,Payment Gateway Upgrade
R2110,C4369,2026-03-22,1,Could not complete my purchase,Payment Gateway Upgrade
R2111,C46041,2026-03-22,1,Unable to place order after payment,Payment Gateway Upgrade
R2112,C28611,2026-03-22,2,Unable to place order after payment,Payment Gateway Upgrade
R2113,C26082,2026-03-22,1,Checkout page froze multiple times,Payment Gateway Upgrade
R2114,C64385,2026-03-22,2,Checkout page froze multiple times,Payment Gateway Upgrade
R2115,C35526,2026-03-22,2,Card was charged but order failed,Payment Gateway Upgrade
R2116,C55515,2026-03-22,1,Transaction failed repeatedly,Payment Gateway Upgrade
R2117,C74220,2026-03-22,2,Transaction failed repeatedly,Payment Gateway Upgrade
R2118,C63144,2026-03-22,2,Checkout page froze multiple times,Payment Gateway Upgrade
R2119,C12353,2026-03-22,1,Could not complete my purchase,Payment Gateway Upgrade
R2120,C96427,2026-03-22,2,Card was charged but order failed,Payment Gateway Upgrade
R2121,C33303,2026-03-22,2,Payment keeps failing during checkout,Payment Gateway Upgrade
R2122,C67692,2026-03-22,1,Card was charged but order failed,Payment Gateway Upgrade
R2123,C43460,2026-03-22,1,Could not complete my purchase,Payment Gateway Upgrade
R2124,C32770,2026-03-22,1,Unable to place order after payment,Payment Gateway Upgrade
R2125,C80357,2026-03-22,1,Could not complete my purchase,Payment Gateway Upgrade
R2126,C43881,2026-03-22,2,Card was charged but order failed,Payment Gateway Upgrade
R2127,C76277,2026-03-22,1,Card was charged but order failed,Payment Gateway Upgrade
R2128,C57234,2026-03-22,1,Could not complete my purchase,Payment Gateway Upgrade
R2129,C70935,2026-03-22,1,Unable to place order after payment,Payment Gateway Upgrade
R2130,C82988,2026-03-22,1,Could not complete my purchase,Payment Gateway Upgrade
R2131,C39887,2026-03-22,1,Checkout page froze multiple times,Payment Gateway Upgrade
R2132,C25280,2026-03-22,1,Card was charged but order failed,Payment Gateway Upgrade
R2133,C79738,2026-03-22,2,Checkout page froze multiple times,Payment Gateway Upgrade
R2134,C8998,2026-03-22,1,Payment keeps failing during checkout,Payment Gateway Upgrade
R2135,C59471,2026-03-22,1,Unable to place order after payment,Payment Gateway Upgrade
R2136,C63657,2026-03-22,1,Checkout page froze multiple times,Payment Gateway Upgrade
R2137,C76291,2026-03-22,2,Payment keeps failing during checkout,Payment Gateway Upgrade
R2138,C43602,2026-03-22,1,Could not complete my purchase,Payment Gateway Upgrade
R2139,C48129,2026-03-22,1,Checkout page froze multiple times,Payment Gateway Upgrade
R2140,C35334,2026-03-22,1,Transaction failed repeatedly,Payment Gateway Upgrade
R2141,C4322,2026-03-22,1,Could not complete my purchase,Payment Gateway Upgrade
R2142,C55422,2026-03-22,2,Unable to place order after payment,Payment Gateway Upgrade
R2143,C10314,2026-03-22,1,Card was charged but order failed,Payment Gateway Upgrade
R2144,C5802,2026-03-22,1,Checkout page froze multiple times,Payment Gateway Upgrade
R2145,C18985,2026-03-22,1,Checkout page froze multiple times,Payment Gateway Upgrade
R2146,C71377,2026-03-22,2,Unable to place order after payment,Payment Gateway Upgrade
R2147,C50618,2026-03-22,1,Unable to place order after payment,Payment Gateway Upgrade
R2148,C88178,2026-03-22,1,Could not complete my purchase,Payment Gateway Upgrade
R2149,C7383,2026-03-22,1,Transaction failed repeatedly,Payment Gateway Upgrade
R2150,C59839,2026-03-22,1,Card was charged but order failed,Payment Gateway Upgrade
R2151,C67658,2026-03-22,1,Could not complete my purchase,Payment Gateway Upgrade
R2152,C86443,2026-03-22,1,Payment keeps failing during checkout,Payment Gateway Upgrade
R2153,C61869,2026-03-22,1,Transaction failed repeatedly,Payment Gateway Upgrade
R2154,C31377,2026-03-22,1,Unable to place order after payment,Payment Gateway Upgrade
R2155,C17273,2026-03-23,1,Payment keeps failing during checkout,Payment Gateway Upgrade
R2156,C3721,2026-03-23,1,Card was charged but order failed,Payment Gateway Upgrade
R2157,C53365,2026-03-23,2,Card was charged but order failed,Payment Gateway Upgrade
R2158,C61608,2026-03-23,2,Could not complete my purchase,Payment Gateway Upgrade
R2159,C68245,2026-03-23,2,Could not complete my purchase,Payment Gateway Upgrade
R2160,C32920,2026-03-23,2,Could not complete my purchase,Payment Gateway Upgrade
R2161,C79402,2026-03-23,1,Could not complete my purchase,Payment Gateway Upgrade
R2162,C78930,2026-03-23,2,Card was charged but order failed,Payment Gateway Upgrade
R2163,C32925,2026-03-23,1,Payment keeps failing during checkout,Payment Gateway Upgrade
R2164,C54676,2026-03-23,2,Card was charged but order failed,Payment Gateway Upgrade
R2165,C77005,2026-03-23,1,Checkout page froze multiple times,Payment Gateway Upgrade
R2166,C82917,2026-03-23,1,Checkout page froze multiple times,Payment Gateway Upgrade
R2167,C80410,2026-03-23,1,Checkout page froze multiple times,Payment Gateway Upgrade
R2168,C7854,2026-03-23,1,Payment keeps failing during checkout,Payment Gateway Upgrade
R2169,C38368,2026-03-23,1,Card was charged but order failed,Payment Gateway Upgrade
R2170,C63457,2026-03-23,1,Transaction failed repeatedly,Payment Gateway Upgrade
R2171,C30700,2026-03-23,1,Could not complete my purchase,Payment Gateway Upgrade
R2172,C92991,2026-03-23,1,Payment keeps failing during checkout,Payment Gateway Upgrade
R2173,C94775,2026-03-23,1,Checkout page froze multiple times,Payment Gateway Upgrade
R2174,C87348,2026-03-23,1,Could not complete my purchase,Payment Gateway Upgrade
R2175,C46855,2026-03-23,2,Card was charged but order failed,Payment Gateway Upgrade
R2176,C56208,2026-03-23,2,Unable to place order after payment,Payment Gateway Upgrade
R2177,C9345,2026-03-23,2,Transaction failed repeatedly,Payment Gateway Upgrade
R2178,C29814,2026-03-23,1,Payment keeps failing during checkout,Payment Gateway Upgrade
R2179,C4583,2026-03-23,1,Could not complete my purchase,Payment Gateway Upgrade
R2180,C37012,2026-03-23,1,Card was charged but order failed,Payment Gateway Upgrade
R2181,C84634,2026-03-23,1,Payment keeps failing during checkout,Payment Gateway Upgrade
R2182,C40097,2026-03-23,1,Could not complete my purchase,Payment Gateway Upgrade
R2183,C82644,2026-03-23,1,Could not complete my purchase,Payment Gateway Upgrade
R2184,C28413,2026-03-23,2,Checkout page froze multiple times,Payment Gateway Upgrade
R2185,C49550,2026-03-23,2,Could not complete my purchase,Payment Gateway Upgrade
R2186,C25740,2026-03-23,1,Card was charged but order failed,Payment Gateway Upgrade
R2187,C15117,2026-03-23,1,Could not complete my purchase,Payment Gateway Upgrade
R2188,C43618,2026-03-23,1,Unable to place order after payment,Payment Gateway Upgrade
R2189,C72604,2026-03-23,1,Card was charged but order failed,Payment Gateway Upgrade
R2190,C92906,2026-03-23,1,Card was charged but order failed,Payment Gateway Upgrade
R2191,C52429,2026-03-23,1,Payment keeps failing during checkout,Payment Gateway Upgrade
R2192,C5500,2026-03-23,2,Payment keeps failing during checkout,Payment Gateway Upgrade
R2193,C4995,2026-03-23,1,Could not complete my purchase,Payment Gateway Upgrade
R2194,C73806,2026-03-24,2,Could not complete my purchase,Payment Gateway Upgrade
R2195,C90350,2026-03-24,1,Checkout page froze multiple times,Payment Gateway Upgrade
R2196,C44388,2026-03-24,1,Unable to place order after payment,Payment Gateway Upgrade
R2197,C20660,2026-03-24,1,Unable to place order after payment,Payment Gateway Upgrade
R2198,C81269,2026-03-24,1,Checkout page froze multiple times,Payment Gateway Upgrade
R2199,C70112,2026-03-24,1,Checkout page froze multiple times,Payment Gateway Upgrade
R2200,C89243,2026-03-24,1,Checkout page froze multiple times,Payment Gateway Upgrade
R2201,C17200,2026-03-24,1,Transaction failed repeatedly,Payment Gateway Upgrade
R2202,C49295,2026-03-24,1,Checkout page froze multiple times,Payment Gateway Upgrade
R2203,C535,2026-03-24,1,Checkout page froze multiple times,Payment Gateway Upgrade
R2204,C36111,2026-03-24,1,Transaction failed repeatedly,Payment Gateway Upgrade
R2205,C64017,2026-03-24,1,Checkout page froze multiple times,Payment Gateway Upgrade
R2206,C66709,2026-03-24,1,Could not complete my purchase,Payment Gateway Upgrade
R2207,C34410,2026-03-24,1,Payment keeps failing during checkout,Payment Gateway Upgrade
R2208,C24055,2026-03-24,1,Transaction failed repeatedly,Payment Gateway Upgrade
R2209,C364,2026-03-24,1,Unable to place order after payment,Payment Gateway Upgrade
R2210,C72202,2026-03-24,1,Unable to place order after payment,Payment Gateway Upgrade
R2211,C91075,2026-03-24,1,Could not complete my purchase,Payment Gateway Upgrade
R2212,C20225,2026-03-24,2,Unable to place order after payment,Payment Gateway Upgrade
R2213,C30826,2026-03-24,1,Card was charged but order failed,Payment Gateway Upgrade
R2214,C3204,2026-03-24,1,Transaction failed repeatedly,Payment Gateway Upgrade
R2215,C68620,2026-03-24,2,Could not complete my purchase,Payment Gateway Upgrade
R2216,C33542,2026-03-24,2,Payment keeps failing during checkout,Payment Gateway Upgrade
R2217,C64953,2026-03-24,1,Transaction failed repeatedly,Payment Gateway Upgrade
R2218,C2568,2026-03-24,1,Card was charged but order failed,Payment Gateway Upgrade
R2219,C66276,2026-03-24,1,Could not complete my purchase,Payment Gateway Upgrade
R2220,C9328,2026-03-24,2,Could not complete my purchase,Payment Gateway Upgrade
R2221,C10493,2026-03-24,1,Card was charged but order failed,Payment Gateway Upgrade
R2222,C63218,2026-03-24,2,Unable to place order after payment,Payment Gateway Upgrade
R2223,C18668,2026-03-24,2,Transaction failed repeatedly,Payment Gateway Upgrade
R2224,C11284,2026-03-24,1,Could not complete my purchase,Payment Gateway Upgrade
R2225,C46502,2026-03-24,1,Payment keeps failing during checkout,Payment Gateway Upgrade
R2226,C30252,2026-03-24,1,Unable to place order after payment,Payment Gateway Upgrade
R2227,C15735,2026-03-24,1,Unable to place order after payment,Payment Gateway Upgrade
R2228,C83601,2026-03-24,1,Unable to place order after payment,Payment Gateway Upgrade
R2229,C9112,2026-03-24,2,Checkout page froze multiple times,Payment Gateway Upgrade
R2230,C80584,2026-03-24,1,Checkout page froze multiple times,Payment Gateway Upgrade
R2231,C85845,2026-03-24,1,Transaction failed repeatedly,Payment Gateway Upgrade
R2232,C34776,2026-03-24,1,Payment keeps failing during checkout,Payment Gateway Upgrade
R2233,C24504,2026-03-24,1,Payment keeps failing during checkout,Payment Gateway Upgrade
R2234,C39264,2026-03-24,1,Card was charged but order failed,Payment Gateway Upgrade
R2235,C51483,2026-03-24,1,Card was charged but order failed,Payment Gateway Upgrade
R2236,C40116,2026-03-24,1,Could not complete my purchase,Payment Gateway Upgrade
R2237,C24601,2026-03-24,1,Could not complete my purchase,Payment Gateway Upgrade
R2238,C41140,2026-03-24,2,Checkout page froze multiple times,Payment Gateway Upgrade
R2239,C87839,2026-03-24,1,Unable to place order after payment,Payment Gateway Upgrade
R2240,C78354,2026-03-25,2,Payment keeps failing during checkout,Payment Gateway Upgrade
R2241,C57940,2026-03-25,1,Payment keeps failing during checkout,Payment Gateway Upgrade
R2242,C23549,2026-03-25,2,Checkout page froze multiple times,Payment Gateway Upgrade
R2243,C40702,2026-03-25,1,Unable to place order after payment,Payment Gateway Upgrade
R2244,C16693,2026-03-25,2,Transaction failed repeatedly,Payment Gateway Upgrade
R2245,C41137,2026-03-25,1,Could not complete my purchase,Payment Gateway Upgrade
R2246,C15578,2026-03-25,2,Checkout page froze multiple times,Payment Gateway Upgrade
R2247,C81732,2026-03-25,1,Card was charged but order failed,Payment Gateway Upgrade
R2248,C94949,2026-03-25,1,Could not complete my purchase,Payment Gateway Upgrade
R2249,C46331,2026-03-25,1,Unable to place order after payment,Payment Gateway Upgrade
R2250,C86808,2026-03-25,1,Unable to place order after payment,Payment Gateway Upgrade
R2251,C34696,2026-03-25,1,Could not complete my purchase,Payment Gateway Upgrade
R2252,C49157,2026-03-25,2,Could not complete my purchase,Payment Gateway Upgrade
R2253,C80909,2026-03-25,1,Could not complete my purchase,Payment Gateway Upgrade
R2254,C68200,2026-03-25,1,Checkout page froze multiple times,Payment Gateway Upgrade
R2255,C3327,2026-03-25,1,Checkout page froze multiple times,Payment Gateway Upgrade
R2256,C4764,2026-03-25,2,Card was charged but order failed,Payment Gateway Upgrade
R2257,C11222,2026-03-25,1,Could not complete my purchase,Payment Gateway Upgrade
R2258,C37861,2026-03-25,1,Card was charged but order failed,Payment Gateway Upgrade
R2259,C13516,2026-03-25,2,Could not complete my purchase,Payment Gateway Upgrade
R2260,C59936,2026-03-25,2,Unable to place order after payment,Payment Gateway Upgrade
R2261,C77130,2026-03-25,1,Transaction failed repeatedly,Payment Gateway Upgrade
R2262,C5813,2026-03-25,1,Card was charged but order failed,Payment Gateway Upgrade
R2263,C54634,2026-03-25,1,Unable to place order after payment,Payment Gateway Upgrade
R2264,C8447,2026-03-25,1,Card was charged but order failed,Payment Gateway Upgrade
R2265,C27201,2026-03-25,2,Card was charged but order failed,Payment Gateway Upgrade
R2266,C61466,2026-03-25,1,Card was charged but order failed,Payment Gateway Upgrade
R2267,C87893,2026-03-25,1,Transaction failed repeatedly,Payment Gateway Upgrade
R2268,C20699,2026-03-25,1,Transaction failed repeatedly,Payment Gateway Upgrade
R2269,C56464,2026-03-25,1,Transaction failed repeatedly,Payment Gateway Upgrade
R2270,C70248,2026-03-25,2,Unable to place order after payment,Payment Gateway Upgrade
R2271,C80172,2026-03-25,1,Transaction failed repeatedly,Payment Gateway Upgrade
R2272,C90368,2026-03-25,1,Card was charged but order failed,Payment Gateway Upgrade
R2273,C10764,2026-03-25,1,Payment keeps failing during checkout,Payment Gateway Upgrade
R2274,C11958,2026-03-25,2,Transaction failed repeatedly,Payment Gateway Upgrade
R2275,C27106,2026-03-25,2,Card was charged but order failed,Payment Gateway Upgrade
R2276,C96871,2026-03-25,1,Unable to place order after payment,Payment Gateway Upgrade
R2277,C57914,2026-03-25,1,Could not complete my purchase,Payment Gateway Upgrade
R2278,C99509,2026-03-25,1,Unable to place order after payment,Payment Gateway Upgrade
R2279,C85093,2026-03-25,1,Payment keeps failing during checkout,Payment Gateway Upgrade
R2280,C98959,2026-03-25,1,Checkout page froze multiple times,Payment Gateway Upgrade
R2281,C73949,2026-03-25,1,Unable to place order after payment,Payment Gateway Upgrade
R2282,C26628,2026-03-26,1,Could not complete my purchase,Payment Gateway Upgrade
R2283,C29476,2026-03-26,1,Could not complete my purchase,Payment Gateway Upgrade
R2284,C3682,2026-03-26,1,Payment keeps failing during checkout,Payment Gateway Upgrade
R2285,C42293,2026-03-26,1,Card was charged but order failed,Payment Gateway Upgrade
R2286,C5630,2026-03-26,2,Could not complete my purchase,Payment Gateway Upgrade
R2287,C34766,2026-03-26,1,Payment keeps failing during checkout,Payment Gateway Upgrade
R2288,C56575,2026-03-26,1,Card was charged but order failed,Payment Gateway Upgrade
R2289,C27676,2026-03-26,1,Transaction failed repeatedly,Payment Gateway Upgrade
R2290,C40564,2026-03-26,2,Could not complete my purchase,Payment Gateway Upgrade
R2291,C89255,2026-03-26,1,Transaction failed repeatedly,Payment Gateway Upgrade
R2292,C80731,2026-03-26,1,Could not complete my purchase,Payment Gateway Upgrade
R2293,C40871,2026-03-26,1,Checkout page froze multiple times,Payment Gateway Upgrade
R2294,C22822,2026-03-26,1,Could not complete my purchase,Payment Gateway Upgrade
R2295,C836,2026-03-26,1,Unable to place order after payment,Payment Gateway Upgrade
R2296,C69352,2026-03-26,2,Could not complete my purchase,Payment Gateway Upgrade
R2297,C68144,2026-03-26,1,Unable to place order after payment,Payment Gateway Upgrade
R2298,C77528,2026-03-26,1,Checkout page froze multiple times,Payment Gateway Upgrade
R2299,C35920,2026-03-26,2,Payment keeps failing during checkout,Payment Gateway Upgrade
R2300,C72591,2026-03-26,2,Payment keeps failing during checkout,Payment Gateway Upgrade
R2301,C46016,2026-03-26,1,Checkout page froze multiple times,Payment Gateway Upgrade
R2302,C3492,2026-03-26,1,Unable to place order after payment,Payment Gateway Upgrade
R2303,C6998,2026-03-26,1,Checkout page froze multiple times,Payment Gateway Upgrade
R2304,C38524,2026-03-26,2,Could not complete my purchase,Payment Gateway Upgrade
R2305,C87509,2026-03-26,1,Payment keeps failing during checkout,Payment Gateway Upgrade
R2306,C64927,2026-03-26,2,Card was charged but order failed,Payment Gateway Upgrade
R2307,C44981,2026-03-26,2,Could not complete my purchase,Payment Gateway Upgrade
R2308,C55964,2026-03-26,1,Card was charged but order failed,Payment Gateway Upgrade
R2309,C15505,2026-03-26,1,Transaction failed repeatedly,Payment Gateway Upgrade
R2310,C65939,2026-03-26,2,Could not complete my purchase,Payment Gateway Upgrade
R2311,C55502,2026-03-26,1,Unable to place order after payment,Payment Gateway Upgrade
R2312,C79316,2026-03-26,1,Unable to place order after payment,Payment Gateway Upgrade
R2313,C89388,2026-03-26,2,Card was charged but order failed,Payment Gateway Upgrade
R2314,C57890,2026-03-26,1,Payment keeps failing during checkout,Payment Gateway Upgrade
R2315,C19424,2026-03-26,1,Could not complete my purchase,Payment Gateway Upgrade
R2316,C94439,2026-03-26,1,Could not complete my purchase,Payment Gateway Upgrade
R2317,C79370,2026-03-26,1,Transaction failed repeatedly,Payment Gateway Upgrade
R2318,C78976,2026-03-26,1,Unable to place order after payment,Payment Gateway Upgrade
R2319,C58561,2026-03-26,1,Checkout page froze multiple times,Payment Gateway Upgrade
R2320,C68686,2026-03-26,2,Card was charged but order failed,Payment Gateway Upgrade
R2321,C86065,2026-03-26,2,Transaction failed repeatedly,Payment Gateway Upgrade
R2322,C35898,2026-03-26,1,Payment keeps failing during checkout,Payment Gateway Upgrade
R2323,C43828,2026-03-26,1,Payment keeps failing during checkout,Payment Gateway Upgrade
R2324,C30271,2026-03-26,2,Transaction failed repeatedly,Payment Gateway Upgrade
R2325,C65185,2026-03-26,2,Checkout page froze multiple times,Payment Gateway Upgrade
R2326,C49598,2026-03-26,2,Transaction failed repeatedly,Payment Gateway Upgrade
R2327,C81516,2026-03-26,2,Transaction failed repeatedly,Payment Gateway Upgrade
R2328,C91961,2026-03-26,1,Could not complete my purchase,Payment Gateway Upgrade
R2329,C43227,2026-03-26,2,Payment keeps failing during checkout,Payment Gateway Upgrade
R2330,C69712,2026-03-26,2,Transaction failed repeatedly,Payment Gateway Upgrade
R2331,C21396,2026-03-26,1,Unable to place order after payment,Payment Gateway Upgrade
R2332,C41116,2026-03-26,1,Unable to place order after payment,Payment Gateway Upgrade
R2333,C79791,2026-03-26,1,Transaction failed repeatedly,Payment Gateway Upgrade
R2334,C28691,2026-03-26,2,Unable to place order after payment,Payment Gateway Upgrade
R2335,C86293,2026-03-27,1,Transaction failed repeatedly,Payment Gateway Upgrade
R2336,C44355,2026-03-27,1,Checkout page froze multiple times,Payment Gateway Upgrade
R2337,C99302,2026-03-27,1,Payment keeps failing during checkout,Payment Gateway Upgrade
R2338,C87476,2026-03-27,1,Transaction failed repeatedly,Payment Gateway Upgrade
R2339,C24503,2026-03-27,1,Card was charged but order failed,Payment Gateway Upgrade
R2340,C97229,2026-03-27,1,Unable to place order after payment,Payment Gateway Upgrade
R2341,C82769,2026-03-27,2,Payment keeps failing during checkout,Payment Gateway Upgrade
R2342,C22739,2026-03-27,2,Transaction failed repeatedly,Payment Gateway Upgrade
R2343,C96298,2026-03-27,1,Unable to place order after payment,Payment Gateway Upgrade
R2344,C25617,2026-03-27,1,Checkout page froze multiple times,Payment Gateway Upgrade
R2345,C98879,2026-03-27,1,Checkout page froze multiple times,Payment Gateway Upgrade
R2346,C26129,2026-03-27,1,Unable to place order after payment,Payment Gateway Upgrade
R2347,C21877,2026-03-27,2,Transaction failed repeatedly,Payment Gateway Upgrade
R2348,C71207,2026-03-27,1,Unable to place order after payment,Payment Gateway Upgrade
R2349,C52612,2026-03-27,1,Card was charged but order failed,Payment Gateway Upgrade
R2350,C7838,2026-03-27,1,Unable to place order after payment,Payment Gateway Upgrade
R2351,C51013,2026-03-27,2,Card was charged but order failed,Payment Gateway Upgrade
R2352,C17107,2026-03-27,1,Could not complete my purchase,Payment Gateway Upgrade
R2353,C37662,2026-03-27,1,Card was charged but order failed,Payment Gateway Upgrade
R2354,C21121,2026-03-27,1,Checkout page froze multiple times,Payment Gateway Upgrade
R2355,C42908,2026-03-27,1,Card was charged but order failed,Payment Gateway Upgrade
R2356,C50902,2026-03-27,2,Card was charged but order failed,Payment Gateway Upgrade
R2357,C50252,2026-03-27,1,Checkout page froze multiple times,Payment Gateway Upgrade
R2358,C76209,2026-03-27,1,Card was charged but order failed,Payment Gateway Upgrade
R2359,C66607,2026-03-27,1,Transaction failed repeatedly,Payment Gateway Upgrade
R2360,C54206,2026-03-27,1,Checkout page froze multiple times,Payment Gateway Upgrade
R2361,C42864,2026-03-27,1,Card was charged but order failed,Payment Gateway Upgrade
R2362,C71388,2026-03-27,1,Unable to place order after payment,Payment Gateway Upgrade
R2363,C96177,2026-03-27,1,Could not complete my purchase,Payment Gateway Upgrade
R2364,C26184,2026-03-27,1,Transaction failed repeatedly,Payment Gateway Upgrade
R2365,C87202,2026-03-27,2,Unable to place order after payment,Payment Gateway Upgrade
R2366,C62502,2026-03-27,1,Card was charged but order failed,Payment Gateway Upgrade
R2367,C31214,2026-03-27,1,Checkout page froze multiple times,Payment Gateway Upgrade
R2368,C51589,2026-03-27,2,Checkout page froze multiple times,Payment Gateway Upgrade
R2369,C74756,2026-03-27,1,Unable to place order after payment,Payment Gateway Upgrade
R2370,C84162,2026-03-28,2,Payment keeps failing during checkout,Payment Gateway Upgrade
R2371,C76959,2026-03-28,1,Checkout page froze multiple times,Payment Gateway Upgrade
R2372,C36932,2026-03-28,1,Card was charged but order failed,Payment Gateway Upgrade
R2373,C87737,2026-03-28,1,Payment keeps failing during checkout,Payment Gateway Upgrade
R2374,C38508,2026-03-28,2,Card was charged but order failed,Payment Gateway Upgrade
R2375,C6524,2026-03-28,1,Could not complete my purchase,Payment Gateway Upgrade
R2376,C31170,2026-03-28,1,Card was charged but order failed,Payment Gateway Upgrade
R2377,C13420,2026-03-28,1,Could not complete my purchase,Payment Gateway Upgrade
R2378,C76103,2026-03-28,2,Could not complete my purchase,Payment Gateway Upgrade
R2379,C6131,2026-03-28,1,Unable to place order after payment,Payment Gateway Upgrade
R2380,C42983,2026-03-28,1,Card was charged but order failed,Payment Gateway Upgrade
R2381,C52710,2026-03-28,1,Could not complete my purchase,Payment Gateway Upgrade
R2382,C8062,2026-03-28,2,Transaction failed repeatedly,Payment Gateway Upgrade
R2383,C83022,2026-03-28,2,Could not complete my purchase,Payment Gateway Upgrade
R2384,C8178,2026-03-28,2,Unable to place order after payment,Payment Gateway Upgrade
R2385,C89942,2026-03-28,2,Checkout page froze multiple times,Payment Gateway Upgrade
R2386,C82429,2026-03-28,1,Could not complete my purchase,Payment Gateway Upgrade
R2387,C75021,2026-03-28,1,Card was charged but order failed,Payment Gateway Upgrade
R2388,C6744,2026-03-28,1,Could not complete my purchase,Payment Gateway Upgrade
R2389,C57043,2026-03-28,1,Payment keeps failing during checkout,Payment Gateway Upgrade
R2390,C28553,2026-03-28,2,Transaction failed repeatedly,Payment Gateway Upgrade
R2391,C28949,2026-03-28,1,Checkout page froze multiple times,Payment Gateway Upgrade
R2392,C66491,2026-03-28,2,Unable to place order after payment,Payment Gateway Upgrade
R2393,C89081,2026-03-28,2,Checkout page froze multiple times,Payment Gateway Upgrade
R2394,C41270,2026-03-28,1,Transaction failed repeatedly,Payment Gateway Upgrade
R2395,C23148,2026-03-28,1,Checkout page froze multiple times,Payment Gateway Upgrade
R2396,C68932,2026-03-28,2,Payment keeps failing during checkout,Payment Gateway Upgrade
R2397,C63750,2026-03-28,2,Unable to place order after payment,Payment Gateway Upgrade
R2398,C54513,2026-03-28,1,Payment keeps failing during checkout,Payment Gateway Upgrade
R2399,C3833,2026-03-28,1,Checkout page froze multiple times,Payment Gateway Upgrade
R2400,C13108,2026-03-28,1,Transaction failed repeatedly,Payment Gateway Upgrade
R2401,C43482,2026-03-28,1,Card was charged but order failed,Payment Gateway Upgrade
R2402,C51639,2026-03-28,1,Unable to place order after payment,Payment Gateway Upgrade
R2403,C29114,2026-03-28,1,Checkout page froze multiple times,Payment Gateway Upgrade
R2404,C79956,2026-03-28,2,Card was charged but order failed,Payment Gateway Upgrade
R2405,C57837,2026-03-28,1,Transaction failed repeatedly,Payment Gateway Upgrade
R2406,C70602,2026-03-28,1,Card was charged but order failed,Payment Gateway Upgrade
R2407,C3408,2026-03-28,1,Payment keeps failing during checkout,Payment Gateway Upgrade
R2408,C25093,2026-03-28,1,Transaction failed repeatedly,Payment Gateway Upgrade
R2409,C26506,2026-03-28,1,Could not complete my purchase,Payment Gateway Upgrade
R2410,C73283,2026-03-28,2,Could not complete my purchase,Payment Gateway Upgrade
R2411,C99398,2026-03-28,1,Checkout page froze multiple times,Payment Gateway Upgrade
R2412,C43540,2026-03-28,1,Payment keeps failing during checkout,Payment Gateway Upgrade
R2413,C14800,2026-03-28,1,Payment keeps failing during checkout,Payment Gateway Upgrade
R2414,C50727,2026-03-28,1,Payment keeps failing during checkout,Payment Gateway Upgrade
R2415,C43334,2026-03-28,1,Payment keeps failing during checkout,Payment Gateway Upgrade
R2416,C53998,2026-03-28,1,Transaction failed repeatedly,Payment Gateway Upgrade
R2417,C14550,2026-03-28,1,Unable to place order after payment,Payment Gateway Upgrade
R2418,C75516,2026-03-28,1,Card was charged but order failed,Payment Gateway Upgrade
R2419,C93861,2026-03-28,2,Payment keeps failing during checkout,Payment Gateway Upgrade
R2420,C85782,2026-03-28,1,Payment keeps failing during checkout,Payment Gateway Upgrade
R2421,C60391,2026-03-28,1,Could not complete my purchase,Payment Gateway Upgrade
R2422,C14117,2026-03-28,1,Could not complete my purchase,Payment Gateway Upgrade
R2423,C76426,2026-03-28,1,Unable to place order after payment,Payment Gateway Upgrade
R2424,C26640,2026-03-29,2,Card was charged but order failed,Payment Gateway Upgrade
R2425,C73314,2026-03-29,1,Unable to place order after payment,Payment Gateway Upgrade
R2426,C18317,2026-03-29,1,Card was charged but order failed,Payment Gateway Upgrade
R2427,C87877,2026-03-29,1,Payment keeps failing during checkout,Payment Gateway Upgrade
R2428,C84628,2026-03-29,2,Card was charged but order failed,Payment Gateway Upgrade
R2429,C3386,2026-03-29,1,Transaction failed repeatedly,Payment Gateway Upgrade
R2430,C10368,2026-03-29,1,Transaction failed repeatedly,Payment Gateway Upgrade
R2431,C85179,2026-03-29,2,Could not complete my purchase,Payment Gateway Upgrade
R2432,C25564,2026-03-29,1,Unable to place order after payment,Payment Gateway Upgrade
R2433,C32992,2026-03-29,2,Could not complete my purchase,Payment Gateway Upgrade
R2434,C83849,2026-03-29,1,Could not complete my purchase,Payment Gateway Upgrade
R2435,C33786,2026-03-29,2,Transaction failed repeatedly,Payment Gateway Upgrade
R2436,C47998,2026-03-29,1,Checkout page froze multiple times,Payment Gateway Upgrade
R2437,C77853,2026-03-29,2,Checkout page froze multiple times,Payment Gateway Upgrade
R2438,C1894,2026-03-29,1,Card was charged but order failed,Payment Gateway Upgrade
R2439,C76769,2026-03-29,1,Could not complete my purchase,Payment Gateway Upgrade
R2440,C17510,2026-03-29,1,Transaction failed repeatedly,Payment Gateway Upgrade
R2441,C48292,2026-03-29,1,Unable to place order after payment,Payment Gateway Upgrade
R2442,C92283,2026-03-29,1,Checkout page froze multiple times,Payment Gateway Upgrade
R2443,C27939,2026-03-29,1,Payment keeps failing during checkout,Payment Gateway Upgrade
R2444,C61721,2026-03-29,2,Card was charged but order failed,Payment Gateway Upgrade
R2445,C1987,2026-03-29,1,Checkout page froze multiple times,Payment Gateway Upgrade
R2446,C94700,2026-03-29,1,Checkout page froze multiple times,Payment Gateway Upgrade
R2447,C74309,2026-03-29,1,Transaction failed repeatedly,Payment Gateway Upgrade
R2448,C1212,2026-03-29,1,Payment keeps failing during checkout,Payment Gateway Upgrade
R2449,C14346,2026-03-29,2,Unable to place order after payment,Payment Gateway Upgrade
R2450,C82422,2026-03-29,1,Could not complete my purchase,Payment Gateway Upgrade
R2451,C15174,2026-03-29,1,Transaction failed repeatedly,Payment Gateway Upgrade
R2452,C28037,2026-03-29,2,Payment keeps failing during checkout,Payment Gateway Upgrade
R2453,C14293,2026-03-29,2,Unable to place order after payment,Payment Gateway Upgrade
R2454,C67839,2026-03-29,1,Transaction failed repeatedly,Payment Gateway Upgrade
R2455,C15621,2026-03-29,1,Card was charged but order failed,Payment Gateway Upgrade
R2456,C88720,2026-03-29,1,Unable to place order after payment,Payment Gateway Upgrade
R2457,C57603,2026-03-29,1,Payment keeps failing during checkout,Payment Gateway Upgrade
R2458,C66061,2026-03-29,2,Card was charged but order failed,Payment Gateway Upgrade
R2459,C82358,2026-03-29,1,Checkout page froze multiple times,Payment Gateway Upgrade
R2460,C28478,2026-03-29,2,Checkout page froze multiple times,Payment Gateway Upgrade
R2461,C38105,2026-03-29,1,Checkout page froze multiple times,Payment Gateway Upgrade
R2462,C54881,2026-03-29,1,Checkout page froze multiple times,Payment Gateway Upgrade
R2463,C41446,2026-03-29,1,Transaction failed repeatedly,Payment Gateway Upgrade
R2464,C29686,2026-03-29,1,Transaction failed repeatedly,Payment Gateway Upgrade
R2465,C67848,2026-03-29,2,Transaction failed repeatedly,Payment Gateway Upgrade
R2466,C58866,2026-03-29,1,Could not complete my purchase,Payment Gateway Upgrade
R2467,C61193,2026-03-29,1,Payment keeps failing during checkout,Payment Gateway Upgrade
R2468,C30493,2026-03-29,2,Unable to place order after payment,Payment Gateway Upgrade
R2469,C89453,2026-03-29,1,Unable to place order after payment,Payment Gateway Upgrade
R2470,C49991,2026-03-29,1,Unable to place order after payment,Payment Gateway Upgrade
R2471,C50000,2026-03-29,2,Payment keeps failing during checkout,Payment Gateway Upgrade
R2472,C70310,2026-03-29,1,Unable to place order after payment,Payment Gateway Upgrade
R2473,C48633,2026-03-29,2,Unable to place order after payment,Payment Gateway Upgrade
R2474,C38827,2026-03-30,1,Could not complete my purchase,Payment Gateway Upgrade
R2475,C66263,2026-03-30,1,Card was charged but order failed,Payment Gateway Upgrade
R2476,C44679,2026-03-30,1,Transaction failed repeatedly,Payment Gateway Upgrade
R2477,C49435,2026-03-30,1,Could not complete my purchase,Payment Gateway Upgrade
R2478,C76313,2026-03-30,1,Could not complete my purchase,Payment Gateway Upgrade
R2479,C81495,2026-03-30,2,Payment keeps failing during checkout,Payment Gateway Upgrade
R2480,C37529,2026-03-30,1,Could not complete my purchase,Payment Gateway Upgrade
R2481,C96262,2026-03-30,1,Unable to place order after payment,Payment Gateway Upgrade
R2482,C33333,2026-03-30,1,Transaction failed repeatedly,Payment Gateway Upgrade
R2483,C78930,2026-03-30,1,Could not complete my purchase,Payment Gateway Upgrade
R2484,C99109,2026-03-30,1,Could not complete my purchase,Payment Gateway Upgrade
R2485,C9584,2026-03-30,2,Card was charged but order failed,Payment Gateway Upgrade
R2486,C60625,2026-03-30,1,Card was charged but order failed,Payment Gateway Upgrade
R2487,C29300,2026-03-30,2,Checkout page froze multiple times,Payment Gateway Upgrade
R2488,C73475,2026-03-30,1,Transaction failed repeatedly,Payment Gateway Upgrade
R2489,C70872,2026-03-30,2,Unable to place order after payment,Payment Gateway Upgrade
R2490,C59181,2026-03-30,1,Unable to place order after payment,Payment Gateway Upgrade
R2491,C59903,2026-03-30,1,Could not complete my purchase,Payment Gateway Upgrade
R2492,C39452,2026-03-30,2,Could not complete my purchase,Payment Gateway Upgrade
R2493,C34832,2026-03-30,2,Card was charged but order failed,Payment Gateway Upgrade
R2494,C95120,2026-03-30,1,Checkout page froze multiple times,Payment Gateway Upgrade
R2495,C92865,2026-03-30,1,Payment keeps failing during checkout,Payment Gateway Upgrade
R2496,C17707,2026-03-30,1,Could not complete my purchase,Payment Gateway Upgrade
R2497,C84362,2026-03-30,1,Transaction failed repeatedly,Payment Gateway Upgrade
R2498,C74855,2026-03-30,1,Checkout page froze multiple times,Payment Gateway Upgrade
R2499,C81111,2026-03-30,1,Payment keeps failing during checkout,Payment Gateway Upgrade
R2500,C85708,2026-03-30,1,Checkout page froze multiple times,Payment Gateway Upgrade
R2501,C87909,2026-03-30,2,Payment keeps failing during checkout,Payment Gateway Upgrade
R2502,C76231,2026-03-30,2,Could not complete my purchase,Payment Gateway Upgrade
R2503,C65141,2026-03-30,1,Card was charged but order failed,Payment Gateway Upgrade
R2504,C50509,2026-03-30,1,Card was charged but order failed,Payment Gateway Upgrade
R2505,C98851,2026-03-30,1,Payment keeps failing during checkout,Payment Gateway Upgrade
R2506,C34809,2026-03-30,1,Unable to place order after payment,Payment Gateway Upgrade
R2507,C68179,2026-03-30,1,Payment keeps failing during checkout,Payment Gateway Upgrade
R2508,C86323,2026-03-30,1,Payment keeps failing during checkout,Payment Gateway Upgrade
R2509,C1133,2026-03-30,1,Unable to place order after payment,Payment Gateway Upgrade
R2510,C38564,2026-03-30,2,Card was charged but order failed,Payment Gateway Upgrade
R2511,C73170,2026-03-30,2,Card was charged but order failed,Payment Gateway Upgrade
R2512,C58902,2026-03-30,1,Could not complete my purchase,Payment Gateway Upgrade
R2513,C24364,2026-03-30,1,Could not complete my purchase,Payment Gateway Upgrade
R2514,C1621,2026-03-30,1,Transaction failed repeatedly,Payment Gateway Upgrade
R2515,C37535,2026-03-30,2,Payment keeps failing during checkout,Payment Gateway Upgrade
R2516,C71630,2026-03-30,2,Checkout page froze multiple times,Payment Gateway Upgrade
R2517,C22260,2026-03-30,1,Payment keeps failing during checkout,Payment Gateway Upgrade
R2518,C57185,2026-03-30,1,Unable to place order after payment,Payment Gateway Upgrade
R2519,C6074,2026-03-30,1,Checkout page froze multiple times,Payment Gateway Upgrade
R2520,C17139,2026-03-30,2,Checkout page froze multiple times,Payment Gateway Upgrade
R2521,C89744,2026-03-31,2,Checkout page froze multiple times,Payment Gateway Upgrade
R2522,C24846,2026-03-31,1,Card was charged but order failed,Payment Gateway Upgrade
R2523,C60753,2026-03-31,1,Card was charged but order failed,Payment Gateway Upgrade
R2524,C68682,2026-03-31,2,Could not complete my purchase,Payment Gateway Upgrade
R2525,C78637,2026-03-31,1,Checkout page froze multiple times,Payment Gateway Upgrade
R2526,C69604,2026-03-31,2,Could not complete my purchase,Payment Gateway Upgrade
R2527,C32318,2026-03-31,2,Card was charged but order failed,Payment Gateway Upgrade
R2528,C68046,2026-03-31,1,Payment keeps failing during checkout,Payment Gateway Upgrade
R2529,C49834,2026-03-31,1,Payment keeps failing during checkout,Payment Gateway Upgrade
R2530,C59474,2026-03-31,1,Transaction failed repeatedly,Payment Gateway Upgrade
R2531,C23724,2026-03-31,1,Could not complete my purchase,Payment Gateway Upgrade
R2532,C65523,2026-03-31,1,Checkout page froze multiple times,Payment Gateway Upgrade
R2533,C26029,2026-03-31,1,Could not complete my purchase,Payment Gateway Upgrade
R2534,C30975,2026-03-31,2,Could not complete my purchase,Payment Gateway Upgrade
R2535,C93145,2026-03-31,2,Card was charged but order failed,Payment Gateway Upgrade
R2536,C15044,2026-03-31,1,Payment keeps failing during checkout,Payment Gateway Upgrade
R2537,C50228,2026-03-31,1,Unable to place order after payment,Payment Gateway Upgrade
R2538,C7266,2026-03-31,1,Transaction failed repeatedly,Payment Gateway Upgrade
R2539,C91039,2026-03-31,1,Card was charged but order failed,Payment Gateway Upgrade
R2540,C9248,2026-03-31,2,Transaction failed repeatedly,Payment Gateway Upgrade
R2541,C34930,2026-03-31,1,Payment keeps failing during checkout,Payment Gateway Upgrade
R2542,C86490,2026-03-31,2,Card was charged but order failed,Payment Gateway Upgrade
R2543,C6042,2026-03-31,1,Payment keeps failing during checkout,Payment Gateway Upgrade
R2544,C61870,2026-03-31,2,Could not complete my purchase,Payment Gateway Upgrade
R2545,C17549,2026-03-31,1,Card was charged but order failed,Payment Gateway Upgrade
R2546,C58761,2026-03-31,1,Card was charged but order failed,Payment Gateway Upgrade
R2547,C66345,2026-03-31,1,Could not complete my purchase,Payment Gateway Upgrade
R2548,C81900,2026-03-31,1,Card was charged but order failed,Payment Gateway Upgrade
R2549,C73549,2026-03-31,1,Could not complete my purchase,Payment Gateway Upgrade
R2550,C50282,2026-03-31,1,Unable to place order after payment,Payment Gateway Upgrade
R2551,C3896,2026-03-31,1,Card was charged but order failed,Payment Gateway Upgrade
R2552,C40098,2026-03-31,1,Checkout page froze multiple times,Payment Gateway Upgrade
R2553,C18175,2026-03-31,1,Transaction failed repeatedly,Payment Gateway Upgrade
R2554,C36675,2026-03-31,1,Unable to place order after payment,Payment Gateway Upgrade
R2555,C49465,2026-03-31,1,Transaction failed repeatedly,Payment Gateway Upgrade
R2556,C54470,2026-03-31,2,Unable to place order after payment,Payment Gateway Upgrade
R2557,C43724,2026-03-31,1,Checkout page froze multiple times,Payment Gateway Upgrade
R2558,C76299,2026-03-31,2,Payment keeps failing during checkout,Payment Gateway Upgrade
R2559,C2148,2026-03-31,1,Could not complete my purchase,Payment Gateway Upgrade
R2560,C61109,2026-03-31,1,Card was charged but order failed,Payment Gateway Upgrade
R2561,C82411,2026-03-31,1,Checkout page froze multiple times,Payment Gateway Upgrade
R2562,C9480,2026-03-31,1,Transaction failed repeatedly,Payment Gateway Upgrade
R2563,C81172,2026-03-31,1,Could not complete my purchase,Payment Gateway Upgrade
R2564,C6863,2026-03-31,1,Payment keeps failing during checkout,Payment Gateway Upgrade
R2565,C61992,2026-03-31,1,Checkout page froze multiple times,Payment Gateway Upgrade
R2566,C31827,2026-03-31,1,Could not complete my purchase,Payment Gateway Upgrade
R2567,C77991,2026-03-31,1,Could not complete my purchase,Payment Gateway Upgrade
R2568,C24531,2026-03-31,2,Card was charged but order failed,Payment Gateway Upgrade
R2569,C74095,2026-03-31,2,Transaction failed repeatedly,Payment Gateway Upgrade
R2570,C21576,2026-03-31,1,Could not complete my purchase,Payment Gateway Upgrade
R2571,C10101,2026-03-31,1,Transaction failed repeatedly,Payment Gateway Upgrade
R2572,C28805,2026-03-31,1,Transaction failed repeatedly,Payment Gateway Upgrade
R2573,C76449,2026-03-31,2,Unable to place order after payment,Payment Gateway Upgrade
R2574,C9970,2026-04-01,5,Great product and fast delivery,Normal Operations
R2575,C35984,2026-04-01,5,Good quality product,Normal Operations
R2576,C85658,2026-04-01,5,Good quality product,Normal Operations
R2577,C61314,2026-04-01,5,Will buy again from this store,Normal Operations
R2578,C14386,2026-04-01,5,Great product and fast delivery,Normal Operations
R2579,C86674,2026-04-01,4,Very satisfied with my purchase,Normal Operations
R2580,C13276,2026-04-01,5,Easy checkout process,Normal Operations
R2581,C53694,2026-04-01,4,Excellent shopping experience,Normal Operations
R2582,C80022,2026-04-01,4,Good quality product,Normal Operations
R2583,C20391,2026-04-01,5,Very satisfied with my purchase,Normal Operations
R2584,C9494,2026-04-01,5,Received order on time,Normal Operations
R2585,C95336,2026-04-01,4,Easy checkout process,Normal Operations
R2586,C22761,2026-04-01,5,Excellent shopping experience,Normal Operations
R2587,C49403,2026-04-01,5,Excellent shopping experience,Normal Operations
R2588,C91010,2026-04-01,4,Great product and fast delivery,Normal Operations
R2589,C13363,2026-04-01,5,Great product and fast delivery,Normal Operations
R2590,C18563,2026-04-01,5,Excellent shopping experience,Normal Operations
R2591,C7611,2026-04-01,4,Customer service was helpful,Normal Operations
R2592,C58048,2026-04-01,4,Very satisfied with my purchase,Normal Operations
R2593,C19666,2026-04-01,5,Great product and fast delivery,Normal Operations
R2594,C86149,2026-04-01,4,Customer service was helpful,Normal Operations
R2595,C46532,2026-04-02,4,Easy checkout process,Normal Operations
R2596,C69212,2026-04-02,5,Good quality product,Normal Operations
R2597,C57677,2026-04-02,5,Customer service was helpful,Normal Operations
R2598,C32464,2026-04-02,4,Great product and fast delivery,Normal Operations
R2599,C58774,2026-04-02,4,Will buy again from this store,Normal Operations
R2600,C62638,2026-04-02,5,Received order on time,Normal Operations
R2601,C17398,2026-04-02,4,Good quality product,Normal Operations
R2602,C47658,2026-04-02,5,Customer service was helpful,Normal Operations
R2603,C13504,2026-04-02,4,Great product and fast delivery,Normal Operations
R2604,C25346,2026-04-02,4,Will buy again from this store,Normal Operations
R2605,C59558,2026-04-02,4,Will buy again from this store,Normal Operations
R2606,C7962,2026-04-02,5,Customer service was helpful,Normal Operations
R2607,C58702,2026-04-02,4,Good quality product,Normal Operations
R2608,C99765,2026-04-02,5,Will buy again from this store,Normal Operations
R2609,C28562,2026-04-02,5,Easy checkout process,Normal Operations
R2610,C95381,2026-04-02,5,Great product and fast delivery,Normal Operations
R2611,C37147,2026-04-02,4,Great product and fast delivery,Normal Operations
R2612,C68608,2026-04-03,5,Easy checkout process,Normal Operations
R2613,C44461,2026-04-03,5,Received order on time,Normal Operations
R2614,C62120,2026-04-03,5,Great product and fast delivery,Normal Operations
R2615,C16460,2026-04-03,5,Excellent shopping experience,Normal Operations
R2616,C60664,2026-04-03,5,Customer service was helpful,Normal Operations
R2617,C19614,2026-04-03,5,Very satisfied with my purchase,Normal Operations
R2618,C86283,2026-04-03,4,Good quality product,Normal Operations
R2619,C29681,2026-04-03,4,Good quality product,Normal Operations
R2620,C74401,2026-04-03,5,Excellent shopping experience,Normal Operations
R2621,C5797,2026-04-03,5,Customer service was helpful,Normal Operations
R2622,C8223,2026-04-03,5,Easy checkout process,Normal Operations
R2623,C29826,2026-04-03,4,Easy checkout process,Normal Operations
R2624,C68323,2026-04-03,5,Will buy again from this store,Normal Operations
R2625,C25989,2026-04-03,5,Excellent shopping experience,Normal Operations
R2626,C95252,2026-04-03,5,Received order on time,Normal Operations
R2627,C17044,2026-04-03,5,Customer service was helpful,Normal Operations
R2628,C42617,2026-04-03,4,Excellent shopping experience,Normal Operations
R2629,C75433,2026-04-03,4,Will buy again from this store,Normal Operations
R2630,C99123,2026-04-03,5,Great product and fast delivery,Normal Operations
R2631,C77708,2026-04-03,5,Good quality product,Normal Operations
R2632,C93790,2026-04-03,4,Will buy again from this store,Normal Operations
R2633,C4793,2026-04-03,5,Good quality product,Normal Operations
R2634,C81788,2026-04-03,4,Customer service was helpful,Normal Operations
R2635,C94277,2026-04-03,5,Good quality product,Normal Operations
R2636,C35032,2026-04-04,5,Will buy again from this store,Normal Operations
R2637,C55312,2026-04-04,5,Excellent shopping experience,Normal Operations
R2638,C88781,2026-04-04,4,Excellent shopping experience,Normal Operations
R2639,C87641,2026-04-04,4,Good quality product,Normal Operations
R2640,C48894,2026-04-04,5,Very satisfied with my purchase,Normal Operations
R2641,C88535,2026-04-04,4,Will buy again from this store,Normal Operations
R2642,C60092,2026-04-04,5,Will buy again from this store,Normal Operations
R2643,C34319,2026-04-04,5,Easy checkout process,Normal Operations
R2644,C81104,2026-04-04,4,Received order on time,Normal Operations
R2645,C13266,2026-04-04,5,Great product and fast delivery,Normal Operations
R2646,C29188,2026-04-04,4,Great product and fast delivery,Normal Operations
R2647,C56631,2026-04-04,4,Excellent shopping experience,Normal Operations
R2648,C39386,2026-04-04,5,Will buy again from this store,Normal Operations
R2649,C97038,2026-04-04,5,Excellent shopping experience,Normal Operations
R2650,C83097,2026-04-04,5,Customer service was helpful,Normal Operations
R2651,C27627,2026-04-04,5,Good quality product,Normal Operations
R2652,C4701,2026-04-04,4,Great product and fast delivery,Normal Operations
R2653,C73397,2026-04-04,5,Received order on time,Normal Operations
R2654,C68050,2026-04-04,4,Customer service was helpful,Normal Operations
R2655,C56097,2026-04-04,4,Customer service was helpful,Normal Operations
R2656,C50249,2026-04-04,5,Customer service was helpful,Normal Operations
R2657,C75702,2026-04-04,5,Great product and fast delivery,Normal Operations
R2658,C41955,2026-04-05,4,Easy checkout process,Normal Operations
R2659,C596,2026-04-05,5,Will buy again from this store,Normal Operations
R2660,C62666,2026-04-05,4,Great product and fast delivery,Normal Operations
R2661,C66395,2026-04-05,5,Will buy again from this store,Normal Operations
R2662,C42749,2026-04-05,4,Will buy again from this store,Normal Operations
R2663,C12880,2026-04-05,4,Very satisfied with my purchase,Normal Operations
R2664,C46074,2026-04-05,4,Customer service was helpful,Normal Operations
R2665,C94732,2026-04-05,5,Will buy again from this store,Normal Operations
R2666,C11954,2026-04-05,5,Easy checkout process,Normal Operations
R2667,C75537,2026-04-05,4,Easy checkout process,Normal Operations
R2668,C4056,2026-04-05,4,Will buy again from this store,Normal Operations
R2669,C99977,2026-04-05,5,Easy checkout process,Normal Operations
R2670,C48038,2026-04-05,5,Received order on time,Normal Operations
R2671,C77927,2026-04-05,5,Easy checkout process,Normal Operations
R2672,C99526,2026-04-05,5,Great product and fast delivery,Normal Operations
R2673,C15386,2026-04-06,4,Customer service was helpful,Normal Operations
R2674,C36022,2026-04-06,4,Great product and fast delivery,Normal Operations
R2675,C89631,2026-04-06,4,Customer service was helpful,Normal Operations
R2676,C84586,2026-04-06,4,Will buy again from this store,Normal Operations
R2677,C80104,2026-04-06,4,Will buy again from this store,Normal Operations
R2678,C13336,2026-04-06,4,Received order on time,Normal Operations
R2679,C77659,2026-04-06,5,Good quality product,Normal Operations
R2680,C56948,2026-04-06,4,Great product and fast delivery,Normal Operations
R2681,C93221,2026-04-06,4,Excellent shopping experience,Normal Operations
R2682,C88291,2026-04-06,5,Excellent shopping experience,Normal Operations
R2683,C5994,2026-04-06,4,Will buy again from this store,Normal Operations
R2684,C52067,2026-04-06,4,Very satisfied with my purchase,Normal Operations
R2685,C44528,2026-04-06,5,Easy checkout process,Normal Operations
R2686,C78423,2026-04-06,5,Customer service was helpful,Normal Operations
R2687,C29087,2026-04-06,4,Easy checkout process,Normal Operations
R2688,C83570,2026-04-06,4,Easy checkout process,Normal Operations
R2689,C28943,2026-04-07,4,Received order on time,Normal Operations
R2690,C52390,2026-04-07,5,Received order on time,Normal Operations
R2691,C43891,2026-04-07,5,Customer service was helpful,Normal Operations
R2692,C79554,2026-04-07,5,Easy checkout process,Normal Operations
R2693,C77029,2026-04-07,5,Easy checkout process,Normal Operations
R2694,C98866,2026-04-07,4,Excellent shopping experience,Normal Operations
R2695,C74633,2026-04-07,5,Very satisfied with my purchase,Normal Operations
R2696,C27500,2026-04-07,4,Easy checkout process,Normal Operations
R2697,C46158,2026-04-07,4,Received order on time,Normal Operations
R2698,C295,2026-04-07,4,Will buy again from this store,Normal Operations
R2699,C11435,2026-04-07,5,Great product and fast delivery,Normal Operations
R2700,C83030,2026-04-07,4,Customer service was helpful,Normal Operations
R2701,C56800,2026-04-07,4,Good quality product,Normal Operations
R2702,C58437,2026-04-07,5,Excellent shopping experience,Normal Operations
R2703,C92104,2026-04-07,4,Received order on time,Normal Operations
R2704,C87459,2026-04-07,4,Great product and fast delivery,Normal Operations
R2705,C46738,2026-04-07,5,Good quality product,Normal Operations
R2706,C51953,2026-04-07,5,Great product and fast delivery,Normal Operations
R2707,C26850,2026-04-07,4,Will buy again from this store,Normal Operations
R2708,C43075,2026-04-07,5,Very satisfied with my purchase,Normal Operations
R2709,C770,2026-04-07,4,Received order on time,Normal Operations
R2710,C18257,2026-04-07,5,Customer service was helpful,Normal Operations
R2711,C86670,2026-04-07,4,Will buy again from this store,Normal Operations
R2712,C42400,2026-04-07,4,Received order on time,Normal Operations
R2713,C76632,2026-04-08,4,Easy checkout process,Normal Operations
R2714,C26470,2026-04-08,4,Good quality product,Normal Operations
R2715,C74703,2026-04-08,5,Excellent shopping experience,Normal Operations
R2716,C35864,2026-04-08,5,Easy checkout process,Normal Operations
R2717,C21324,2026-04-08,5,Great product and fast delivery,Normal Operations
R2718,C10620,2026-04-08,5,Great product and fast delivery,Normal Operations
R2719,C59275,2026-04-08,5,Customer service was helpful,Normal Operations
R2720,C26740,2026-04-08,4,Very satisfied with my purchase,Normal Operations
R2721,C76155,2026-04-08,5,Good quality product,Normal Operations
R2722,C20188,2026-04-08,4,Excellent shopping experience,Normal Operations
R2723,C84086,2026-04-08,5,Will buy again from this store,Normal Operations
R2724,C7643,2026-04-08,5,Good quality product,Normal Operations
R2725,C38193,2026-04-08,5,Received order on time,Normal Operations
R2726,C19559,2026-04-08,4,Excellent shopping experience,Normal Operations
R2727,C54713,2026-04-08,4,Customer service was helpful,Normal Operations
R2728,C60031,2026-04-08,5,Good quality product,Normal Operations
R2729,C97470,2026-04-08,4,Will buy again from this store,Normal Operations
R2730,C9678,2026-04-08,4,Customer service was helpful,Normal Operations
R2731,C11908,2026-04-08,4,Good quality product,Normal Operations
R2732,C44144,2026-04-08,5,Excellent shopping experience,Normal Operations
R2733,C99525,2026-04-09,5,Customer service was helpful,Normal Operations
R2734,C59759,2026-04-09,5,Easy checkout process,Normal Operations
R2735,C42579,2026-04-09,5,Excellent shopping experience,Normal Operations
R2736,C74600,2026-04-09,4,Will buy again from this store,Normal Operations
R2737,C2414,2026-04-09,4,Easy checkout process,Normal Operations
R2738,C2106,2026-04-09,5,Excellent shopping experience,Normal Operations
R2739,C58409,2026-04-09,5,Great product and fast delivery,Normal Operations
R2740,C99097,2026-04-09,4,Will buy again from this store,Normal Operations
R2741,C64281,2026-04-09,4,Received order on time,Normal Operations
R2742,C58704,2026-04-09,5,Easy checkout process,Normal Operations
R2743,C1215,2026-04-09,4,Easy checkout process,Normal Operations
R2744,C63231,2026-04-09,5,Received order on time,Normal Operations
R2745,C77807,2026-04-09,5,Received order on time,Normal Operations
R2746,C22302,2026-04-09,4,Very satisfied with my purchase,Normal Operations
R2747,C13778,2026-04-09,4,Very satisfied with my purchase,Normal Operations
R2748,C47820,2026-04-09,5,Easy checkout process,Normal Operations
R2749,C23291,2026-04-09,5,Very satisfied with my purchase,Normal Operations
R2750,C98683,2026-04-09,5,Will buy again from this store,Normal Operations
R2751,C57090,2026-04-09,5,Very satisfied with my purchase,Normal Operations
R2752,C66274,2026-04-09,5,Good quality product,Normal Operations
R2753,C87909,2026-04-09,5,Received order on time,Normal Operations
R2754,C94831,2026-04-09,4,Very satisfied with my purchase,Normal Operations
R2755,C12179,2026-04-09,4,Very satisfied with my purchase,Normal Operations
R2756,C57854,2026-04-10,4,Easy checkout process,Normal Operations
R2757,C78609,2026-04-10,4,Will buy again from this store,Normal Operations
R2758,C24162,2026-04-10,5,Very satisfied with my purchase,Normal Operations
R2759,C67314,2026-04-10,4,Great product and fast delivery,Normal Operations
R2760,C46390,2026-04-10,5,Customer service was helpful,Normal Operations
R2761,C7491,2026-04-10,5,Received order on time,Normal Operations
R2762,C35758,2026-04-10,5,Received order on time,Normal Operations
R2763,C58646,2026-04-10,4,Will buy again from this store,Normal Operations
R2764,C8999,2026-04-10,5,Easy checkout process,Normal Operations
R2765,C50478,2026-04-10,5,Easy checkout process,Normal Operations
R2766,C29093,2026-04-10,5,Very satisfied with my purchase,Normal Operations
R2767,C50722,2026-04-10,4,Easy checkout process,Normal Operations
R2768,C18303,2026-04-10,5,Will buy again from this store,Normal Operations
R2769,C51508,2026-04-10,5,Great product and fast delivery,Normal Operations
R2770,C10684,2026-04-10,4,Very satisfied with my purchase,Normal Operations
R2771,C83642,2026-04-11,5,Good quality product,Normal Operations
R2772,C36614,2026-04-11,4,Good quality product,Normal Operations
R2773,C30349,2026-04-11,5,Will buy again from this store,Normal Operations
R2774,C96558,2026-04-11,4,Great product and fast delivery,Normal Operations
R2775,C369,2026-04-11,4,Will buy again from this store,Normal Operations
R2776,C35852,2026-04-11,5,Great product and fast delivery,Normal Operations
R2777,C30937,2026-04-11,4,Excellent shopping experience,Normal Operations
R2778,C69796,2026-04-11,4,Easy checkout process,Normal Operations
R2779,C28366,2026-04-11,5,Customer service was helpful,Normal Operations
R2780,C22913,2026-04-11,4,Customer service was helpful,Normal Operations
R2781,C56573,2026-04-11,5,Will buy again from this store,Normal Operations
R2782,C19277,2026-04-11,5,Very satisfied with my purchase,Normal Operations
R2783,C35671,2026-04-11,5,Received order on time,Normal Operations
R2784,C36487,2026-04-11,5,Received order on time,Normal Operations
R2785,C81336,2026-04-11,5,Very satisfied with my purchase,Normal Operations
R2786,C13307,2026-04-12,5,Excellent shopping experience,Normal Operations
R2787,C96896,2026-04-12,5,Customer service was helpful,Normal Operations
R2788,C27198,2026-04-12,5,Easy checkout process,Normal Operations
R2789,C25033,2026-04-12,5,Will buy again from this store,Normal Operations
R2790,C30029,2026-04-12,5,Great product and fast delivery,Normal Operations
R2791,C8537,2026-04-12,4,Customer service was helpful,Normal Operations
R2792,C6274,2026-04-12,5,Will buy again from this store,Normal Operations
R2793,C74354,2026-04-12,5,Good quality product,Normal Operations
R2794,C50831,2026-04-12,5,Received order on time,Normal Operations
R2795,C83489,2026-04-12,5,Customer service was helpful,Normal Operations
R2796,C14693,2026-04-12,5,Received order on time,Normal Operations
R2797,C7904,2026-04-12,4,Great product and fast delivery,Normal Operations
R2798,C58009,2026-04-12,5,Will buy again from this store,Normal Operations
R2799,C10861,2026-04-12,5,Good quality product,Normal Operations
R2800,C71546,2026-04-12,5,Customer service was helpful,Normal Operations
R2801,C68907,2026-04-13,4,Good quality product,Normal Operations
R2802,C85991,2026-04-13,5,Great product and fast delivery,Normal Operations
R2803,C3651,2026-04-13,5,Customer service was helpful,Normal Operations
R2804,C52773,2026-04-13,5,Very satisfied with my purchase,Normal Operations
R2805,C32126,2026-04-13,5,Customer service was helpful,Normal Operations
R2806,C35419,2026-04-13,5,Will buy again from this store,Normal Operations
R2807,C49962,2026-04-13,5,Great product and fast delivery,Normal Operations
R2808,C87422,2026-04-13,4,Received order on time,Normal Operations
R2809,C89495,2026-04-13,4,Easy checkout process,Normal Operations
R2810,C21361,2026-04-13,5,Received order on time,Normal Operations
R2811,C85469,2026-04-13,5,Will buy again from this store,Normal Operations
R2812,C38033,2026-04-13,5,Excellent shopping experience,Normal Operations
R2813,C11768,2026-04-13,5,Will buy again from this store,Normal Operations
R2814,C15541,2026-04-13,4,Will buy again from this store,Normal Operations
R2815,C91738,2026-04-13,5,Good quality product,Normal Operations
R2816,C19788,2026-04-13,4,Customer service was helpful,Normal Operations
R2817,C10151,2026-04-13,4,Customer service was helpful,Normal Operations
R2818,C46937,2026-04-13,5,Excellent shopping experience,Normal Operations
R2819,C82144,2026-04-13,5,Customer service was helpful,Normal Operations
R2820,C28075,2026-04-13,5,Very satisfied with my purchase,Normal Operations
R2821,C73720,2026-04-14,4,Easy checkout process,Normal Operations
R2822,C36496,2026-04-14,4,Very satisfied with my purchase,Normal Operations
R2823,C29566,2026-04-14,5,Will buy again from this store,Normal Operations
R2824,C88479,2026-04-14,4,Excellent shopping experience,Normal Operations
R2825,C9717,2026-04-14,4,Easy checkout process,Normal Operations
R2826,C133,2026-04-14,5,Received order on time,Normal Operations
R2827,C36539,2026-04-14,4,Customer service was helpful,Normal Operations
R2828,C7214,2026-04-14,5,Good quality product,Normal Operations
R2829,C68372,2026-04-14,4,Very satisfied with my purchase,Normal Operations
R2830,C91429,2026-04-14,4,Easy checkout process,Normal Operations
R2831,C1910,2026-04-14,5,Excellent shopping experience,Normal Operations
R2832,C75387,2026-04-14,5,Will buy again from this store,Normal Operations
R2833,C10482,2026-04-14,5,Very satisfied with my purchase,Normal Operations
R2834,C84982,2026-04-14,4,Customer service was helpful,Normal Operations
R2835,C88888,2026-04-14,5,Very satisfied with my purchase,Normal Operations
R2836,C10941,2026-04-14,4,Customer service was helpful,Normal Operations
R2837,C89300,2026-04-14,4,Easy checkout process,Normal Operations
R2838,C20608,2026-04-14,5,Excellent shopping experience,Normal Operations
R2839,C15188,2026-04-15,4,Easy checkout process,Normal Operations
R2840,C19564,2026-04-15,4,Will buy again from this store,Normal Operations
R2841,C51515,2026-04-15,4,Easy checkout process,Normal Operations
R2842,C92119,2026-04-15,5,Great product and fast delivery,Normal Operations
R2843,C17222,2026-04-15,5,Will buy again from this store,Normal Operations
R2844,C82607,2026-04-15,5,Easy checkout process,Normal Operations
R2845,C41832,2026-04-15,5,Excellent shopping experience,Normal Operations
R2846,C86339,2026-04-15,5,Very satisfied with my purchase,Normal Operations
R2847,C85312,2026-04-15,4,Excellent shopping experience,Normal Operations
R2848,C86800,2026-04-15,5,Easy checkout process,Normal Operations
R2849,C2740,2026-04-15,4,Will buy again from this store,Normal Operations
R2850,C42496,2026-04-15,5,Will buy again from this store,Normal Operations
R2851,C9965,2026-04-15,4,Great product and fast delivery,Normal Operations
R2852,C84791,2026-04-15,5,Excellent shopping experience,Normal Operations
R2853,C27413,2026-04-15,4,Great product and fast delivery,Normal Operations
R2854,C90649,2026-04-16,4,Received order on time,Normal Operations
R2855,C62673,2026-04-16,4,Customer service was helpful,Normal Operations
R2856,C67809,2026-04-16,4,Good quality product,Normal Operations
R2857,C88075,2026-04-16,5,Customer service was helpful,Normal Operations
R2858,C37311,2026-04-16,4,Great product and fast delivery,Normal Operations
R2859,C35257,2026-04-16,5,Received order on time,Normal Operations
R2860,C38890,2026-04-16,5,Good quality product,Normal Operations
R2861,C50256,2026-04-16,4,Good quality product,Normal Operations
R2862,C42439,2026-04-16,5,Great product and fast delivery,Normal Operations
R2863,C95360,2026-04-16,5,Easy checkout process,Normal Operations
R2864,C87938,2026-04-16,5,Very satisfied with my purchase,Normal Operations
R2865,C96331,2026-04-16,5,Customer service was helpful,Normal Operations
R2866,C26443,2026-04-16,4,Excellent shopping experience,Normal Operations
R2867,C75792,2026-04-16,5,Good quality product,Normal Operations
R2868,C15765,2026-04-16,4,Customer service was helpful,Normal Operations
R2869,C5063,2026-04-16,5,Received order on time,Normal Operations
R2870,C6373,2026-04-16,4,Very satisfied with my purchase,Normal Operations
R2871,C64472,2026-04-16,4,Excellent shopping experience,Normal Operations
R2872,C13895,2026-04-16,4,Very satisfied with my purchase,Normal Operations
R2873,C81259,2026-04-17,5,Customer service was helpful,Normal Operations
R2874,C38675,2026-04-17,4,Good quality product,Normal Operations
R2875,C20081,2026-04-17,4,Received order on time,Normal Operations
R2876,C58972,2026-04-17,5,Great product and fast delivery,Normal Operations
R2877,C52961,2026-04-17,5,Very satisfied with my purchase,Normal Operations
R2878,C85766,2026-04-17,5,Customer service was helpful,Normal Operations
R2879,C46413,2026-04-17,5,Excellent shopping experience,Normal Operations
R2880,C50228,2026-04-17,5,Good quality product,Normal Operations
R2881,C6862,2026-04-17,5,Easy checkout process,Normal Operations
R2882,C79287,2026-04-17,4,Customer service was helpful,Normal Operations
R2883,C23525,2026-04-17,5,Very satisfied with my purchase,Normal Operations
R2884,C33366,2026-04-17,4,Excellent shopping experience,Normal Operations
R2885,C5623,2026-04-17,4,Good quality product,Normal Operations
R2886,C91142,2026-04-17,4,Very satisfied with my purchase,Normal Operations
R2887,C79333,2026-04-17,4,Received order on time,Normal Operations
R2888,C32695,2026-04-17,5,Customer service was helpful,Normal Operations
R2889,C80142,2026-04-17,4,Customer service was helpful,Normal Operations
R2890,C33838,2026-04-17,5,Will buy again from this store,Normal Operations
R2891,C45688,2026-04-17,5,Will buy again from this store,Normal Operations
R2892,C66056,2026-04-17,4,Received order on time,Normal Operations
R2893,C10515,2026-04-17,5,Will buy again from this store,Normal Operations
R2894,C66134,2026-04-17,5,Great product and fast delivery,Normal Operations
R2895,C6257,2026-04-17,5,Received order on time,Normal Operations
R2896,C72091,2026-04-18,4,Good quality product,Normal Operations
R2897,C89923,2026-04-18,5,Great product and fast delivery,Normal Operations
R2898,C26206,2026-04-18,5,Customer service was helpful,Normal Operations
R2899,C39374,2026-04-18,4,Easy checkout process,Normal Operations
R2900,C45533,2026-04-18,4,Received order on time,Normal Operations
R2901,C10417,2026-04-18,5,Easy checkout process,Normal Operations
R2902,C1876,2026-04-18,5,Good quality product,Normal Operations
R2903,C5753,2026-04-18,5,Will buy again from this store,Normal Operations
R2904,C26987,2026-04-18,4,Excellent shopping experience,Normal Operations
R2905,C69848,2026-04-18,5,Received order on time,Normal Operations
R2906,C16407,2026-04-18,4,Received order on time,Normal Operations
R2907,C41709,2026-04-18,5,Easy checkout process,Normal Operations
R2908,C43398,2026-04-18,4,Good quality product,Normal Operations
R2909,C93849,2026-04-18,5,Excellent shopping experience,Normal Operations
R2910,C45000,2026-04-18,5,Good quality product,Normal Operations
R2911,C54214,2026-04-19,4,Will buy again from this store,Normal Operations
R2912,C85185,2026-04-19,5,Very satisfied with my purchase,Normal Operations
R2913,C59322,2026-04-19,5,Received order on time,Normal Operations
R2914,C63756,2026-04-19,4,Received order on time,Normal Operations
R2915,C5575,2026-04-19,5,Excellent shopping experience,Normal Operations
R2916,C42783,2026-04-19,5,Easy checkout process,Normal Operations
R2917,C77225,2026-04-19,5,Great product and fast delivery,Normal Operations
R2918,C99017,2026-04-19,4,Excellent shopping experience,Normal Operations
R2919,C56573,2026-04-19,5,Will buy again from this store,Normal Operations
R2920,C35202,2026-04-19,5,Great product and fast delivery,Normal Operations
R2921,C95019,2026-04-19,4,Very satisfied with my purchase,Normal Operations
R2922,C50232,2026-04-19,5,Customer service was helpful,Normal Operations
R2923,C79469,2026-04-19,5,Customer service was helpful,Normal Operations
R2924,C46502,2026-04-19,5,Received order on time,Normal Operations
R2925,C11250,2026-04-19,5,Customer service was helpful,Normal Operations
R2926,C12882,2026-04-19,4,Customer service was helpful,Normal Operations
R2927,C87912,2026-04-19,5,Received order on time,Normal Operations
R2928,C47014,2026-04-20,5,Excellent shopping experience,Normal Operations
R2929,C15755,2026-04-20,4,Very satisfied with my purchase,Normal Operations
R2930,C86785,2026-04-20,5,Great product and fast delivery,Normal Operations
R2931,C97428,2026-04-20,4,Easy checkout process,Normal Operations
R2932,C61528,2026-04-20,5,Good quality product,Normal Operations
R2933,C85396,2026-04-20,4,Received order on time,Normal Operations
R2934,C66401,2026-04-20,5,Excellent shopping experience,Normal Operations
R2935,C44485,2026-04-20,5,Will buy again from this store,Normal Operations
R2936,C57655,2026-04-20,4,Easy checkout process,Normal Operations
R2937,C29378,2026-04-20,5,Good quality product,Normal Operations
R2938,C11761,2026-04-20,4,Will buy again from this store,Normal Operations
R2939,C50987,2026-04-20,5,Easy checkout process,Normal Operations
R2940,C48826,2026-04-20,5,Good quality product,Normal Operations
R2941,C99613,2026-04-20,4,Very satisfied with my purchase,Normal Operations
R2942,C3259,2026-04-20,4,Easy checkout process,Normal Operations
R2943,C22959,2026-04-20,4,Excellent shopping experience,Normal Operations
R2944,C76576,2026-04-20,5,Excellent shopping experience,Normal Operations
R2945,C53633,2026-04-20,5,Excellent shopping experience,Normal Operations
R2946,C80721,2026-04-21,5,Good quality product,Normal Operations
R2947,C33735,2026-04-21,4,Very satisfied with my purchase,Normal Operations
R2948,C15894,2026-04-21,4,Received order on time,Normal Operations
R2949,C95873,2026-04-21,5,Excellent shopping experience,Normal Operations
R2950,C13267,2026-04-21,4,Great product and fast delivery,Normal Operations
R2951,C16941,2026-04-21,4,Received order on time,Normal Operations
R2952,C34816,2026-04-21,5,Received order on time,Normal Operations
R2953,C82794,2026-04-21,4,Very satisfied with my purchase,Normal Operations
R2954,C8838,2026-04-21,4,Easy checkout process,Normal Operations
R2955,C71919,2026-04-21,5,Easy checkout process,Normal Operations
R2956,C99088,2026-04-21,5,Customer service was helpful,Normal Operations
R2957,C487,2026-04-21,5,Great product and fast delivery,Normal Operations
R2958,C3197,2026-04-21,5,Easy checkout process,Normal Operations
R2959,C76350,2026-04-21,5,Great product and fast delivery,Normal Operations
R2960,C28226,2026-04-21,4,Will buy again from this store,Normal Operations
R2961,C72380,2026-04-21,5,Very satisfied with my purchase,Normal Operations
R2962,C43210,2026-04-21,4,Excellent shopping experience,Normal Operations
R2963,C94245,2026-04-21,4,Will buy again from this store,Normal Operations
R2964,C66962,2026-04-21,5,Received order on time,Normal Operations
R2965,C6850,2026-04-21,4,Good quality product,Normal Operations
R2966,C99795,2026-04-21,4,Will buy again from this store,Normal Operations
R2967,C47079,2026-04-21,5,Great product and fast delivery,Normal Operations
R2968,C84361,2026-04-22,5,Great product and fast delivery,Normal Operations
R2969,C71493,2026-04-22,5,Received order on time,Normal Operations
R2970,C35136,2026-04-22,4,Great product and fast delivery,Normal Operations
R2971,C70200,2026-04-22,5,Great product and fast delivery,Normal Operations
R2972,C52187,2026-04-22,5,Customer service was helpful,Normal Operations
R2973,C25762,2026-04-22,4,Great product and fast delivery,Normal Operations
R2974,C72573,2026-04-22,5,Customer service was helpful,Normal Operations
R2975,C84668,2026-04-22,5,Great product and fast delivery,Normal Operations
R2976,C80866,2026-04-22,4,Very satisfied with my purchase,Normal Operations
R2977,C50618,2026-04-22,5,Great product and fast delivery,Normal Operations
R2978,C60149,2026-04-22,5,Very satisfied with my purchase,Normal Operations
R2979,C42532,2026-04-22,4,Customer service was helpful,Normal Operations
R2980,C63172,2026-04-22,5,Will buy again from this store,Normal Operations
R2981,C45772,2026-04-22,4,Very satisfied with my purchase,Normal Operations
R2982,C37290,2026-04-22,5,Will buy again from this store,Normal Operations
R2983,C95058,2026-04-22,5,Good quality product,Normal Operations
R2984,C18386,2026-04-22,4,Excellent shopping experience,Normal Operations
R2985,C89153,2026-04-22,5,Great product and fast delivery,Normal Operations
R2986,C97597,2026-04-22,4,Customer service was helpful,Normal Operations
R2987,C94754,2026-04-22,5,Received order on time,Normal Operations
R2988,C57889,2026-04-22,5,Received order on time,Normal Operations
R2989,C42250,2026-04-22,5,Excellent shopping experience,Normal Operations
R2990,C61773,2026-04-22,4,Very satisfied with my purchase,Normal Operations
R2991,C98844,2026-04-22,5,Great product and fast delivery,Normal Operations
R2992,C81553,2026-04-23,4,Will buy again from this store,Normal Operations
R2993,C8078,2026-04-23,4,Great product and fast delivery,Normal Operations
R2994,C55613,2026-04-23,5,Easy checkout process,Normal Operations
R2995,C83537,2026-04-23,5,Easy checkout process,Normal Operations
R2996,C80392,2026-04-23,5,Customer service was helpful,Normal Operations
R2997,C35525,2026-04-23,5,Good quality product,Normal Operations
R2998,C18321,2026-04-23,4,Very satisfied with my purchase,Normal Operations
R2999,C17353,2026-04-23,5,Easy checkout process,Normal Operations
R3000,C3204,2026-04-23,4,Excellent shopping experience,Normal Operations
R3001,C25369,2026-04-23,5,Received order on time,Normal Operations
R3002,C72919,2026-04-23,5,Easy checkout process,Normal Operations
R3003,C47966,2026-04-23,5,Received order on time,Normal Operations
R3004,C35970,2026-04-23,4,Very satisfied with my purchase,Normal Operations
R3005,C25706,2026-04-23,4,Very satisfied with my purchase,Normal Operations
R3006,C9973,2026-04-23,5,Will buy again from this store,Normal Operations
R3007,C87949,2026-04-23,5,Will buy again from this store,Normal Operations
R3008,C14856,2026-04-23,5,Customer service was helpful,Normal Operations
R3009,C19570,2026-04-23,5,Excellent shopping experience,Normal Operations
R3010,C48507,2026-04-23,4,Easy checkout process,Normal Operations
R3011,C19732,2026-04-23,4,Easy checkout process,Normal Operations
R3012,C81721,2026-04-23,5,Received order on time,Normal Operations
R3013,C75678,2026-04-24,5,Excellent shopping experience,Normal Operations
R3014,C77471,2026-04-24,4,Great product and fast delivery,Normal Operations
R3015,C7613,2026-04-24,4,Excellent shopping experience,Normal Operations
R3016,C27332,2026-04-24,5,Good quality product,Normal Operations
R3017,C91495,2026-04-24,5,Excellent shopping experience,Normal Operations
R3018,C97009,2026-04-24,5,Great product and fast delivery,Normal Operations
R3019,C20432,2026-04-24,4,Very satisfied with my purchase,Normal Operations
R3020,C38016,2026-04-24,5,Very satisfied with my purchase,Normal Operations
R3021,C38678,2026-04-24,4,Customer service was helpful,Normal Operations
R3022,C63002,2026-04-24,5,Great product and fast delivery,Normal Operations
R3023,C83991,2026-04-24,5,Excellent shopping experience,Normal Operations
R3024,C9922,2026-04-24,4,Customer service was helpful,Normal Operations
R3025,C89507,2026-04-24,4,Will buy again from this store,Normal Operations
R3026,C26709,2026-04-24,4,Great product and fast delivery,Normal Operations
R3027,C4923,2026-04-24,4,Will buy again from this store,Normal Operations
R3028,C13542,2026-04-24,5,Great product and fast delivery,Normal Operations
R3029,C22949,2026-04-25,5,Will buy again from this store,Normal Operations
R3030,C82250,2026-04-25,4,Great product and fast delivery,Normal Operations
R3031,C84106,2026-04-25,5,Customer service was helpful,Normal Operations
R3032,C70028,2026-04-25,5,Customer service was helpful,Normal Operations
R3033,C24227,2026-04-25,5,Good quality product,Normal Operations
R3034,C7849,2026-04-25,5,Excellent shopping experience,Normal Operations
R3035,C96495,2026-04-25,5,Easy checkout process,Normal Operations
R3036,C11295,2026-04-25,5,Very satisfied with my purchase,Normal Operations
R3037,C93312,2026-04-25,4,Excellent shopping experience,Normal Operations
R3038,C44991,2026-04-25,5,Excellent shopping experience,Normal Operations
R3039,C16092,2026-04-25,4,Good quality product,Normal Operations
R3040,C50412,2026-04-25,5,Will buy again from this store,Normal Operations
R3041,C20708,2026-04-25,4,Customer service was helpful,Normal Operations
R3042,C51721,2026-04-25,5,Great product and fast delivery,Normal Operations
R3043,C81868,2026-04-25,5,Very satisfied with my purchase,Normal Operations
R3044,C9492,2026-04-25,4,Good quality product,Normal Operations
R3045,C93294,2026-04-25,5,Easy checkout process,Normal Operations
R3046,C28315,2026-04-25,5,Easy checkout process,Normal Operations
R3047,C87087,2026-04-25,5,Received order on time,Normal Operations
R3048,C9968,2026-04-25,5,Very satisfied with my purchase,Normal Operations
R3049,C56132,2026-04-26,5,Received order on time,Normal Operations
R3050,C19972,2026-04-26,4,Easy checkout process,Normal Operations
R3051,C74496,2026-04-26,4,Received order on time,Normal Operations
R3052,C61261,2026-04-26,4,Excellent shopping experience,Normal Operations
R3053,C3347,2026-04-26,5,Customer service was helpful,Normal Operations
R3054,C52301,2026-04-26,5,Will buy again from this store,Normal Operations
R3055,C33013,2026-04-26,4,Good quality product,Normal Operations
R3056,C25558,2026-04-26,5,Excellent shopping experience,Normal Operations
R3057,C17277,2026-04-26,5,Good quality product,Normal Operations
R3058,C35168,2026-04-26,4,Will buy again from this store,Normal Operations
R3059,C50622,2026-04-26,5,Great product and fast delivery,Normal Operations
R3060,C36143,2026-04-26,5,Good quality product,Normal Operations
R3061,C79072,2026-04-26,5,Will buy again from this store,Normal Operations
R3062,C70659,2026-04-26,5,Easy checkout process,Normal Operations
R3063,C97296,2026-04-26,5,Good quality product,Normal Operations
R3064,C33726,2026-04-26,5,Very satisfied with my purchase,Normal Operations
R3065,C56566,2026-04-26,5,Easy checkout process,Normal Operations
R3066,C11596,2026-04-26,5,Great product and fast delivery,Normal Operations
R3067,C68188,2026-04-26,5,Customer service was helpful,Normal Operations
R3068,C35646,2026-04-27,5,Very satisfied with my purchase,Normal Operations
R3069,C69620,2026-04-27,5,Customer service was helpful,Normal Operations
R3070,C60646,2026-04-27,5,Excellent shopping experience,Normal Operations
R3071,C62710,2026-04-27,5,Very satisfied with my purchase,Normal Operations
R3072,C64223,2026-04-27,5,Received order on time,Normal Operations
R3073,C12214,2026-04-27,5,Very satisfied with my purchase,Normal Operations
R3074,C27714,2026-04-27,4,Will buy again from this store,Normal Operations
R3075,C32584,2026-04-27,5,Very satisfied with my purchase,Normal Operations
R3076,C22370,2026-04-27,5,Great product and fast delivery,Normal Operations
R3077,C19511,2026-04-27,4,Great product and fast delivery,Normal Operations
R3078,C98576,2026-04-27,5,Good quality product,Normal Operations
R3079,C14964,2026-04-27,4,Very satisfied with my purchase,Normal Operations
R3080,C84630,2026-04-27,4,Good quality product,Normal Operations
R3081,C44814,2026-04-27,4,Easy checkout process,Normal Operations
R3082,C60777,2026-04-27,5,Received order on time,Normal Operations
R3083,C36913,2026-04-27,5,Excellent shopping experience,Normal Operations
R3084,C49883,2026-04-27,5,Customer service was helpful,Normal Operations
R3085,C34417,2026-04-27,4,Great product and fast delivery,Normal Operations
R3086,C29048,2026-04-27,5,Good quality product,Normal Operations
R3087,C51311,2026-04-27,4,Good quality product,Normal Operations
R3088,C85150,2026-04-27,4,Good quality product,Normal Operations
R3089,C69673,2026-04-28,4,Good quality product,Normal Operations
R3090,C89111,2026-04-28,5,Customer service was helpful,Normal Operations
R3091,C77200,2026-04-28,4,Customer service was helpful,Normal Operations
R3092,C11163,2026-04-28,5,Great product and fast delivery,Normal Operations
R3093,C70865,2026-04-28,5,Easy checkout process,Normal Operations
R3094,C44434,2026-04-28,5,Very satisfied with my purchase,Normal Operations
R3095,C66189,2026-04-28,5,Customer service was helpful,Normal Operations
R3096,C36559,2026-04-28,5,Will buy again from this store,Normal Operations
R3097,C10436,2026-04-28,5,Easy checkout process,Normal Operations
R3098,C87795,2026-04-28,4,Great product and fast delivery,Normal Operations
R3099,C1380,2026-04-28,5,Will buy again from this store,Normal Operations
R3100,C91501,2026-04-28,5,Received order on time,Normal Operations
R3101,C57746,2026-04-28,5,Received order on time,Normal Operations
R3102,C12517,2026-04-28,5,Very satisfied with my purchase,Normal Operations
R3103,C24844,2026-04-28,5,Customer service was helpful,Normal Operations
R3104,C87360,2026-04-28,4,Good quality product,Normal Operations
R3105,C1726,2026-04-28,4,Great product and fast delivery,Normal Operations
R3106,C13664,2026-04-28,4,Customer service was helpful,Normal Operations
R3107,C94489,2026-04-29,4,Very satisfied with my purchase,Normal Operations
R3108,C12677,2026-04-29,5,Easy checkout process,Normal Operations
R3109,C7447,2026-04-29,5,Great product and fast delivery,Normal Operations
R3110,C88208,2026-04-29,5,Great product and fast delivery,Normal Operations
R3111,C16366,2026-04-29,5,Great product and fast delivery,Normal Operations
R3112,C15705,2026-04-29,5,Great product and fast delivery,Normal Operations
R3113,C1196,2026-04-29,4,Will buy again from this store,Normal Operations
R3114,C11416,2026-04-29,5,Will buy again from this store,Normal Operations
R3115,C28744,2026-04-29,5,Customer service was helpful,Normal Operations
R3116,C2403,2026-04-29,4,Excellent shopping experience,Normal Operations
R3117,C13276,2026-04-29,4,Customer service was helpful,Normal Operations
R3118,C65909,2026-04-29,5,Customer service was helpful,Normal Operations
R3119,C74052,2026-04-29,5,Excellent shopping experience,Normal Operations
R3120,C32625,2026-04-29,5,Will buy again from this store,Normal Operations
R3121,C31959,2026-04-29,5,Excellent shopping experience,Normal Operations
R3122,C44226,2026-04-30,5,Customer service was helpful,Normal Operations
R3123,C38637,2026-04-30,4,Received order on time,Normal Operations
R3124,C47830,2026-04-30,5,Will buy again from this store,Normal Operations
R3125,C94793,2026-04-30,4,Customer service was helpful,Normal Operations
R3126,C55873,2026-04-30,5,Received order on time,Normal Operations
R3127,C63295,2026-04-30,4,Great product and fast delivery,Normal Operations
R3128,C89298,2026-04-30,5,Good quality product,Normal Operations
R3129,C38641,2026-04-30,4,Customer service was helpful,Normal Operations
R3130,C58421,2026-04-30,4,Very satisfied with my purchase,Normal Operations
R3131,C76854,2026-04-30,5,Very satisfied with my purchase,Normal Operations
R3132,C91271,2026-04-30,4,Received order on time,Normal Operations
R3133,C7690,2026-04-30,5,Excellent shopping experience,Normal Operations
R3134,C88732,2026-04-30,5,Will buy again from this store,Normal Operations
R3135,C87794,2026-04-30,4,Very satisfied with my purchase,Normal Operations
R3136,C77925,2026-04-30,4,Easy checkout process,Normal Operations
R3137,C83695,2026-04-30,4,Will buy again from this store,Normal Operations
R3138,C96637,2026-04-30,4,Great product and fast delivery,Normal Operations
R3139,C98413,2026-04-30,4,Received order on time,Normal Operations
R3140,C13747,2026-05-01,5,Received order on time,Normal Operations
R3141,C24854,2026-05-01,4,Excellent shopping experience,Normal Operations
R3142,C70642,2026-05-01,5,Great product and fast delivery,Normal Operations
R3143,C2802,2026-05-01,5,Easy checkout process,Normal Operations
R3144,C73758,2026-05-01,5,Excellent shopping experience,Normal Operations
R3145,C55382,2026-05-01,5,Customer service was helpful,Normal Operations
R3146,C365,2026-05-01,5,Excellent shopping experience,Normal Operations
R3147,C74633,2026-05-01,5,Great product and fast delivery,Normal Operations
R3148,C60195,2026-05-01,5,Good quality product,Normal Operations
R3149,C12639,2026-05-01,5,Great product and fast delivery,Normal Operations
R3150,C83107,2026-05-01,4,Received order on time,Normal Operations
R3151,C17158,2026-05-01,5,Customer service was helpful,Normal Operations
R3152,C65889,2026-05-01,5,Very satisfied with my purchase,Normal Operations
R3153,C70881,2026-05-01,5,Will buy again from this store,Normal Operations
R3154,C98422,2026-05-01,5,Received order on time,Normal Operations
R3155,C27214,2026-05-01,4,Excellent shopping experience,Normal Operations
R3156,C62223,2026-05-01,5,Easy checkout process,Normal Operations
R3157,C23397,2026-05-01,4,Very satisfied with my purchase,Normal Operations
R3158,C58906,2026-05-01,5,Received order on time,Normal Operations
R3159,C11255,2026-05-01,5,Excellent shopping experience,Normal Operations
R3160,C68917,2026-05-01,5,Easy checkout process,Normal Operations
R3161,C34382,2026-05-01,4,Will buy again from this store,Normal Operations
R3162,C43307,2026-05-02,5,Will buy again from this store,Normal Operations
R3163,C149,2026-05-02,4,Received order on time,Normal Operations
R3164,C55834,2026-05-02,4,Easy checkout process,Normal Operations
R3165,C92536,2026-05-02,5,Good quality product,Normal Operations
R3166,C30698,2026-05-02,4,Excellent shopping experience,Normal Operations
R3167,C64556,2026-05-02,4,Good quality product,Normal Operations
R3168,C64861,2026-05-02,5,Good quality product,Normal Operations
R3169,C54239,2026-05-02,4,Received order on time,Normal Operations
R3170,C47097,2026-05-02,5,Easy checkout process,Normal Operations
R3171,C25288,2026-05-02,5,Great product and fast delivery,Normal Operations
R3172,C40082,2026-05-02,4,Easy checkout process,Normal Operations
R3173,C72944,2026-05-02,5,Very satisfied with my purchase,Normal Operations
R3174,C22212,2026-05-02,5,Customer service was helpful,Normal Operations
R3175,C90383,2026-05-02,4,Great product and fast delivery,Normal Operations
R3176,C61359,2026-05-02,4,Will buy again from this store,Normal Operations
R3177,C22118,2026-05-02,5,Excellent shopping experience,Normal Operations
R3178,C58707,2026-05-02,5,Very satisfied with my purchase,Normal Operations
R3179,C55007,2026-05-02,5,Very satisfied with my purchase,Normal Operations
R3180,C63156,2026-05-02,5,Customer service was helpful,Normal Operations
R3181,C30178,2026-05-02,5,Excellent shopping experience,Normal Operations
R3182,C82216,2026-05-02,5,Great product and fast delivery,Normal Operations
R3183,C96100,2026-05-02,4,Very satisfied with my purchase,Normal Operations
R3184,C47929,2026-05-02,5,Easy checkout process,Normal Operations
R3185,C99291,2026-05-02,5,Great product and fast delivery,Normal Operations
R3186,C17291,2026-05-03,4,Customer service was helpful,Normal Operations
R3187,C19798,2026-05-03,4,Received order on time,Normal Operations
R3188,C47177,2026-05-03,5,Received order on time,Normal Operations
R3189,C42030,2026-05-03,4,Excellent shopping experience,Normal Operations
R3190,C10448,2026-05-03,5,Will buy again from this store,Normal Operations
R3191,C77948,2026-05-03,5,Great product and fast delivery,Normal Operations
R3192,C96799,2026-05-03,5,Excellent shopping experience,Normal Operations
R3193,C48003,2026-05-03,5,Received order on time,Normal Operations
R3194,C25018,2026-05-03,5,Very satisfied with my purchase,Normal Operations
R3195,C1560,2026-05-03,5,Great product and fast delivery,Normal Operations
R3196,C38599,2026-05-03,5,Very satisfied with my purchase,Normal Operations
R3197,C81061,2026-05-03,5,Received order on time,Normal Operations
R3198,C22695,2026-05-03,4,Very satisfied with my purchase,Normal Operations
R3199,C22392,2026-05-03,5,Customer service was helpful,Normal Operations
R3200,C14081,2026-05-03,5,Received order on time,Normal Operations
R3201,C96214,2026-05-03,4,Easy checkout process,Normal Operations
R3202,C1598,2026-05-03,4,Easy checkout process,Normal Operations
R3203,C78554,2026-05-03,4,Great product and fast delivery,Normal Operations
R3204,C24715,2026-05-03,5,Will buy again from this store,Normal Operations
R3205,C4726,2026-05-03,4,Easy checkout process,Normal Operations
R3206,C57912,2026-05-03,4,Very satisfied with my purchase,Normal Operations
R3207,C95919,2026-05-03,4,Customer service was helpful,Normal Operations
R3208,C90752,2026-05-03,4,Easy checkout process,Normal Operations
R3209,C37090,2026-05-04,4,Good quality product,Normal Operations
R3210,C560,2026-05-04,4,Will buy again from this store,Normal Operations
R3211,C15262,2026-05-04,5,Excellent shopping experience,Normal Operations
R3212,C98561,2026-05-04,4,Good quality product,Normal Operations
R3213,C38,2026-05-04,5,Great product and fast delivery,Normal Operations
R3214,C97244,2026-05-04,4,Great product and fast delivery,Normal Operations
R3215,C34601,2026-05-04,5,Great product and fast delivery,Normal Operations
R3216,C5168,2026-05-04,5,Very satisfied with my purchase,Normal Operations
R3217,C69688,2026-05-04,5,Will buy again from this store,Normal Operations
R3218,C50904,2026-05-04,4,Great product and fast delivery,Normal Operations
R3219,C56769,2026-05-04,5,Will buy again from this store,Normal Operations
R3220,C33258,2026-05-04,5,Great product and fast delivery,Normal Operations
R3221,C83603,2026-05-04,5,Excellent shopping experience,Normal Operations
R3222,C37298,2026-05-04,4,Received order on time,Normal Operations
R3223,C68753,2026-05-04,5,Excellent shopping experience,Normal Operations
R3224,C22077,2026-05-04,4,Received order on time,Normal Operations
R3225,C87484,2026-05-04,5,Great product and fast delivery,Normal Operations
R3226,C13867,2026-05-04,4,Received order on time,Normal Operations
R3227,C82897,2026-05-04,5,Great product and fast delivery,Normal Operations
R3228,C66730,2026-05-04,4,Excellent shopping experience,Normal Operations
R3229,C22667,2026-05-04,5,Customer service was helpful,Normal Operations
R3230,C74520,2026-05-04,4,Customer service was helpful,Normal Operations
R3231,C64592,2026-05-04,5,Good quality product,Normal Operations
R3232,C11352,2026-05-04,4,Very satisfied with my purchase,Normal Operations
R3233,C95708,2026-05-05,4,Very satisfied with my purchase,Normal Operations
R3234,C94003,2026-05-05,4,Good quality product,Normal Operations
R3235,C2109,2026-05-05,5,Easy checkout process,Normal Operations
R3236,C75788,2026-05-05,4,Excellent shopping experience,Normal Operations
R3237,C95209,2026-05-05,5,Very satisfied with my purchase,Normal Operations
R3238,C85821,2026-05-05,5,Easy checkout process,Normal Operations
R3239,C62544,2026-05-05,5,Very satisfied with my purchase,Normal Operations
R3240,C72500,2026-05-05,5,Customer service was helpful,Normal Operations
R3241,C65227,2026-05-05,5,Customer service was helpful,Normal Operations
R3242,C61366,2026-05-05,5,Will buy again from this store,Normal Operations
R3243,C12781,2026-05-05,4,Very satisfied with my purchase,Normal Operations
R3244,C1510,2026-05-05,4,Easy checkout process,Normal Operations
R3245,C82800,2026-05-05,5,Very satisfied with my purchase,Normal Operations
R3246,C31534,2026-05-05,5,Easy checkout process,Normal Operations
R3247,C1360,2026-05-05,4,Great product and fast delivery,Normal Operations
R3248,C20345,2026-05-05,5,Will buy again from this store,Normal Operations
R3249,C19117,2026-05-05,5,Received order on time,Normal Operations
R3250,C30783,2026-05-05,4,Excellent shopping experience,Normal Operations
R3251,C69036,2026-05-05,4,Will buy again from this store,Normal Operations
R3252,C8081,2026-05-05,4,Received order on time,Normal Operations
R3253,C96189,2026-05-05,4,Will buy again from this store,Normal Operations
R3254,C91325,2026-05-05,5,Great product and fast delivery,Normal Operations
R3255,C99330,2026-05-05,5,Will buy again from this store,Normal Operations
R3256,C74922,2026-05-06,4,Received order on time,Normal Operations
R3257,C15832,2026-05-06,4,Good quality product,Normal Operations
R3258,C45709,2026-05-06,4,Easy checkout process,Normal Operations
R3259,C35795,2026-05-06,5,Easy checkout process,Normal Operations
R3260,C89942,2026-05-06,5,Good quality product,Normal Operations
R3261,C35058,2026-05-06,5,Excellent shopping experience,Normal Operations
R3262,C9678,2026-05-06,4,Easy checkout process,Normal Operations
R3263,C766,2026-05-06,4,Will buy again from this store,Normal Operations
R3264,C48927,2026-05-06,5,Will buy again from this store,Normal Operations
R3265,C93678,2026-05-06,4,Good quality product,Normal Operations
R3266,C26549,2026-05-06,5,Customer service was helpful,Normal Operations
R3267,C38737,2026-05-06,5,Easy checkout process,Normal Operations
R3268,C9835,2026-05-06,4,Easy checkout process,Normal Operations
R3269,C31569,2026-05-06,4,Great product and fast delivery,Normal Operations
R3270,C66102,2026-05-06,4,Customer service was helpful,Normal Operations
R3271,C74724,2026-05-06,5,Very satisfied with my purchase,Normal Operations
R3272,C4312,2026-05-06,5,Easy checkout process,Normal Operations
R3273,C52135,2026-05-06,4,Customer service was helpful,Normal Operations
R3274,C82477,2026-05-06,5,Excellent shopping experience,Normal Operations
R3275,C57396,2026-05-06,5,Received order on time,Normal Operations
R3276,C19523,2026-05-06,5,Excellent shopping experience,Normal Operations
R3277,C672,2026-05-06,4,Good quality product,Normal Operations
R3278,C35791,2026-05-06,5,Excellent shopping experience,Normal Operations
R3279,C14261,2026-05-06,4,Good quality product,Normal Operations
R3280,C78415,2026-05-07,5,Easy checkout process,Normal Operations
R3281,C32431,2026-05-07,5,Great product and fast delivery,Normal Operations
R3282,C2177,2026-05-07,5,Excellent shopping experience,Normal Operations
R3283,C84154,2026-05-07,4,Easy checkout process,Normal Operations
R3284,C77443,2026-05-07,5,Customer service was helpful,Normal Operations
R3285,C49753,2026-05-07,4,Easy checkout process,Normal Operations
R3286,C74717,2026-05-07,4,Great product and fast delivery,Normal Operations
R3287,C96497,2026-05-07,5,Excellent shopping experience,Normal Operations
R3288,C51617,2026-05-07,5,Very satisfied with my purchase,Normal Operations
R3289,C90965,2026-05-07,5,Very satisfied with my purchase,Normal Operations
R3290,C43285,2026-05-07,4,Great product and fast delivery,Normal Operations
R3291,C12501,2026-05-07,4,Good quality product,Normal Operations
R3292,C89315,2026-05-07,5,Excellent shopping experience,Normal Operations
R3293,C14319,2026-05-07,5,Very satisfied with my purchase,Normal Operations
R3294,C52673,2026-05-07,5,Customer service was helpful,Normal Operations
R3295,C68755,2026-05-07,4,Received order on time,Normal Operations
R3296,C40078,2026-05-07,5,Very satisfied with my purchase,Normal Operations
R3297,C86349,2026-05-07,4,Received order on time,Normal Operations
R3298,C11110,2026-05-08,5,Great product and fast delivery,Normal Operations
R3299,C11037,2026-05-08,4,Customer service was helpful,Normal Operations
R3300,C36944,2026-05-08,4,Good quality product,Normal Operations
R3301,C50017,2026-05-08,5,Customer service was helpful,Normal Operations
R3302,C38986,2026-05-08,5,Good quality product,Normal Operations
R3303,C99715,2026-05-08,5,Great product and fast delivery,Normal Operations
R3304,C4002,2026-05-08,4,Easy checkout process,Normal Operations
R3305,C66135,2026-05-08,5,Great product and fast delivery,Normal Operations
R3306,C43745,2026-05-08,5,Good quality product,Normal Operations
R3307,C95813,2026-05-08,5,Excellent shopping experience,Normal Operations
R3308,C57276,2026-05-08,5,Will buy again from this store,Normal Operations
R3309,C57814,2026-05-08,4,Customer service was helpful,Normal Operations
R3310,C40892,2026-05-08,4,Good quality product,Normal Operations
R3311,C39221,2026-05-08,4,Excellent shopping experience,Normal Operations
R3312,C62577,2026-05-08,5,Customer service was helpful,Normal Operations
R3313,C58831,2026-05-08,5,Received order on time,Normal Operations
R3314,C84933,2026-05-08,5,Received order on time,Normal Operations
R3315,C7974,2026-05-08,4,Great product and fast delivery,Normal Operations
R3316,C11137,2026-05-08,4,Excellent shopping experience,Normal Operations
R3317,C23040,2026-05-08,4,Received order on time,Normal Operations
R3318,C59156,2026-05-09,5,Great product and fast delivery,Normal Operations
R3319,C69111,2026-05-09,5,Will buy again from this store,Normal Operations
R3320,C5207,2026-05-09,4,Will buy again from this store,Normal Operations
R3321,C56362,2026-05-09,5,Excellent shopping experience,Normal Operations
R3322,C68227,2026-05-09,5,Received order on time,Normal Operations
R3323,C46729,2026-05-09,4,Received order on time,Normal Operations
R3324,C34264,2026-05-09,5,Excellent shopping experience,Normal Operations
R3325,C57731,2026-05-09,4,Excellent shopping experience,Normal Operations
R3326,C37272,2026-05-09,5,Excellent shopping experience,Normal Operations
R3327,C82631,2026-05-09,5,Great product and fast delivery,Normal Operations
R3328,C38547,2026-05-09,4,Will buy again from this store,Normal Operations
R3329,C63691,2026-05-09,4,Great product and fast delivery,Normal Operations
R3330,C36949,2026-05-09,5,Great product and fast delivery,Normal Operations
R3331,C91208,2026-05-09,4,Customer service was helpful,Normal Operations
R3332,C39385,2026-05-09,5,Excellent shopping experience,Normal Operations
R3333,C18158,2026-05-09,4,Great product and fast delivery,Normal Operations
R3334,C88554,2026-05-09,5,Received order on time,Normal Operations
R3335,C91004,2026-05-09,4,Good quality product,Normal Operations
R3336,C64596,2026-05-09,4,Great product and fast delivery,Normal Operations
R3337,C87890,2026-05-09,4,Easy checkout process,Normal Operations
R3338,C47368,2026-05-09,5,Excellent shopping experience,Normal Operations
R3339,C59885,2026-05-09,5,Great product and fast delivery,Normal Operations
R3340,C53252,2026-05-09,4,Great product and fast delivery,Normal Operations
R3341,C10208,2026-05-09,5,Very satisfied with my purchase,Normal Operations
R3342,C61408,2026-05-10,5,Very satisfied with my purchase,Normal Operations
R3343,C41341,2026-05-10,5,Customer service was helpful,Normal Operations
R3344,C48672,2026-05-10,4,Received order on time,Normal Operations
R3345,C35158,2026-05-10,5,Great product and fast delivery,Normal Operations
R3346,C11220,2026-05-10,4,Excellent shopping experience,Normal Operations
R3347,C27658,2026-05-10,4,Will buy again from this store,Normal Operations
R3348,C85694,2026-05-10,4,Will buy again from this store,Normal Operations
R3349,C6781,2026-05-10,5,Received order on time,Normal Operations
R3350,C93620,2026-05-10,5,Easy checkout process,Normal Operations
R3351,C38166,2026-05-10,5,Great product and fast delivery,Normal Operations
R3352,C5915,2026-05-10,5,Great product and fast delivery,Normal Operations
R3353,C12077,2026-05-10,5,Great product and fast delivery,Normal Operations
R3354,C46717,2026-05-10,4,Will buy again from this store,Normal Operations
R3355,C69836,2026-05-10,5,Easy checkout process,Normal Operations
R3356,C76293,2026-05-10,5,Very satisfied with my purchase,Normal Operations
R3357,C15186,2026-05-10,5,Easy checkout process,Normal Operations
R3358,C33928,2026-05-10,5,Great product and fast delivery,Normal Operations
R3359,C76282,2026-05-10,4,Easy checkout process,Normal Operations
R3360,C61395,2026-05-10,4,Good quality product,Normal Operations
R3361,C56415,2026-05-10,5,Excellent shopping experience,Normal Operations
R3362,C62695,2026-05-10,5,Great product and fast delivery,Normal Operations
R3363,C94703,2026-05-10,5,Will buy again from this store,Normal Operations
R3364,C45803,2026-05-11,4,Great product and fast delivery,Normal Operations
R3365,C2598,2026-05-11,4,Good quality product,Normal Operations
R3366,C56116,2026-05-11,4,Very satisfied with my purchase,Normal Operations
R3367,C17041,2026-05-11,4,Good quality product,Normal Operations
R3368,C63833,2026-05-11,5,Good quality product,Normal Operations
R3369,C26373,2026-05-11,5,Good quality product,Normal Operations
R3370,C42723,2026-05-11,4,Received order on time,Normal Operations
R3371,C9778,2026-05-11,5,Great product and fast delivery,Normal Operations
R3372,C20969,2026-05-11,5,Will buy again from this store,Normal Operations
R3373,C40795,2026-05-11,5,Excellent shopping experience,Normal Operations
R3374,C27704,2026-05-11,4,Received order on time,Normal Operations
R3375,C56517,2026-05-11,5,Excellent shopping experience,Normal Operations
R3376,C91111,2026-05-11,5,Very satisfied with my purchase,Normal Operations
R3377,C83510,2026-05-11,4,Very satisfied with my purchase,Normal Operations
R3378,C77584,2026-05-11,5,Excellent shopping experience,Normal Operations
R3379,C15589,2026-05-11,5,Great product and fast delivery,Normal Operations
R3380,C61143,2026-05-11,5,Good quality product,Normal Operations
R3381,C40137,2026-05-11,4,Very satisfied with my purchase,Normal Operations
R3382,C11442,2026-05-11,5,Received order on time,Normal Operations
R3383,C27819,2026-05-11,5,Good quality product,Normal Operations
R3384,C12044,2026-05-12,5,Easy checkout process,Normal Operations
R3385,C18527,2026-05-12,4,Received order on time,Normal Operations
R3386,C98558,2026-05-12,4,Good quality product,Normal Operations
R3387,C65093,2026-05-12,5,Customer service was helpful,Normal Operations
R3388,C77062,2026-05-12,5,Good quality product,Normal Operations
R3389,C92994,2026-05-12,4,Great product and fast delivery,Normal Operations
R3390,C79055,2026-05-12,5,Excellent shopping experience,Normal Operations
R3391,C66541,2026-05-12,5,Good quality product,Normal Operations
R3392,C45483,2026-05-12,5,Customer service was helpful,Normal Operations
R3393,C19978,2026-05-12,5,Excellent shopping experience,Normal Operations
R3394,C99589,2026-05-12,5,Customer service was helpful,Normal Operations
R3395,C5608,2026-05-12,4,Good quality product,Normal Operations
R3396,C51940,2026-05-12,4,Easy checkout process,Normal Operations
R3397,C25118,2026-05-12,5,Easy checkout process,Normal Operations
R3398,C50625,2026-05-12,4,Customer service was helpful,Normal Operations
R3399,C7033,2026-05-12,4,Good quality product,Normal Operations
R3400,C86159,2026-05-12,4,Customer service was helpful,Normal Operations
R3401,C4723,2026-05-12,5,Great product and fast delivery,Normal Operations
R3402,C68772,2026-05-12,5,Good quality product,Normal Operations
R3403,C41633,2026-05-12,4,Great product and fast delivery,Normal Operations
R3404,C24155,2026-05-12,5,Good quality product,Normal Operations
R3405,C44519,2026-05-12,4,Customer service was helpful,Normal Operations
R3406,C37764,2026-05-13,5,Easy checkout process,Normal Operations
R3407,C19465,2026-05-13,5,Very satisfied with my purchase,Normal Operations
R3408,C33271,2026-05-13,4,Good quality product,Normal Operations
R3409,C73546,2026-05-13,4,Received order on time,Normal Operations
R3410,C77079,2026-05-13,4,Will buy again from this store,Normal Operations
R3411,C88002,2026-05-13,5,Easy checkout process,Normal Operations
R3412,C50482,2026-05-13,5,Good quality product,Normal Operations
R3413,C36136,2026-05-13,5,Received order on time,Normal Operations
R3414,C21469,2026-05-13,5,Will buy again from this store,Normal Operations
R3415,C64183,2026-05-13,4,Excellent shopping experience,Normal Operations
R3416,C46515,2026-05-13,5,Easy checkout process,Normal Operations
R3417,C80982,2026-05-13,5,Easy checkout process,Normal Operations
R3418,C1161,2026-05-13,5,Received order on time,Normal Operations
R3419,C10847,2026-05-13,4,Excellent shopping experience,Normal Operations
R3420,C13883,2026-05-13,5,Very satisfied with my purchase,Normal Operations
R3421,C40984,2026-05-13,5,Easy checkout process,Normal Operations
R3422,C66616,2026-05-13,5,Will buy again from this store,Normal Operations
R3423,C90291,2026-05-13,5,Excellent shopping experience,Normal Operations
R3424,C70516,2026-05-14,5,Great product and fast delivery,Normal Operations
R3425,C9002,2026-05-14,4,Received order on time,Normal Operations
R3426,C36428,2026-05-14,4,Great product and fast delivery,Normal Operations
R3427,C25855,2026-05-14,5,Great product and fast delivery,Normal Operations
R3428,C99645,2026-05-14,5,Received order on time,Normal Operations
R3429,C14781,2026-05-14,4,Very satisfied with my purchase,Normal Operations
R3430,C33360,2026-05-14,5,Excellent shopping experience,Normal Operations
R3431,C99597,2026-05-14,4,Customer service was helpful,Normal Operations
R3432,C97277,2026-05-14,5,Customer service was helpful,Normal Operations
R3433,C8626,2026-05-14,5,Great product and fast delivery,Normal Operations
R3434,C31219,2026-05-14,5,Will buy again from this store,Normal Operations
R3435,C20567,2026-05-14,5,Great product and fast delivery,Normal Operations
R3436,C29718,2026-05-14,5,Very satisfied with my purchase,Normal Operations
R3437,C28165,2026-05-14,4,Great product and fast delivery,Normal Operations
R3438,C20170,2026-05-14,4,Excellent shopping experience,Normal Operations
R3439,C88739,2026-05-14,5,Easy checkout process,Normal Operations
R3440,C41788,2026-05-15,5,Excellent shopping experience,Normal Operations
R3441,C83630,2026-05-15,5,Customer service was helpful,Normal Operations
R3442,C99725,2026-05-15,4,Customer service was helpful,Normal Operations
R3443,C55187,2026-05-15,5,Good quality product,Normal Operations
R3444,C19690,2026-05-15,4,Good quality product,Normal Operations
R3445,C57321,2026-05-15,5,Easy checkout process,Normal Operations
R3446,C79302,2026-05-15,4,Easy checkout process,Normal Operations
R3447,C65278,2026-05-15,5,Customer service was helpful,Normal Operations
R3448,C22552,2026-05-15,4,Great product and fast delivery,Normal Operations
R3449,C2893,2026-05-15,5,Good quality product,Normal Operations
R3450,C87711,2026-05-15,4,Customer service was helpful,Normal Operations
R3451,C73746,2026-05-15,4,Received order on time,Normal Operations
R3452,C28025,2026-05-15,5,Received order on time,Normal Operations
R3453,C5948,2026-05-15,4,Customer service was helpful,Normal Operations
R3454,C94239,2026-05-15,5,Excellent shopping experience,Normal Operations
R3455,C58242,2026-05-15,5,Good quality product,Normal Operations
R3456,C13419,2026-05-15,5,Great product and fast delivery,Normal Operations
R3457,C55185,2026-05-15,4,Customer service was helpful,Normal Operations
R3458,C41834,2026-05-15,5,Excellent shopping experience,Normal Operations
R3459,C42846,2026-05-15,5,Very satisfied with my purchase,Normal Operations
R3460,C37181,2026-05-15,5,Received order on time,Normal Operations
R3461,C11696,2026-05-15,5,Received order on time,Normal Operations
R3462,C73439,2026-05-15,4,Will buy again from this store,Normal Operations
R3463,C94911,2026-05-15,4,Received order on time,Normal Operations
R3464,C76096,2026-05-16,5,Easy checkout process,Normal Operations
R3465,C69225,2026-05-16,5,Great product and fast delivery,Normal Operations
R3466,C54797,2026-05-16,4,Very satisfied with my purchase,Normal Operations
R3467,C4024,2026-05-16,4,Easy checkout process,Normal Operations
R3468,C72960,2026-05-16,5,Customer service was helpful,Normal Operations
R3469,C98695,2026-05-16,5,Easy checkout process,Normal Operations
R3470,C31018,2026-05-16,4,Good quality product,Normal Operations
R3471,C19516,2026-05-16,4,Great product and fast delivery,Normal Operations
R3472,C76453,2026-05-16,5,Will buy again from this store,Normal Operations
R3473,C65207,2026-05-16,5,Excellent shopping experience,Normal Operations
R3474,C27115,2026-05-16,5,Good quality product,Normal Operations
R3475,C45648,2026-05-16,5,Easy checkout process,Normal Operations
R3476,C428,2026-05-16,4,Excellent shopping experience,Normal Operations
R3477,C800,2026-05-16,4,Great product and fast delivery,Normal Operations
R3478,C14482,2026-05-16,4,Received order on time,Normal Operations
R3479,C14962,2026-05-17,4,Customer service was helpful,Normal Operations
R3480,C52871,2026-05-17,5,Will buy again from this store,Normal Operations
R3481,C86929,2026-05-17,4,Great product and fast delivery,Normal Operations
R3482,C23773,2026-05-17,5,Excellent shopping experience,Normal Operations
R3483,C23556,2026-05-17,5,Excellent shopping experience,Normal Operations
R3484,C4262,2026-05-17,4,Great product and fast delivery,Normal Operations
R3485,C3089,2026-05-17,5,Excellent shopping experience,Normal Operations
R3486,C68127,2026-05-17,5,Will buy again from this store,Normal Operations
R3487,C9423,2026-05-17,5,Good quality product,Normal Operations
R3488,C96357,2026-05-17,5,Easy checkout process,Normal Operations
R3489,C29431,2026-05-17,5,Will buy again from this store,Normal Operations
R3490,C55798,2026-05-17,5,Easy checkout process,Normal Operations
R3491,C14717,2026-05-17,5,Easy checkout process,Normal Operations
R3492,C22415,2026-05-17,5,Very satisfied with my purchase,Normal Operations
R3493,C74035,2026-05-17,5,Good quality product,Normal Operations
R3494,C8525,2026-05-17,4,Easy checkout process,Normal Operations
R3495,C83805,2026-05-17,4,Customer service was helpful,Normal Operations
R3496,C92663,2026-05-17,4,Will buy again from this store,Normal Operations
R3497,C20715,2026-05-18,5,Received order on time,Normal Operations
R3498,C78019,2026-05-18,5,Will buy again from this store,Normal Operations
R3499,C86577,2026-05-18,4,Customer service was helpful,Normal Operations
R3500,C98842,2026-05-18,5,Will buy again from this store,Normal Operations
R3501,C92509,2026-05-18,5,Customer service was helpful,Normal Operations
R3502,C22924,2026-05-18,4,Received order on time,Normal Operations
R3503,C98385,2026-05-18,4,Customer service was helpful,Normal Operations
R3504,C17141,2026-05-18,5,Received order on time,Normal Operations
R3505,C57812,2026-05-18,4,Customer service was helpful,Normal Operations
R3506,C34263,2026-05-18,5,Very satisfied with my purchase,Normal Operations
R3507,C33441,2026-05-18,5,Good quality product,Normal Operations
R3508,C98749,2026-05-18,4,Customer service was helpful,Normal Operations
R3509,C64792,2026-05-18,5,Very satisfied with my purchase,Normal Operations
R3510,C60521,2026-05-18,5,Customer service was helpful,Normal Operations
R3511,C497,2026-05-18,4,Great product and fast delivery,Normal Operations
R3512,C20638,2026-05-18,4,Will buy again from this store,Normal Operations
R3513,C83347,2026-05-18,5,Received order on time,Normal Operations
R3514,C49811,2026-05-18,4,Good quality product,Normal Operations
R3515,C16376,2026-05-18,4,Customer service was helpful,Normal Operations
R3516,C32976,2026-05-18,5,Very satisfied with my purchase,Normal Operations
R3517,C68423,2026-05-18,5,Excellent shopping experience,Normal Operations
R3518,C95965,2026-05-19,5,Very satisfied with my purchase,Normal Operations
R3519,C70468,2026-05-19,4,Will buy again from this store,Normal Operations
R3520,C20535,2026-05-19,5,Will buy again from this store,Normal Operations
R3521,C19997,2026-05-19,5,Good quality product,Normal Operations
R3522,C72667,2026-05-19,5,Excellent shopping experience,Normal Operations
R3523,C71326,2026-05-19,5,Very satisfied with my purchase,Normal Operations
R3524,C53547,2026-05-19,5,Easy checkout process,Normal Operations
R3525,C18297,2026-05-19,4,Customer service was helpful,Normal Operations
R3526,C67946,2026-05-19,5,Great product and fast delivery,Normal Operations
R3527,C96383,2026-05-19,5,Good quality product,Normal Operations
R3528,C39323,2026-05-19,4,Good quality product,Normal Operations
R3529,C94528,2026-05-19,4,Will buy again from this store,Normal Operations
R3530,C53085,2026-05-19,4,Excellent shopping experience,Normal Operations
R3531,C17672,2026-05-19,4,Easy checkout process,Normal Operations
R3532,C31646,2026-05-19,4,Good quality product,Normal Operations
R3533,C6923,2026-05-19,5,Very satisfied with my purchase,Normal Operations
R3534,C69507,2026-05-19,5,Excellent shopping experience,Normal Operations
R3535,C9047,2026-05-19,4,Will buy again from this store,Normal Operations
R3536,C96926,2026-05-19,5,Great product and fast delivery,Normal Operations
R3537,C88285,2026-05-19,5,Excellent shopping experience,Normal Operations
R3538,C91385,2026-05-19,5,Great product and fast delivery,Normal Operations
R3539,C33584,2026-05-19,4,Customer service was helpful,Normal Operations
R3540,C33691,2026-05-19,4,Received order on time,Normal Operations
R3541,C86788,2026-05-19,5,Excellent shopping experience,Normal Operations
R3542,C5356,2026-05-20,4,Good quality product,Normal Operations
R3543,C54472,2026-05-20,5,Very satisfied with my purchase,Normal Operations
R3544,C53740,2026-05-20,5,Excellent shopping experience,Normal Operations
R3545,C27415,2026-05-20,4,Good quality product,Normal Operations
R3546,C62410,2026-05-20,4,Easy checkout process,Normal Operations
R3547,C65454,2026-05-20,5,Good quality product,Normal Operations
R3548,C8253,2026-05-20,5,Excellent shopping experience,Normal Operations
R3549,C23366,2026-05-20,5,Good quality product,Normal Operations
R3550,C10483,2026-05-20,4,Easy checkout process,Normal Operations
R3551,C50111,2026-05-20,5,Excellent shopping experience,Normal Operations
R3552,C82002,2026-05-20,4,Good quality product,Normal Operations
R3553,C13834,2026-05-20,5,Will buy again from this store,Normal Operations
R3554,C82682,2026-05-20,5,Easy checkout process,Normal Operations
R3555,C71201,2026-05-20,5,Excellent shopping experience,Normal Operations
R3556,C70691,2026-05-20,5,Very satisfied with my purchase,Normal Operations
R3557,C67062,2026-05-21,5,Will buy again from this store,Normal Operations
R3558,C46649,2026-05-21,4,Great product and fast delivery,Normal Operations
R3559,C81215,2026-05-21,5,Will buy again from this store,Normal Operations
R3560,C38726,2026-05-21,5,Good quality product,Normal Operations
R3561,C53334,2026-05-21,4,Will buy again from this store,Normal Operations
R3562,C36164,2026-05-21,5,Received order on time,Normal Operations
R3563,C84731,2026-05-21,5,Received order on time,Normal Operations
R3564,C86594,2026-05-21,5,Good quality product,Normal Operations
R3565,C7508,2026-05-21,4,Easy checkout process,Normal Operations
R3566,C68683,2026-05-21,4,Excellent shopping experience,Normal Operations
R3567,C91714,2026-05-21,5,Excellent shopping experience,Normal Operations
R3568,C85974,2026-05-21,4,Good quality product,Normal Operations
R3569,C86863,2026-05-21,5,Excellent shopping experience,Normal Operations
R3570,C17501,2026-05-21,4,Excellent shopping experience,Normal Operations
R3571,C4028,2026-05-21,4,Great product and fast delivery,Normal Operations
R3572,C28452,2026-05-22,4,Excellent shopping experience,Normal Operations
R3573,C12151,2026-05-22,5,Will buy again from this store,Normal Operations
R3574,C18326,2026-05-22,5,Customer service was helpful,Normal Operations
R3575,C73470,2026-05-22,5,Good quality product,Normal Operations
R3576,C72011,2026-05-22,5,Good quality product,Normal Operations
R3577,C1844,2026-05-22,5,Will buy again from this store,Normal Operations
R3578,C86270,2026-05-22,4,Excellent shopping experience,Normal Operations
R3579,C20203,2026-05-22,5,Customer service was helpful,Normal Operations
R3580,C73049,2026-05-22,5,Excellent shopping experience,Normal Operations
R3581,C45511,2026-05-22,5,Will buy again from this store,Normal Operations
R3582,C70650,2026-05-22,4,Excellent shopping experience,Normal Operations
R3583,C84786,2026-05-22,5,Received order on time,Normal Operations
R3584,C62390,2026-05-22,4,Very satisfied with my purchase,Normal Operations
R3585,C5742,2026-05-22,4,Easy checkout process,Normal Operations
R3586,C32834,2026-05-22,4,Very satisfied with my purchase,Normal Operations
R3587,C77712,2026-05-22,4,Customer service was helpful,Normal Operations
R3588,C40210,2026-05-22,5,Very satisfied with my purchase,Normal Operations
R3589,C80523,2026-05-22,5,Customer service was helpful,Normal Operations
R3590,C7961,2026-05-22,5,Customer service was helpful,Normal Operations
R3591,C57773,2026-05-22,4,Customer service was helpful,Normal Operations
R3592,C62525,2026-05-22,5,Easy checkout process,Normal Operations
R3593,C90505,2026-05-22,4,Received order on time,Normal Operations
R3594,C79365,2026-05-22,5,Received order on time,Normal Operations
R3595,C30532,2026-05-23,5,Received order on time,Normal Operations
R3596,C42646,2026-05-23,5,Good quality product,Normal Operations
R3597,C5098,2026-05-23,4,Easy checkout process,Normal Operations
R3598,C84275,2026-05-23,5,Good quality product,Normal Operations
R3599,C58481,2026-05-23,4,Excellent shopping experience,Normal Operations
R3600,C55487,2026-05-23,4,Good quality product,Normal Operations
R3601,C54079,2026-05-23,5,Easy checkout process,Normal Operations
R3602,C43827,2026-05-23,4,Customer service was helpful,Normal Operations
R3603,C98939,2026-05-23,5,Excellent shopping experience,Normal Operations
R3604,C29363,2026-05-23,4,Will buy again from this store,Normal Operations
R3605,C42916,2026-05-23,5,Received order on time,Normal Operations
R3606,C11323,2026-05-23,5,Very satisfied with my purchase,Normal Operations
R3607,C56793,2026-05-23,5,Good quality product,Normal Operations
R3608,C17630,2026-05-23,5,Customer service was helpful,Normal Operations
R3609,C43871,2026-05-23,4,Customer service was helpful,Normal Operations
R3610,C10589,2026-05-23,4,Easy checkout process,Normal Operations
R3611,C77340,2026-05-23,5,Easy checkout process,Normal Operations
R3612,C72595,2026-05-23,4,Excellent shopping experience,Normal Operations
R3613,C22150,2026-05-23,5,Customer service was helpful,Normal Operations
R3614,C49493,2026-05-24,4,Will buy again from this store,Normal Operations
R3615,C57015,2026-05-24,4,Will buy again from this store,Normal Operations
R3616,C87123,2026-05-24,4,Will buy again from this store,Normal Operations
R3617,C95032,2026-05-24,5,Good quality product,Normal Operations
R3618,C8721,2026-05-24,4,Received order on time,Normal Operations
R3619,C68476,2026-05-24,4,Good quality product,Normal Operations
R3620,C88902,2026-05-24,4,Excellent shopping experience,Normal Operations
R3621,C50386,2026-05-24,5,Great product and fast delivery,Normal Operations
R3622,C14800,2026-05-24,4,Very satisfied with my purchase,Normal Operations
R3623,C6045,2026-05-24,5,Will buy again from this store,Normal Operations
R3624,C20235,2026-05-24,5,Will buy again from this store,Normal Operations
R3625,C87841,2026-05-24,4,Will buy again from this store,Normal Operations
R3626,C49893,2026-05-24,4,Excellent shopping experience,Normal Operations
R3627,C83392,2026-05-24,4,Excellent shopping experience,Normal Operations
R3628,C1895,2026-05-24,4,Great product and fast delivery,Normal Operations
R3629,C73528,2026-05-25,4,Will buy again from this store,Normal Operations
R3630,C42236,2026-05-25,4,Will buy again from this store,Normal Operations
R3631,C82644,2026-05-25,4,Received order on time,Normal Operations
R3632,C56698,2026-05-25,5,Excellent shopping experience,Normal Operations
R3633,C14634,2026-05-25,4,Customer service was helpful,Normal Operations
R3634,C67510,2026-05-25,5,Good quality product,Normal Operations
R3635,C33039,2026-05-25,4,Excellent shopping experience,Normal Operations
R3636,C72217,2026-05-25,4,Great product and fast delivery,Normal Operations
R3637,C63311,2026-05-25,5,Excellent shopping experience,Normal Operations
R3638,C79028,2026-05-25,5,Very satisfied with my purchase,Normal Operations
R3639,C49273,2026-05-25,4,Customer service was helpful,Normal Operations
R3640,C68448,2026-05-25,5,Good quality product,Normal Operations
R3641,C95230,2026-05-25,4,Will buy again from this store,Normal Operations
R3642,C83030,2026-05-25,4,Good quality product,Normal Operations
R3643,C24562,2026-05-25,4,Excellent shopping experience,Normal Operations
R3644,C25922,2026-05-25,5,Excellent shopping experience,Normal Operations
R3645,C10639,2026-05-25,5,Good quality product,Normal Operations
R3646,C88357,2026-05-25,4,Good quality product,Normal Operations
R3647,C25379,2026-05-25,4,Good quality product,Normal Operations
R3648,C89596,2026-05-25,5,Received order on time,Normal Operations
R3649,C54692,2026-05-25,4,Very satisfied with my purchase,Normal Operations
R3650,C64304,2026-05-25,5,Great product and fast delivery,Normal Operations
R3651,C91783,2026-05-25,4,Will buy again from this store,Normal Operations
R3652,C5493,2026-05-25,4,Great product and fast delivery,Normal Operations
R3653,C48698,2026-05-26,4,Very satisfied with my purchase,Normal Operations
R3654,C60012,2026-05-26,4,Received order on time,Normal Operations
R3655,C61607,2026-05-26,4,Easy checkout process,Normal Operations
R3656,C60720,2026-05-26,4,Received order on time,Normal Operations
R3657,C29878,2026-05-26,5,Great product and fast delivery,Normal Operations
R3658,C20423,2026-05-26,4,Excellent shopping experience,Normal Operations
R3659,C58032,2026-05-26,5,Good quality product,Normal Operations
R3660,C92255,2026-05-26,5,Excellent shopping experience,Normal Operations
R3661,C80225,2026-05-26,4,Great product and fast delivery,Normal Operations
R3662,C29961,2026-05-26,4,Excellent shopping experience,Normal Operations
R3663,C7911,2026-05-26,5,Customer service was helpful,Normal Operations
R3664,C28811,2026-05-26,5,Very satisfied with my purchase,Normal Operations
R3665,C58106,2026-05-26,5,Good quality product,Normal Operations
R3666,C71935,2026-05-26,4,Excellent shopping experience,Normal Operations
R3667,C11826,2026-05-26,5,Good quality product,Normal Operations
R3668,C37,2026-05-26,4,Received order on time,Normal Operations
R3669,C98298,2026-05-26,5,Good quality product,Normal Operations
R3670,C73602,2026-05-26,5,Easy checkout process,Normal Operations
R3671,C26471,2026-05-26,5,Excellent shopping experience,Normal Operations
R3672,C46639,2026-05-26,4,Excellent shopping experience,Normal Operations
R3673,C17046,2026-05-26,4,Good quality product,Normal Operations
R3674,C7888,2026-05-26,5,Very satisfied with my purchase,Normal Operations
R3675,C93563,2026-05-27,5,Easy checkout process,Normal Operations
R3676,C61763,2026-05-27,5,Excellent shopping experience,Normal Operations
R3677,C28547,2026-05-27,5,Excellent shopping experience,Normal Operations
R3678,C34284,2026-05-27,4,Customer service was helpful,Normal Operations
R3679,C46567,2026-05-27,5,Customer service was helpful,Normal Operations
R3680,C81992,2026-05-27,5,Great product and fast delivery,Normal Operations
R3681,C87413,2026-05-27,5,Great product and fast delivery,Normal Operations
R3682,C21144,2026-05-27,5,Easy checkout process,Normal Operations
R3683,C98344,2026-05-27,5,Received order on time,Normal Operations
R3684,C64069,2026-05-27,4,Customer service was helpful,Normal Operations
R3685,C51370,2026-05-27,4,Very satisfied with my purchase,Normal Operations
R3686,C83204,2026-05-27,4,Excellent shopping experience,Normal Operations
R3687,C47633,2026-05-27,4,Will buy again from this store,Normal Operations
R3688,C43226,2026-05-27,5,Excellent shopping experience,Normal Operations
R3689,C48813,2026-05-27,4,Easy checkout process,Normal Operations
R3690,C21210,2026-05-27,4,Easy checkout process,Normal Operations
R3691,C61808,2026-05-27,5,Good quality product,Normal Operations
R3692,C20898,2026-05-28,5,Received order on time,Normal Operations
R3693,C97552,2026-05-28,5,Received order on time,Normal Operations
R3694,C81482,2026-05-28,5,Easy checkout process,Normal Operations
R3695,C15488,2026-05-28,5,Will buy again from this store,Normal Operations
R3696,C8745,2026-05-28,4,Very satisfied with my purchase,Normal Operations
R3697,C25147,2026-05-28,5,Good quality product,Normal Operations
R3698,C46104,2026-05-28,5,Great product and fast delivery,Normal Operations
R3699,C592,2026-05-28,4,Great product and fast delivery,Normal Operations
R3700,C65884,2026-05-28,5,Very satisfied with my purchase,Normal Operations
R3701,C41543,2026-05-28,5,Very satisfied with my purchase,Normal Operations
R3702,C64733,2026-05-28,4,Very satisfied with my purchase,Normal Operations
R3703,C57017,2026-05-28,5,Received order on time,Normal Operations
R3704,C34034,2026-05-28,5,Customer service was helpful,Normal Operations
R3705,C12939,2026-05-28,4,Very satisfied with my purchase,Normal Operations
R3706,C84391,2026-05-28,5,Easy checkout process,Normal Operations
R3707,C20045,2026-05-28,4,Will buy again from this store,Normal Operations
R3708,C5975,2026-05-28,5,Good quality product,Normal Operations
R3709,C1951,2026-05-28,5,Received order on time,Normal Operations
R3710,C87232,2026-05-28,5,Received order on time,Normal Operations
R3711,C69811,2026-05-28,5,Good quality product,Normal Operations
R3712,C29715,2026-05-29,4,Good quality product,Normal Operations
R3713,C55049,2026-05-29,5,Easy checkout process,Normal Operations
R3714,C31590,2026-05-29,5,Will buy again from this store,Normal Operations
R3715,C23448,2026-05-29,5,Will buy again from this store,Normal Operations
R3716,C54709,2026-05-29,5,Will buy again from this store,Normal Operations
R3717,C85549,2026-05-29,5,Very satisfied with my purchase,Normal Operations
R3718,C64231,2026-05-29,5,Good quality product,Normal Operations
R3719,C46629,2026-05-29,4,Good quality product,Normal Operations
R3720,C69158,2026-05-29,4,Good quality product,Normal Operations
R3721,C2348,2026-05-29,5,Easy checkout process,Normal Operations
R3722,C62171,2026-05-29,5,Customer service was helpful,Normal Operations
R3723,C81148,2026-05-29,5,Received order on time,Normal Operations
R3724,C52137,2026-05-29,5,Will buy again from this store,Normal Operations
R3725,C46734,2026-05-29,4,Easy checkout process,Normal Operations
R3726,C89711,2026-05-29,4,Received order on time,Normal Operations
R3727,C12772,2026-05-29,4,Very satisfied with my purchase,Normal Operations
R3728,C79877,2026-05-29,4,Will buy again from this store,Normal Operations
R3729,C59649,2026-05-29,4,Good quality product,Normal Operations
R3730,C75784,2026-05-29,4,Good quality product,Normal Operations
R3731,C55256,2026-05-29,5,Great product and fast delivery,Normal Operations
R3732,C94595,2026-05-29,4,Received order on time,Normal Operations
R3733,C28372,2026-05-30,5,Will buy again from this store,Normal Operations
R3734,C5915,2026-05-30,4,Customer service was helpful,Normal Operations
R3735,C80220,2026-05-30,4,Good quality product,Normal Operations
R3736,C56364,2026-05-30,4,Great product and fast delivery,Normal Operations
R3737,C13454,2026-05-30,4,Very satisfied with my purchase,Normal Operations
R3738,C74177,2026-05-30,4,Will buy again from this store,Normal Operations
R3739,C81615,2026-05-30,4,Will buy again from this store,Normal Operations
R3740,C7411,2026-05-30,5,Will buy again from this store,Normal Operations
R3741,C31160,2026-05-30,5,Customer service was helpful,Normal Operations
R3742,C40762,2026-05-30,5,Will buy again from this store,Normal Operations
R3743,C43664,2026-05-30,5,Easy checkout process,Normal Operations
R3744,C35368,2026-05-30,5,Will buy again from this store,Normal Operations
R3745,C51445,2026-05-30,5,Great product and fast delivery,Normal Operations
R3746,C40319,2026-05-30,4,Very satisfied with my purchase,Normal Operations
R3747,C16499,2026-05-30,5,Easy checkout process,Normal Operations
R3748,C66578,2026-05-30,4,Very satisfied with my purchase,Normal Operations
R3749,C89901,2026-05-30,5,Will buy again from this store,Normal Operations
R3750,C69213,2026-05-30,5,Will buy again from this store,Normal Operations
R3751,C2037,2026-05-31,5,Very satisfied with my purchase,Normal Operations
R3752,C60205,2026-05-31,5,Customer service was helpful,Normal Operations
R3753,C81944,2026-05-31,4,Good quality product,Normal Operations
R3754,C69804,2026-05-31,4,Customer service was helpful,Normal Operations
R3755,C89573,2026-05-31,4,Good quality product,Normal Operations
R3756,C20044,2026-05-31,4,Great product and fast delivery,Normal Operations
R3757,C17141,2026-05-31,5,Received order on time,Normal Operations
R3758,C57601,2026-05-31,5,Good quality product,Normal Operations
R3759,C6488,2026-05-31,4,Received order on time,Normal Operations
R3760,C16361,2026-05-31,4,Good quality product,Normal Operations
R3761,C83039,2026-05-31,5,Easy checkout process,Normal Operations
R3762,C86262,2026-05-31,5,Very satisfied with my purchase,Normal Operations
R3763,C50950,2026-05-31,5,Good quality product,Normal Operations
R3764,C81302,2026-05-31,4,Good quality product,Normal Operations
R3765,C41301,2026-05-31,4,Will buy again from this store,Normal Operations
R3766,C68536,2026-05-31,5,Easy checkout process,Normal Operations
R3767,C49221,2026-05-31,5,Customer service was helpful,Normal Operations
R3768,C71737,2026-05-31,4,Received order on time,Normal Operations
R3769,C45972,2026-05-31,5,Good quality product,Normal Operations
R3770,C96435,2026-05-31,5,Customer service was helpful,Normal Operations
R3771,C59941,2026-05-31,5,Received order on time,Normal Operations
R3772,C9706,2026-05-31,4,Very satisfied with my purchase,Normal Operations
R3773,C79835,2026-05-31,5,Will buy again from this store,Normal Operations
R3774,C46105,2026-05-31,4,Received order on time,Normal Operations
R3775,C86571,2026-06-01,1,App became unusable after update,Mobile App Release
R3776,C59946,2026-06-01,1,App crashes after the latest update,Mobile App Release
R3777,C87364,2026-06-01,1,Mobile app performance is terrible,Mobile App Release
R3778,C10316,2026-06-01,1,App became unusable after update,Mobile App Release
R3779,C55782,2026-06-01,1,App crashes after the latest update,Mobile App Release
R3780,C62696,2026-06-01,2,Experiencing constant crashes,Mobile App Release
R3781,C25652,2026-06-01,1,Mobile app performance is terrible,Mobile App Release
R3782,C38109,2026-06-01,2,Experiencing constant crashes,Mobile App Release
R3783,C3933,2026-06-01,2,Mobile app performance is terrible,Mobile App Release
R3784,C28209,2026-06-01,1,App became unusable after update,Mobile App Release
R3785,C10538,2026-06-01,1,App became unusable after update,Mobile App Release
R3786,C72255,2026-06-01,1,Mobile app performance is terrible,Mobile App Release
R3787,C65588,2026-06-01,2,Mobile app performance is terrible,Mobile App Release
R3788,C81016,2026-06-01,1,App crashes after the latest update,Mobile App Release
R3789,C45703,2026-06-01,1,Mobile app performance is terrible,Mobile App Release
R3790,C30917,2026-06-01,2,App became unusable after update,Mobile App Release
R3791,C23260,2026-06-01,1,App became unusable after update,Mobile App Release
R3792,C7044,2026-06-01,1,App crashes after the latest update,Mobile App Release
R3793,C78066,2026-06-01,1,Cannot login anymore,Mobile App Release
R3794,C23285,2026-06-01,1,App became unusable after update,Mobile App Release
R3795,C69001,2026-06-01,1,Cannot login anymore,Mobile App Release
R3796,C29266,2026-06-01,1,Mobile app performance is terrible,Mobile App Release
R3797,C84580,2026-06-01,1,Application keeps closing,Mobile App Release
R3798,C70967,2026-06-01,2,App crashes after the latest update,Mobile App Release
R3799,C67397,2026-06-01,2,Cannot login anymore,Mobile App Release
R3800,C75011,2026-06-01,2,Application keeps closing,Mobile App Release
R3801,C71327,2026-06-01,1,Experiencing constant crashes,Mobile App Release
R3802,C51365,2026-06-01,2,App became unusable after update,Mobile App Release
R3803,C54646,2026-06-01,1,App crashes after the latest update,Mobile App Release
R3804,C81589,2026-06-01,1,App crashes after the latest update,Mobile App Release
R3805,C93450,2026-06-01,2,Cannot login anymore,Mobile App Release
R3806,C90006,2026-06-01,1,Mobile app performance is terrible,Mobile App Release
R3807,C97273,2026-06-01,1,Application keeps closing,Mobile App Release
R3808,C44079,2026-06-01,2,Cannot login anymore,Mobile App Release
R3809,C50946,2026-06-01,1,App became unusable after update,Mobile App Release
R3810,C61902,2026-06-01,2,Cannot login anymore,Mobile App Release
R3811,C88091,2026-06-01,2,Experiencing constant crashes,Mobile App Release
R3812,C89341,2026-06-01,1,App became unusable after update,Mobile App Release
R3813,C90332,2026-06-01,2,App crashes after the latest update,Mobile App Release
R3814,C65170,2026-06-01,2,App crashes after the latest update,Mobile App Release
R3815,C82016,2026-06-01,2,Mobile app performance is terrible,Mobile App Release
R3816,C59623,2026-06-01,1,App became unusable after update,Mobile App Release
R3817,C12522,2026-06-01,1,Application keeps closing,Mobile App Release
R3818,C27302,2026-06-01,2,Experiencing constant crashes,Mobile App Release
R3819,C96731,2026-06-02,2,Application keeps closing,Mobile App Release
R3820,C41723,2026-06-02,1,Application keeps closing,Mobile App Release
R3821,C87053,2026-06-02,1,App became unusable after update,Mobile App Release
R3822,C90210,2026-06-02,1,App crashes after the latest update,Mobile App Release
R3823,C27196,2026-06-02,2,App became unusable after update,Mobile App Release
R3824,C96300,2026-06-02,1,Cannot login anymore,Mobile App Release
R3825,C29740,2026-06-02,2,Application keeps closing,Mobile App Release
R3826,C1817,2026-06-02,1,Experiencing constant crashes,Mobile App Release
R3827,C92020,2026-06-02,1,App became unusable after update,Mobile App Release
R3828,C87149,2026-06-02,1,Cannot login anymore,Mobile App Release
R3829,C63366,2026-06-02,1,Cannot login anymore,Mobile App Release
R3830,C90100,2026-06-02,1,Application keeps closing,Mobile App Release
R3831,C12810,2026-06-02,1,Application keeps closing,Mobile App Release
R3832,C94991,2026-06-02,2,Application keeps closing,Mobile App Release
R3833,C40986,2026-06-02,2,Cannot login anymore,Mobile App Release
R3834,C17719,2026-06-02,1,Cannot login anymore,Mobile App Release
R3835,C77879,2026-06-02,1,Cannot login anymore,Mobile App Release
R3836,C15004,2026-06-02,1,Cannot login anymore,Mobile App Release
R3837,C90445,2026-06-02,1,Application keeps closing,Mobile App Release
R3838,C66447,2026-06-02,1,Application keeps closing,Mobile App Release
R3839,C26652,2026-06-02,1,App crashes after the latest update,Mobile App Release
R3840,C63351,2026-06-02,1,Application keeps closing,Mobile App Release
R3841,C67937,2026-06-02,1,App became unusable after update,Mobile App Release
R3842,C98657,2026-06-02,1,Mobile app performance is terrible,Mobile App Release
R3843,C17564,2026-06-02,1,Mobile app performance is terrible,Mobile App Release
R3844,C48218,2026-06-02,1,Cannot login anymore,Mobile App Release
R3845,C50132,2026-06-02,1,Application keeps closing,Mobile App Release
R3846,C58716,2026-06-02,1,Mobile app performance is terrible,Mobile App Release
R3847,C48128,2026-06-02,2,App crashes after the latest update,Mobile App Release
R3848,C32876,2026-06-02,1,Experiencing constant crashes,Mobile App Release
R3849,C90816,2026-06-02,2,App became unusable after update,Mobile App Release
R3850,C38312,2026-06-02,1,Experiencing constant crashes,Mobile App Release
R3851,C34876,2026-06-02,2,App became unusable after update,Mobile App Release
R3852,C73845,2026-06-02,1,Cannot login anymore,Mobile App Release
R3853,C46024,2026-06-02,2,Application keeps closing,Mobile App Release
R3854,C71644,2026-06-02,1,App crashes after the latest update,Mobile App Release
R3855,C87332,2026-06-02,2,App became unusable after update,Mobile App Release
R3856,C60290,2026-06-02,1,App crashes after the latest update,Mobile App Release
R3857,C19660,2026-06-02,1,Mobile app performance is terrible,Mobile App Release
R3858,C10361,2026-06-02,2,Mobile app performance is terrible,Mobile App Release
R3859,C12301,2026-06-03,1,Cannot login anymore,Mobile App Release
R3860,C20928,2026-06-03,2,Application keeps closing,Mobile App Release
R3861,C93255,2026-06-03,1,Mobile app performance is terrible,Mobile App Release
R3862,C92203,2026-06-03,1,Experiencing constant crashes,Mobile App Release
R3863,C49955,2026-06-03,1,App became unusable after update,Mobile App Release
R3864,C34434,2026-06-03,1,Experiencing constant crashes,Mobile App Release
R3865,C39744,2026-06-03,1,App became unusable after update,Mobile App Release
R3866,C79811,2026-06-03,1,App crashes after the latest update,Mobile App Release
R3867,C64687,2026-06-03,1,App became unusable after update,Mobile App Release
R3868,C45029,2026-06-03,1,Application keeps closing,Mobile App Release
R3869,C10524,2026-06-03,2,Experiencing constant crashes,Mobile App Release
R3870,C63043,2026-06-03,1,Application keeps closing,Mobile App Release
R3871,C62143,2026-06-03,1,Mobile app performance is terrible,Mobile App Release
R3872,C79783,2026-06-03,1,App crashes after the latest update,Mobile App Release
R3873,C13471,2026-06-03,1,Experiencing constant crashes,Mobile App Release
R3874,C79083,2026-06-03,1,App crashes after the latest update,Mobile App Release
R3875,C94885,2026-06-03,1,Experiencing constant crashes,Mobile App Release
R3876,C52105,2026-06-03,1,App became unusable after update,Mobile App Release
R3877,C6631,2026-06-03,2,App crashes after the latest update,Mobile App Release
R3878,C14860,2026-06-03,1,Application keeps closing,Mobile App Release
R3879,C42245,2026-06-03,1,Experiencing constant crashes,Mobile App Release
R3880,C55566,2026-06-03,1,App crashes after the latest update,Mobile App Release
R3881,C1246,2026-06-03,1,Mobile app performance is terrible,Mobile App Release
R3882,C48693,2026-06-03,1,Mobile app performance is terrible,Mobile App Release
R3883,C17199,2026-06-03,1,App became unusable after update,Mobile App Release
R3884,C85983,2026-06-03,1,App became unusable after update,Mobile App Release
R3885,C16570,2026-06-03,1,App became unusable after update,Mobile App Release
R3886,C26784,2026-06-03,2,App became unusable after update,Mobile App Release
R3887,C9472,2026-06-03,1,Experiencing constant crashes,Mobile App Release
R3888,C62072,2026-06-03,1,Mobile app performance is terrible,Mobile App Release
R3889,C83457,2026-06-03,1,Cannot login anymore,Mobile App Release
R3890,C19155,2026-06-03,1,Cannot login anymore,Mobile App Release
R3891,C52588,2026-06-03,1,Mobile app performance is terrible,Mobile App Release
R3892,C40392,2026-06-03,1,Cannot login anymore,Mobile App Release
R3893,C34949,2026-06-03,1,Mobile app performance is terrible,Mobile App Release
R3894,C72572,2026-06-03,1,App crashes after the latest update,Mobile App Release
R3895,C66119,2026-06-03,1,App became unusable after update,Mobile App Release
R3896,C81068,2026-06-03,1,Application keeps closing,Mobile App Release
R3897,C85780,2026-06-03,1,App crashes after the latest update,Mobile App Release
R3898,C77831,2026-06-03,2,App became unusable after update,Mobile App Release
R3899,C26326,2026-06-03,1,Application keeps closing,Mobile App Release
R3900,C93288,2026-06-03,1,Experiencing constant crashes,Mobile App Release
R3901,C33616,2026-06-03,1,Experiencing constant crashes,Mobile App Release
R3902,C27453,2026-06-03,1,Application keeps closing,Mobile App Release
R3903,C75061,2026-06-03,2,Experiencing constant crashes,Mobile App Release
R3904,C77851,2026-06-03,1,Application keeps closing,Mobile App Release
R3905,C97663,2026-06-03,1,Experiencing constant crashes,Mobile App Release
R3906,C71159,2026-06-03,1,App became unusable after update,Mobile App Release
R3907,C1950,2026-06-03,1,App became unusable after update,Mobile App Release
R3908,C97698,2026-06-04,1,App crashes after the latest update,Mobile App Release
R3909,C45593,2026-06-04,1,Mobile app performance is terrible,Mobile App Release
R3910,C9618,2026-06-04,1,Cannot login anymore,Mobile App Release
R3911,C6930,2026-06-04,2,App became unusable after update,Mobile App Release
R3912,C86677,2026-06-04,1,Experiencing constant crashes,Mobile App Release
R3913,C87382,2026-06-04,2,Cannot login anymore,Mobile App Release
R3914,C7433,2026-06-04,1,App became unusable after update,Mobile App Release
R3915,C93576,2026-06-04,1,Mobile app performance is terrible,Mobile App Release
R3916,C59100,2026-06-04,1,App became unusable after update,Mobile App Release
R3917,C21447,2026-06-04,1,Experiencing constant crashes,Mobile App Release
R3918,C70376,2026-06-04,2,Application keeps closing,Mobile App Release
R3919,C558,2026-06-04,1,Experiencing constant crashes,Mobile App Release
R3920,C99144,2026-06-04,1,Application keeps closing,Mobile App Release
R3921,C57501,2026-06-04,1,Application keeps closing,Mobile App Release
R3922,C11597,2026-06-04,2,Cannot login anymore,Mobile App Release
R3923,C93434,2026-06-04,1,Mobile app performance is terrible,Mobile App Release
R3924,C43247,2026-06-04,1,Application keeps closing,Mobile App Release
R3925,C33759,2026-06-04,2,Cannot login anymore,Mobile App Release
R3926,C53610,2026-06-04,2,App became unusable after update,Mobile App Release
R3927,C47038,2026-06-04,1,App crashes after the latest update,Mobile App Release
R3928,C74470,2026-06-04,1,Mobile app performance is terrible,Mobile App Release
R3929,C15620,2026-06-04,1,Experiencing constant crashes,Mobile App Release
R3930,C8799,2026-06-04,1,Mobile app performance is terrible,Mobile App Release
R3931,C21183,2026-06-04,1,Mobile app performance is terrible,Mobile App Release
R3932,C15009,2026-06-04,1,App crashes after the latest update,Mobile App Release
R3933,C8121,2026-06-04,2,App became unusable after update,Mobile App Release
R3934,C18171,2026-06-04,2,Cannot login anymore,Mobile App Release
R3935,C95792,2026-06-04,2,Mobile app performance is terrible,Mobile App Release
R3936,C43148,2026-06-04,2,Application keeps closing,Mobile App Release
R3937,C97842,2026-06-04,1,App crashes after the latest update,Mobile App Release
R3938,C76216,2026-06-04,1,Cannot login anymore,Mobile App Release
R3939,C93824,2026-06-04,2,Experiencing constant crashes,Mobile App Release
R3940,C51929,2026-06-04,1,Experiencing constant crashes,Mobile App Release
R3941,C93331,2026-06-04,2,App became unusable after update,Mobile App Release
R3942,C85819,2026-06-04,1,Mobile app performance is terrible,Mobile App Release
R3943,C71161,2026-06-04,1,App became unusable after update,Mobile App Release
R3944,C33530,2026-06-04,2,Experiencing constant crashes,Mobile App Release
R3945,C85783,2026-06-04,1,Experiencing constant crashes,Mobile App Release
R3946,C51084,2026-06-04,2,Experiencing constant crashes,Mobile App Release
R3947,C6022,2026-06-04,1,App became unusable after update,Mobile App Release
R3948,C50356,2026-06-04,1,Experiencing constant crashes,Mobile App Release
R3949,C7905,2026-06-04,1,App became unusable after update,Mobile App Release
R3950,C89788,2026-06-04,2,Cannot login anymore,Mobile App Release
R3951,C3094,2026-06-04,2,App crashes after the latest update,Mobile App Release
R3952,C92511,2026-06-04,2,App became unusable after update,Mobile App Release
R3953,C13281,2026-06-04,1,App became unusable after update,Mobile App Release
R3954,C91716,2026-06-05,1,Experiencing constant crashes,Mobile App Release
R3955,C57989,2026-06-05,1,Cannot login anymore,Mobile App Release
R3956,C55798,2026-06-05,1,Cannot login anymore,Mobile App Release
R3957,C23931,2026-06-05,1,Mobile app performance is terrible,Mobile App Release
R3958,C98229,2026-06-05,1,App crashes after the latest update,Mobile App Release
R3959,C67697,2026-06-05,2,App crashes after the latest update,Mobile App Release
R3960,C56816,2026-06-05,1,App became unusable after update,Mobile App Release
R3961,C88407,2026-06-05,1,Experiencing constant crashes,Mobile App Release
R3962,C54031,2026-06-05,1,App crashes after the latest update,Mobile App Release
R3963,C29204,2026-06-05,1,App crashes after the latest update,Mobile App Release
R3964,C45668,2026-06-05,1,App crashes after the latest update,Mobile App Release
R3965,C9863,2026-06-05,2,Mobile app performance is terrible,Mobile App Release
R3966,C71881,2026-06-05,1,Mobile app performance is terrible,Mobile App Release
R3967,C83530,2026-06-05,2,App crashes after the latest update,Mobile App Release
R3968,C64524,2026-06-05,1,Application keeps closing,Mobile App Release
R3969,C57004,2026-06-05,2,Mobile app performance is terrible,Mobile App Release
R3970,C39843,2026-06-05,1,Cannot login anymore,Mobile App Release
R3971,C5696,2026-06-05,1,App crashes after the latest update,Mobile App Release
R3972,C14236,2026-06-05,1,App became unusable after update,Mobile App Release
R3973,C6765,2026-06-05,2,Mobile app performance is terrible,Mobile App Release
R3974,C31924,2026-06-05,1,App crashes after the latest update,Mobile App Release
R3975,C1615,2026-06-05,1,Cannot login anymore,Mobile App Release
R3976,C56441,2026-06-05,2,Mobile app performance is terrible,Mobile App Release
R3977,C49649,2026-06-05,1,Cannot login anymore,Mobile App Release
R3978,C93499,2026-06-05,1,App crashes after the latest update,Mobile App Release
R3979,C38502,2026-06-05,1,App became unusable after update,Mobile App Release
R3980,C93779,2026-06-05,1,Experiencing constant crashes,Mobile App Release
R3981,C17862,2026-06-05,2,App crashes after the latest update,Mobile App Release
R3982,C18782,2026-06-05,1,Application keeps closing,Mobile App Release
R3983,C22579,2026-06-05,1,Experiencing constant crashes,Mobile App Release
R3984,C29783,2026-06-05,2,Application keeps closing,Mobile App Release
R3985,C57,2026-06-06,1,Application keeps closing,Mobile App Release
R3986,C1702,2026-06-06,1,Cannot login anymore,Mobile App Release
R3987,C80637,2026-06-06,2,Experiencing constant crashes,Mobile App Release
R3988,C6554,2026-06-06,1,Cannot login anymore,Mobile App Release
R3989,C44349,2026-06-06,1,Experiencing constant crashes,Mobile App Release
R3990,C75570,2026-06-06,1,Mobile app performance is terrible,Mobile App Release
R3991,C909,2026-06-06,2,Experiencing constant crashes,Mobile App Release
R3992,C95968,2026-06-06,1,Mobile app performance is terrible,Mobile App Release
R3993,C49324,2026-06-06,1,Experiencing constant crashes,Mobile App Release
R3994,C46106,2026-06-06,1,App crashes after the latest update,Mobile App Release
R3995,C1050,2026-06-06,1,App became unusable after update,Mobile App Release
R3996,C66352,2026-06-06,2,Cannot login anymore,Mobile App Release
R3997,C25038,2026-06-06,1,Application keeps closing,Mobile App Release
R3998,C57184,2026-06-06,1,App crashes after the latest update,Mobile App Release
R3999,C62510,2026-06-06,2,Experiencing constant crashes,Mobile App Release
R4000,C21557,2026-06-06,2,Application keeps closing,Mobile App Release
R4001,C48488,2026-06-06,2,Mobile app performance is terrible,Mobile App Release
R4002,C99469,2026-06-06,1,Experiencing constant crashes,Mobile App Release
R4003,C21257,2026-06-06,1,Mobile app performance is terrible,Mobile App Release
R4004,C2461,2026-06-06,1,Cannot login anymore,Mobile App Release
R4005,C16192,2026-06-06,1,App became unusable after update,Mobile App Release
R4006,C43159,2026-06-06,2,Cannot login anymore,Mobile App Release
R4007,C78679,2026-06-06,1,App crashes after the latest update,Mobile App Release
R4008,C55666,2026-06-06,1,Experiencing constant crashes,Mobile App Release
R4009,C33594,2026-06-06,2,Application keeps closing,Mobile App Release
R4010,C99277,2026-06-06,1,App became unusable after update,Mobile App Release
R4011,C89440,2026-06-06,2,Experiencing constant crashes,Mobile App Release
R4012,C86656,2026-06-06,1,Application keeps closing,Mobile App Release
R4013,C97078,2026-06-06,1,Mobile app performance is terrible,Mobile App Release
R4014,C25199,2026-06-06,2,Cannot login anymore,Mobile App Release
R4015,C89145,2026-06-06,2,App became unusable after update,Mobile App Release
R4016,C62614,2026-06-06,2,Application keeps closing,Mobile App Release
R4017,C82502,2026-06-06,2,Mobile app performance is terrible,Mobile App Release
R4018,C46247,2026-06-06,1,Mobile app performance is terrible,Mobile App Release
R4019,C2000,2026-06-06,1,Cannot login anymore,Mobile App Release
R4020,C52801,2026-06-06,2,Cannot login anymore,Mobile App Release
R4021,C64316,2026-06-06,1,Experiencing constant crashes,Mobile App Release
R4022,C88679,2026-06-06,1,Cannot login anymore,Mobile App Release
R4023,C77723,2026-06-06,1,Application keeps closing,Mobile App Release
R4024,C15291,2026-06-06,1,Experiencing constant crashes,Mobile App Release
R4025,C63198,2026-06-06,1,Mobile app performance is terrible,Mobile App Release
R4026,C71597,2026-06-06,1,Experiencing constant crashes,Mobile App Release
R4027,C3339,2026-06-06,2,App crashes after the latest update,Mobile App Release
R4028,C95066,2026-06-06,1,Cannot login anymore,Mobile App Release
R4029,C28805,2026-06-06,1,Mobile app performance is terrible,Mobile App Release
R4030,C10548,2026-06-06,1,Mobile app performance is terrible,Mobile App Release
R4031,C28769,2026-06-06,2,Cannot login anymore,Mobile App Release
R4032,C50461,2026-06-06,1,Application keeps closing,Mobile App Release
R4033,C15420,2026-06-06,1,Application keeps closing,Mobile App Release
R4034,C49685,2026-06-07,1,App became unusable after update,Mobile App Release
R4035,C67006,2026-06-07,1,Experiencing constant crashes,Mobile App Release
R4036,C90946,2026-06-07,1,App crashes after the latest update,Mobile App Release
R4037,C92322,2026-06-07,1,App crashes after the latest update,Mobile App Release
R4038,C66628,2026-06-07,2,Cannot login anymore,Mobile App Release
R4039,C59005,2026-06-07,1,App became unusable after update,Mobile App Release
R4040,C75993,2026-06-07,1,Cannot login anymore,Mobile App Release
R4041,C42146,2026-06-07,1,App crashes after the latest update,Mobile App Release
R4042,C93646,2026-06-07,1,App crashes after the latest update,Mobile App Release
R4043,C27921,2026-06-07,1,Application keeps closing,Mobile App Release
R4044,C87082,2026-06-07,1,Mobile app performance is terrible,Mobile App Release
R4045,C74093,2026-06-07,1,App crashes after the latest update,Mobile App Release
R4046,C1925,2026-06-07,1,App became unusable after update,Mobile App Release
R4047,C84197,2026-06-07,2,Mobile app performance is terrible,Mobile App Release
R4048,C75482,2026-06-07,1,Mobile app performance is terrible,Mobile App Release
R4049,C12208,2026-06-07,2,Application keeps closing,Mobile App Release
R4050,C75167,2026-06-07,1,Application keeps closing,Mobile App Release
R4051,C33720,2026-06-07,1,App crashes after the latest update,Mobile App Release
R4052,C79992,2026-06-07,1,Cannot login anymore,Mobile App Release
R4053,C36777,2026-06-07,1,Application keeps closing,Mobile App Release
R4054,C6656,2026-06-07,2,App became unusable after update,Mobile App Release
R4055,C89780,2026-06-07,1,Mobile app performance is terrible,Mobile App Release
R4056,C61688,2026-06-07,2,Cannot login anymore,Mobile App Release
R4057,C83779,2026-06-07,1,Mobile app performance is terrible,Mobile App Release
R4058,C51551,2026-06-07,1,Experiencing constant crashes,Mobile App Release
R4059,C85616,2026-06-07,1,Mobile app performance is terrible,Mobile App Release
R4060,C18933,2026-06-07,2,Experiencing constant crashes,Mobile App Release
R4061,C7550,2026-06-07,1,Experiencing constant crashes,Mobile App Release
R4062,C46540,2026-06-07,2,Experiencing constant crashes,Mobile App Release
R4063,C23017,2026-06-07,2,Experiencing constant crashes,Mobile App Release
R4064,C92448,2026-06-07,1,App crashes after the latest update,Mobile App Release
R4065,C12824,2026-06-07,1,Application keeps closing,Mobile App Release
R4066,C57772,2026-06-07,2,Application keeps closing,Mobile App Release
R4067,C39108,2026-06-07,1,Experiencing constant crashes,Mobile App Release
R4068,C56228,2026-06-07,1,App crashes after the latest update,Mobile App Release
R4069,C56235,2026-06-07,1,Experiencing constant crashes,Mobile App Release
R4070,C11520,2026-06-07,1,Mobile app performance is terrible,Mobile App Release
R4071,C41369,2026-06-07,1,Mobile app performance is terrible,Mobile App Release
R4072,C69716,2026-06-07,1,Cannot login anymore,Mobile App Release
R4073,C72299,2026-06-08,2,Application keeps closing,Mobile App Release
R4074,C86880,2026-06-08,1,Experiencing constant crashes,Mobile App Release
R4075,C93420,2026-06-08,1,Mobile app performance is terrible,Mobile App Release
R4076,C39471,2026-06-08,1,Cannot login anymore,Mobile App Release
R4077,C48622,2026-06-08,1,Experiencing constant crashes,Mobile App Release
R4078,C37998,2026-06-08,1,Cannot login anymore,Mobile App Release
R4079,C31705,2026-06-08,1,App became unusable after update,Mobile App Release
R4080,C89724,2026-06-08,1,Application keeps closing,Mobile App Release
R4081,C8734,2026-06-08,1,Mobile app performance is terrible,Mobile App Release
R4082,C15910,2026-06-08,2,Application keeps closing,Mobile App Release
R4083,C28134,2026-06-08,2,Application keeps closing,Mobile App Release
R4084,C11279,2026-06-08,1,Mobile app performance is terrible,Mobile App Release
R4085,C56783,2026-06-08,1,Application keeps closing,Mobile App Release
R4086,C22192,2026-06-08,1,App crashes after the latest update,Mobile App Release
R4087,C75258,2026-06-08,2,App became unusable after update,Mobile App Release
R4088,C30280,2026-06-08,1,Experiencing constant crashes,Mobile App Release
R4089,C94224,2026-06-08,2,App became unusable after update,Mobile App Release
R4090,C61033,2026-06-08,2,Experiencing constant crashes,Mobile App Release
R4091,C85240,2026-06-08,1,Mobile app performance is terrible,Mobile App Release
R4092,C69446,2026-06-08,1,App crashes after the latest update,Mobile App Release
R4093,C16741,2026-06-08,1,App became unusable after update,Mobile App Release
R4094,C19466,2026-06-08,1,Experiencing constant crashes,Mobile App Release
R4095,C64974,2026-06-08,2,App crashes after the latest update,Mobile App Release
R4096,C89343,2026-06-08,2,Mobile app performance is terrible,Mobile App Release
R4097,C55693,2026-06-08,2,Mobile app performance is terrible,Mobile App Release
R4098,C61345,2026-06-08,1,Experiencing constant crashes,Mobile App Release
R4099,C4598,2026-06-08,1,App became unusable after update,Mobile App Release
R4100,C49478,2026-06-08,1,App crashes after the latest update,Mobile App Release
R4101,C70604,2026-06-08,1,Experiencing constant crashes,Mobile App Release
R4102,C57493,2026-06-08,1,Mobile app performance is terrible,Mobile App Release
R4103,C78949,2026-06-08,1,Application keeps closing,Mobile App Release
R4104,C12570,2026-06-08,1,Experiencing constant crashes,Mobile App Release
R4105,C529,2026-06-08,2,Cannot login anymore,Mobile App Release
R4106,C19749,2026-06-08,1,Application keeps closing,Mobile App Release
R4107,C55809,2026-06-08,2,Experiencing constant crashes,Mobile App Release
R4108,C74421,2026-06-08,2,App crashes after the latest update,Mobile App Release
R4109,C66897,2026-06-08,2,Application keeps closing,Mobile App Release
R4110,C22162,2026-06-08,1,Application keeps closing,Mobile App Release
R4111,C57154,2026-06-08,2,Application keeps closing,Mobile App Release
R4112,C99547,2026-06-08,1,App became unusable after update,Mobile App Release
R4113,C9798,2026-06-08,2,Experiencing constant crashes,Mobile App Release
R4114,C13966,2026-06-08,1,Application keeps closing,Mobile App Release
R4115,C26927,2026-06-08,2,Experiencing constant crashes,Mobile App Release
R4116,C64797,2026-06-08,1,App crashes after the latest update,Mobile App Release
R4117,C90333,2026-06-08,1,App crashes after the latest update,Mobile App Release
R4118,C51627,2026-06-09,1,Cannot login anymore,Mobile App Release
R4119,C92603,2026-06-09,1,Mobile app performance is terrible,Mobile App Release
R4120,C22659,2026-06-09,1,App crashes after the latest update,Mobile App Release
R4121,C79323,2026-06-09,1,Cannot login anymore,Mobile App Release
R4122,C65593,2026-06-09,2,Mobile app performance is terrible,Mobile App Release
R4123,C39987,2026-06-09,1,App became unusable after update,Mobile App Release
R4124,C73599,2026-06-09,1,Application keeps closing,Mobile App Release
R4125,C42549,2026-06-09,1,App crashes after the latest update,Mobile App Release
R4126,C90811,2026-06-09,1,Cannot login anymore,Mobile App Release
R4127,C31482,2026-06-09,1,Mobile app performance is terrible,Mobile App Release
R4128,C39847,2026-06-09,1,App crashes after the latest update,Mobile App Release
R4129,C32597,2026-06-09,1,Application keeps closing,Mobile App Release
R4130,C25010,2026-06-09,1,Mobile app performance is terrible,Mobile App Release
R4131,C6048,2026-06-09,2,Cannot login anymore,Mobile App Release
R4132,C24103,2026-06-09,1,Cannot login anymore,Mobile App Release
R4133,C30541,2026-06-09,1,Cannot login anymore,Mobile App Release
R4134,C63770,2026-06-09,1,Mobile app performance is terrible,Mobile App Release
R4135,C67547,2026-06-09,1,Mobile app performance is terrible,Mobile App Release
R4136,C49,2026-06-09,1,Cannot login anymore,Mobile App Release
R4137,C47607,2026-06-09,1,Application keeps closing,Mobile App Release
R4138,C49223,2026-06-09,1,App crashes after the latest update,Mobile App Release
R4139,C54608,2026-06-09,2,Mobile app performance is terrible,Mobile App Release
R4140,C83698,2026-06-09,1,Application keeps closing,Mobile App Release
R4141,C90725,2026-06-09,2,App became unusable after update,Mobile App Release
R4142,C42198,2026-06-09,2,App crashes after the latest update,Mobile App Release
R4143,C17334,2026-06-09,2,App crashes after the latest update,Mobile App Release
R4144,C73904,2026-06-09,1,App crashes after the latest update,Mobile App Release
R4145,C75676,2026-06-09,1,Application keeps closing,Mobile App Release
R4146,C93617,2026-06-09,1,App crashes after the latest update,Mobile App Release
R4147,C32625,2026-06-09,1,Experiencing constant crashes,Mobile App Release
R4148,C51031,2026-06-09,1,App became unusable after update,Mobile App Release
R4149,C98614,2026-06-09,1,Experiencing constant crashes,Mobile App Release
R4150,C56881,2026-06-09,1,App crashes after the latest update,Mobile App Release
R4151,C42461,2026-06-09,1,Cannot login anymore,Mobile App Release
R4152,C16,2026-06-09,1,App became unusable after update,Mobile App Release
R4153,C60728,2026-06-10,1,App became unusable after update,Mobile App Release
R4154,C48433,2026-06-10,1,Cannot login anymore,Mobile App Release
R4155,C8508,2026-06-10,2,App became unusable after update,Mobile App Release
R4156,C93168,2026-06-10,1,Application keeps closing,Mobile App Release
R4157,C57733,2026-06-10,1,Cannot login anymore,Mobile App Release
R4158,C6841,2026-06-10,2,Cannot login anymore,Mobile App Release
R4159,C35184,2026-06-10,2,Application keeps closing,Mobile App Release
R4160,C66300,2026-06-10,1,App became unusable after update,Mobile App Release
R4161,C39024,2026-06-10,1,Experiencing constant crashes,Mobile App Release
R4162,C53951,2026-06-10,1,Experiencing constant crashes,Mobile App Release
R4163,C65364,2026-06-10,1,Experiencing constant crashes,Mobile App Release
R4164,C97897,2026-06-10,1,App became unusable after update,Mobile App Release
R4165,C28174,2026-06-10,1,Cannot login anymore,Mobile App Release
R4166,C84744,2026-06-10,2,Mobile app performance is terrible,Mobile App Release
R4167,C62584,2026-06-10,1,Experiencing constant crashes,Mobile App Release
R4168,C72970,2026-06-10,1,Mobile app performance is terrible,Mobile App Release
R4169,C37595,2026-06-10,2,App crashes after the latest update,Mobile App Release
R4170,C66034,2026-06-10,2,App crashes after the latest update,Mobile App Release
R4171,C70180,2026-06-10,1,Cannot login anymore,Mobile App Release
R4172,C17242,2026-06-10,1,App crashes after the latest update,Mobile App Release
R4173,C73758,2026-06-10,1,Mobile app performance is terrible,Mobile App Release
R4174,C77125,2026-06-10,2,Application keeps closing,Mobile App Release
R4175,C49168,2026-06-10,2,App became unusable after update,Mobile App Release
R4176,C2017,2026-06-10,2,Experiencing constant crashes,Mobile App Release
R4177,C15749,2026-06-10,2,Mobile app performance is terrible,Mobile App Release
R4178,C34130,2026-06-10,1,Application keeps closing,Mobile App Release
R4179,C23491,2026-06-10,1,App became unusable after update,Mobile App Release
R4180,C91952,2026-06-10,1,Mobile app performance is terrible,Mobile App Release
R4181,C54639,2026-06-10,1,Application keeps closing,Mobile App Release
R4182,C62964,2026-06-10,1,App crashes after the latest update,Mobile App Release
R4183,C35327,2026-06-10,1,App became unusable after update,Mobile App Release
R4184,C87341,2026-06-10,1,Mobile app performance is terrible,Mobile App Release
R4185,C42750,2026-06-10,2,Experiencing constant crashes,Mobile App Release
R4186,C79234,2026-06-10,1,App became unusable after update,Mobile App Release
R4187,C57749,2026-06-10,2,Application keeps closing,Mobile App Release
R4188,C88816,2026-06-11,2,Application keeps closing,Mobile App Release
R4189,C34981,2026-06-11,2,Experiencing constant crashes,Mobile App Release
R4190,C91655,2026-06-11,1,Experiencing constant crashes,Mobile App Release
R4191,C16998,2026-06-11,1,Experiencing constant crashes,Mobile App Release
R4192,C26399,2026-06-11,1,Application keeps closing,Mobile App Release
R4193,C21247,2026-06-11,1,Application keeps closing,Mobile App Release
R4194,C89533,2026-06-11,1,Cannot login anymore,Mobile App Release
R4195,C23581,2026-06-11,1,Application keeps closing,Mobile App Release
R4196,C50622,2026-06-11,1,Cannot login anymore,Mobile App Release
R4197,C50604,2026-06-11,1,Mobile app performance is terrible,Mobile App Release
R4198,C1754,2026-06-11,1,Application keeps closing,Mobile App Release
R4199,C74284,2026-06-11,1,Mobile app performance is terrible,Mobile App Release
R4200,C825,2026-06-11,1,Mobile app performance is terrible,Mobile App Release
R4201,C66618,2026-06-11,2,App crashes after the latest update,Mobile App Release
R4202,C56355,2026-06-11,1,Experiencing constant crashes,Mobile App Release
R4203,C86603,2026-06-11,1,Application keeps closing,Mobile App Release
R4204,C74505,2026-06-11,1,App crashes after the latest update,Mobile App Release
R4205,C9696,2026-06-11,1,Application keeps closing,Mobile App Release
R4206,C1215,2026-06-11,1,Mobile app performance is terrible,Mobile App Release
R4207,C91222,2026-06-11,1,App became unusable after update,Mobile App Release
R4208,C44840,2026-06-11,1,Cannot login anymore,Mobile App Release
R4209,C25539,2026-06-11,1,Application keeps closing,Mobile App Release
R4210,C73502,2026-06-11,2,Application keeps closing,Mobile App Release
R4211,C27741,2026-06-11,1,Experiencing constant crashes,Mobile App Release
R4212,C11882,2026-06-11,1,App crashes after the latest update,Mobile App Release
R4213,C37178,2026-06-11,2,App became unusable after update,Mobile App Release
R4214,C27916,2026-06-11,1,Mobile app performance is terrible,Mobile App Release
R4215,C22107,2026-06-11,1,App became unusable after update,Mobile App Release
R4216,C6554,2026-06-11,1,Mobile app performance is terrible,Mobile App Release
R4217,C69307,2026-06-11,2,Cannot login anymore,Mobile App Release
R4218,C55042,2026-06-11,2,Cannot login anymore,Mobile App Release
R4219,C99600,2026-06-11,1,App crashes after the latest update,Mobile App Release
R4220,C47250,2026-06-11,1,Experiencing constant crashes,Mobile App Release
R4221,C2787,2026-06-11,1,App crashes after the latest update,Mobile App Release
R4222,C49323,2026-06-12,1,Experiencing constant crashes,Mobile App Release
R4223,C15862,2026-06-12,1,App became unusable after update,Mobile App Release
R4224,C54262,2026-06-12,1,Mobile app performance is terrible,Mobile App Release
R4225,C81448,2026-06-12,1,Mobile app performance is terrible,Mobile App Release
R4226,C49832,2026-06-12,1,App became unusable after update,Mobile App Release
R4227,C29521,2026-06-12,2,Experiencing constant crashes,Mobile App Release
R4228,C44398,2026-06-12,1,Experiencing constant crashes,Mobile App Release
R4229,C27454,2026-06-12,1,Experiencing constant crashes,Mobile App Release
R4230,C14989,2026-06-12,1,Cannot login anymore,Mobile App Release
R4231,C27431,2026-06-12,1,Mobile app performance is terrible,Mobile App Release
R4232,C77799,2026-06-12,1,App became unusable after update,Mobile App Release
R4233,C37711,2026-06-12,1,App became unusable after update,Mobile App Release
R4234,C31284,2026-06-12,1,Cannot login anymore,Mobile App Release
R4235,C25969,2026-06-12,1,Cannot login anymore,Mobile App Release
R4236,C85367,2026-06-12,1,App became unusable after update,Mobile App Release
R4237,C73634,2026-06-12,2,Application keeps closing,Mobile App Release
R4238,C54334,2026-06-12,2,App crashes after the latest update,Mobile App Release
R4239,C70424,2026-06-12,1,Experiencing constant crashes,Mobile App Release
R4240,C1455,2026-06-12,1,Mobile app performance is terrible,Mobile App Release
R4241,C55269,2026-06-12,1,Application keeps closing,Mobile App Release
R4242,C78611,2026-06-12,1,Application keeps closing,Mobile App Release
R4243,C91473,2026-06-12,1,Experiencing constant crashes,Mobile App Release
R4244,C30483,2026-06-12,2,Application keeps closing,Mobile App Release
R4245,C20546,2026-06-12,1,App became unusable after update,Mobile App Release
R4246,C57802,2026-06-12,2,Application keeps closing,Mobile App Release
R4247,C63398,2026-06-12,2,Application keeps closing,Mobile App Release
R4248,C71592,2026-06-12,1,App became unusable after update,Mobile App Release
R4249,C51544,2026-06-12,2,Cannot login anymore,Mobile App Release
R4250,C99266,2026-06-12,1,App crashes after the latest update,Mobile App Release
R4251,C17602,2026-06-12,1,Mobile app performance is terrible,Mobile App Release
R4252,C20515,2026-06-12,1,App became unusable after update,Mobile App Release
R4253,C16293,2026-06-12,2,App crashes after the latest update,Mobile App Release
R4254,C30384,2026-06-12,1,App crashes after the latest update,Mobile App Release
R4255,C24856,2026-06-12,1,Cannot login anymore,Mobile App Release
R4256,C97205,2026-06-12,1,Cannot login anymore,Mobile App Release
R4257,C17444,2026-06-12,2,Mobile app performance is terrible,Mobile App Release
R4258,C11992,2026-06-12,1,Application keeps closing,Mobile App Release
R4259,C2474,2026-06-12,1,Experiencing constant crashes,Mobile App Release
R4260,C32211,2026-06-12,1,App became unusable after update,Mobile App Release
R4261,C33363,2026-06-12,1,Application keeps closing,Mobile App Release
R4262,C89558,2026-06-12,1,App became unusable after update,Mobile App Release
R4263,C3202,2026-06-12,1,App became unusable after update,Mobile App Release
R4264,C37959,2026-06-12,1,Mobile app performance is terrible,Mobile App Release
R4265,C46871,2026-06-12,1,Mobile app performance is terrible,Mobile App Release
R4266,C28153,2026-06-12,1,App became unusable after update,Mobile App Release
R4267,C11218,2026-06-13,1,Application keeps closing,Mobile App Release
R4268,C1409,2026-06-13,1,Experiencing constant crashes,Mobile App Release
R4269,C1219,2026-06-13,1,Cannot login anymore,Mobile App Release
R4270,C30106,2026-06-13,1,App became unusable after update,Mobile App Release
R4271,C7620,2026-06-13,2,Application keeps closing,Mobile App Release
R4272,C58216,2026-06-13,1,Mobile app performance is terrible,Mobile App Release
R4273,C94836,2026-06-13,1,App crashes after the latest update,Mobile App Release
R4274,C31741,2026-06-13,1,Mobile app performance is terrible,Mobile App Release
R4275,C32814,2026-06-13,1,Experiencing constant crashes,Mobile App Release
R4276,C67594,2026-06-13,1,Mobile app performance is terrible,Mobile App Release
R4277,C38486,2026-06-13,1,App became unusable after update,Mobile App Release
R4278,C8832,2026-06-13,1,App crashes after the latest update,Mobile App Release
R4279,C45925,2026-06-13,1,Cannot login anymore,Mobile App Release
R4280,C43556,2026-06-13,1,Experiencing constant crashes,Mobile App Release
R4281,C47404,2026-06-13,1,Mobile app performance is terrible,Mobile App Release
R4282,C98634,2026-06-13,1,Experiencing constant crashes,Mobile App Release
R4283,C57288,2026-06-13,2,Cannot login anymore,Mobile App Release
R4284,C75352,2026-06-13,1,Experiencing constant crashes,Mobile App Release
R4285,C72848,2026-06-13,1,App crashes after the latest update,Mobile App Release
R4286,C9291,2026-06-13,1,Mobile app performance is terrible,Mobile App Release
R4287,C30144,2026-06-13,2,Application keeps closing,Mobile App Release
R4288,C26899,2026-06-13,2,Experiencing constant crashes,Mobile App Release
R4289,C85675,2026-06-13,2,Cannot login anymore,Mobile App Release
R4290,C5507,2026-06-13,1,App became unusable after update,Mobile App Release
R4291,C79398,2026-06-13,2,Experiencing constant crashes,Mobile App Release
R4292,C38623,2026-06-13,1,Mobile app performance is terrible,Mobile App Release
R4293,C69311,2026-06-13,2,App crashes after the latest update,Mobile App Release
R4294,C4430,2026-06-13,1,Cannot login anymore,Mobile App Release
R4295,C69964,2026-06-13,2,App became unusable after update,Mobile App Release
R4296,C66178,2026-06-13,1,App became unusable after update,Mobile App Release
R4297,C55747,2026-06-13,2,Application keeps closing,Mobile App Release
R4298,C36819,2026-06-13,2,Mobile app performance is terrible,Mobile App Release
R4299,C28177,2026-06-13,1,Cannot login anymore,Mobile App Release
R4300,C9417,2026-06-13,1,App crashes after the latest update,Mobile App Release
R4301,C93303,2026-06-13,1,Application keeps closing,Mobile App Release
R4302,C77067,2026-06-13,2,App crashes after the latest update,Mobile App Release
R4303,C54183,2026-06-13,2,Experiencing constant crashes,Mobile App Release
R4304,C19057,2026-06-13,1,Application keeps closing,Mobile App Release
R4305,C89083,2026-06-13,1,Application keeps closing,Mobile App Release
R4306,C73000,2026-06-13,1,Application keeps closing,Mobile App Release
R4307,C1781,2026-06-13,2,Experiencing constant crashes,Mobile App Release
R4308,C42193,2026-06-13,1,Mobile app performance is terrible,Mobile App Release
R4309,C89197,2026-06-14,1,App crashes after the latest update,Mobile App Release
R4310,C97385,2026-06-14,1,App crashes after the latest update,Mobile App Release
R4311,C7112,2026-06-14,1,Mobile app performance is terrible,Mobile App Release
R4312,C72329,2026-06-14,1,App crashes after the latest update,Mobile App Release
R4313,C32578,2026-06-14,1,Mobile app performance is terrible,Mobile App Release
R4314,C4097,2026-06-14,1,App became unusable after update,Mobile App Release
R4315,C8255,2026-06-14,1,Mobile app performance is terrible,Mobile App Release
R4316,C5966,2026-06-14,2,Application keeps closing,Mobile App Release
R4317,C57988,2026-06-14,1,App crashes after the latest update,Mobile App Release
R4318,C32964,2026-06-14,1,Cannot login anymore,Mobile App Release
R4319,C21495,2026-06-14,2,App crashes after the latest update,Mobile App Release
R4320,C83442,2026-06-14,1,Cannot login anymore,Mobile App Release
R4321,C22008,2026-06-14,1,Application keeps closing,Mobile App Release
R4322,C46816,2026-06-14,1,Experiencing constant crashes,Mobile App Release
R4323,C78039,2026-06-14,1,Application keeps closing,Mobile App Release
R4324,C16474,2026-06-14,1,Mobile app performance is terrible,Mobile App Release
R4325,C86624,2026-06-14,1,Mobile app performance is terrible,Mobile App Release
R4326,C84862,2026-06-14,2,App became unusable after update,Mobile App Release
R4327,C24221,2026-06-14,1,Experiencing constant crashes,Mobile App Release
R4328,C42426,2026-06-14,2,Mobile app performance is terrible,Mobile App Release
R4329,C27585,2026-06-14,1,Mobile app performance is terrible,Mobile App Release
R4330,C10858,2026-06-14,1,Cannot login anymore,Mobile App Release
R4331,C13581,2026-06-14,1,Experiencing constant crashes,Mobile App Release
R4332,C75753,2026-06-14,2,App crashes after the latest update,Mobile App Release
R4333,C90448,2026-06-14,1,Experiencing constant crashes,Mobile App Release
R4334,C82094,2026-06-14,2,Application keeps closing,Mobile App Release
R4335,C3647,2026-06-14,2,Mobile app performance is terrible,Mobile App Release
R4336,C89461,2026-06-14,2,Mobile app performance is terrible,Mobile App Release
R4337,C75447,2026-06-14,1,App crashes after the latest update,Mobile App Release
R4338,C70727,2026-06-14,1,Application keeps closing,Mobile App Release
R4339,C44789,2026-06-14,2,App crashes after the latest update,Mobile App Release
R4340,C95279,2026-06-14,1,Mobile app performance is terrible,Mobile App Release
R4341,C19586,2026-06-14,2,Experiencing constant crashes,Mobile App Release
R4342,C96229,2026-06-14,1,App became unusable after update,Mobile App Release
R4343,C19456,2026-06-14,1,App became unusable after update,Mobile App Release
R4344,C39294,2026-06-14,1,App crashes after the latest update,Mobile App Release
R4345,C40485,2026-06-14,1,App crashes after the latest update,Mobile App Release
R4346,C65643,2026-06-14,1,App became unusable after update,Mobile App Release
R4347,C29606,2026-06-14,1,Mobile app performance is terrible,Mobile App Release
R4348,C5581,2026-06-14,1,Experiencing constant crashes,Mobile App Release
R4349,C96033,2026-06-14,1,App crashes after the latest update,Mobile App Release
R4350,C71714,2026-06-15,1,Experiencing constant crashes,Mobile App Release
R4351,C84293,2026-06-15,1,Experiencing constant crashes,Mobile App Release
R4352,C72154,2026-06-15,1,Application keeps closing,Mobile App Release
R4353,C56880,2026-06-15,1,Mobile app performance is terrible,Mobile App Release
R4354,C98232,2026-06-15,1,App became unusable after update,Mobile App Release
R4355,C70098,2026-06-15,2,Cannot login anymore,Mobile App Release
R4356,C75706,2026-06-15,1,Mobile app performance is terrible,Mobile App Release
R4357,C87580,2026-06-15,1,App became unusable after update,Mobile App Release
R4358,C38052,2026-06-15,1,App crashes after the latest update,Mobile App Release
R4359,C64819,2026-06-15,1,App crashes after the latest update,Mobile App Release
R4360,C90297,2026-06-15,1,Mobile app performance is terrible,Mobile App Release
R4361,C78654,2026-06-15,2,Experiencing constant crashes,Mobile App Release
R4362,C72977,2026-06-15,1,Mobile app performance is terrible,Mobile App Release
R4363,C55966,2026-06-15,2,Experiencing constant crashes,Mobile App Release
R4364,C61518,2026-06-15,1,App crashes after the latest update,Mobile App Release
R4365,C27388,2026-06-15,2,Experiencing constant crashes,Mobile App Release
R4366,C40240,2026-06-15,2,Application keeps closing,Mobile App Release
R4367,C91816,2026-06-15,2,App became unusable after update,Mobile App Release
R4368,C85178,2026-06-15,1,App crashes after the latest update,Mobile App Release
R4369,C48796,2026-06-15,1,Application keeps closing,Mobile App Release
R4370,C24112,2026-06-15,2,Cannot login anymore,Mobile App Release
R4371,C61601,2026-06-15,2,Mobile app performance is terrible,Mobile App Release
R4372,C55039,2026-06-15,1,Cannot login anymore,Mobile App Release
R4373,C14893,2026-06-15,1,Cannot login anymore,Mobile App Release
R4374,C16268,2026-06-15,1,App became unusable after update,Mobile App Release
R4375,C70936,2026-06-15,1,App became unusable after update,Mobile App Release
R4376,C63380,2026-06-15,1,Mobile app performance is terrible,Mobile App Release
R4377,C16418,2026-06-15,1,App became unusable after update,Mobile App Release
R4378,C33903,2026-06-15,1,Mobile app performance is terrible,Mobile App Release
R4379,C64559,2026-06-15,1,Experiencing constant crashes,Mobile App Release
R4380,C7772,2026-06-15,1,Cannot login anymore,Mobile App Release
R4381,C92605,2026-06-16,2,Application keeps closing,Mobile App Release
R4382,C57043,2026-06-16,2,App became unusable after update,Mobile App Release
R4383,C23451,2026-06-16,2,App became unusable after update,Mobile App Release
R4384,C8984,2026-06-16,2,Experiencing constant crashes,Mobile App Release
R4385,C91629,2026-06-16,1,Experiencing constant crashes,Mobile App Release
R4386,C96573,2026-06-16,1,Cannot login anymore,Mobile App Release
R4387,C34891,2026-06-16,1,Experiencing constant crashes,Mobile App Release
R4388,C92546,2026-06-16,2,Cannot login anymore,Mobile App Release
R4389,C13666,2026-06-16,1,App crashes after the latest update,Mobile App Release
R4390,C35798,2026-06-16,1,Application keeps closing,Mobile App Release
R4391,C9639,2026-06-16,1,Application keeps closing,Mobile App Release
R4392,C50065,2026-06-16,1,Mobile app performance is terrible,Mobile App Release
R4393,C1440,2026-06-16,1,Application keeps closing,Mobile App Release
R4394,C89024,2026-06-16,1,Experiencing constant crashes,Mobile App Release
R4395,C2467,2026-06-16,1,Experiencing constant crashes,Mobile App Release
R4396,C53277,2026-06-16,2,Experiencing constant crashes,Mobile App Release
R4397,C88017,2026-06-16,1,Experiencing constant crashes,Mobile App Release
R4398,C95026,2026-06-16,2,Experiencing constant crashes,Mobile App Release
R4399,C33640,2026-06-16,1,App crashes after the latest update,Mobile App Release
R4400,C68592,2026-06-16,1,Mobile app performance is terrible,Mobile App Release
R4401,C38047,2026-06-16,2,Experiencing constant crashes,Mobile App Release
R4402,C34641,2026-06-16,1,Experiencing constant crashes,Mobile App Release
R4403,C72726,2026-06-16,2,Application keeps closing,Mobile App Release
R4404,C64443,2026-06-16,1,Mobile app performance is terrible,Mobile App Release
R4405,C47499,2026-06-16,1,Cannot login anymore,Mobile App Release
R4406,C245,2026-06-16,1,Experiencing constant crashes,Mobile App Release
R4407,C57738,2026-06-16,2,App became unusable after update,Mobile App Release
R4408,C28391,2026-06-16,2,Cannot login anymore,Mobile App Release
R4409,C87803,2026-06-16,1,Mobile app performance is terrible,Mobile App Release
R4410,C15052,2026-06-16,1,App crashes after the latest update,Mobile App Release
R4411,C67552,2026-06-16,1,Application keeps closing,Mobile App Release
R4412,C60315,2026-06-16,1,App crashes after the latest update,Mobile App Release
R4413,C16353,2026-06-16,2,Cannot login anymore,Mobile App Release
R4414,C10347,2026-06-16,1,Cannot login anymore,Mobile App Release
R4415,C16109,2026-06-16,1,App became unusable after update,Mobile App Release
R4416,C25921,2026-06-16,2,Experiencing constant crashes,Mobile App Release
R4417,C90667,2026-06-16,1,Application keeps closing,Mobile App Release
R4418,C84861,2026-06-16,1,Application keeps closing,Mobile App Release
R4419,C65843,2026-06-16,1,Application keeps closing,Mobile App Release
R4420,C72781,2026-06-16,2,Mobile app performance is terrible,Mobile App Release
R4421,C46903,2026-06-16,1,Mobile app performance is terrible,Mobile App Release
R4422,C72868,2026-06-16,1,App became unusable after update,Mobile App Release
R4423,C62078,2026-06-16,1,Cannot login anymore,Mobile App Release
R4424,C24465,2026-06-16,1,Experiencing constant crashes,Mobile App Release
R4425,C20663,2026-06-16,1,App became unusable after update,Mobile App Release
R4426,C7387,2026-06-16,1,App became unusable after update,Mobile App Release
R4427,C80141,2026-06-16,1,App became unusable after update,Mobile App Release
R4428,C49967,2026-06-16,1,Mobile app performance is terrible,Mobile App Release
R4429,C15226,2026-06-16,2,Application keeps closing,Mobile App Release
R4430,C27379,2026-06-17,1,Experiencing constant crashes,Mobile App Release
R4431,C47367,2026-06-17,1,Mobile app performance is terrible,Mobile App Release
R4432,C45314,2026-06-17,1,Application keeps closing,Mobile App Release
R4433,C91964,2026-06-17,1,Cannot login anymore,Mobile App Release
R4434,C13190,2026-06-17,1,Experiencing constant crashes,Mobile App Release
R4435,C63764,2026-06-17,1,Experiencing constant crashes,Mobile App Release
R4436,C54480,2026-06-17,1,Application keeps closing,Mobile App Release
R4437,C90988,2026-06-17,1,Mobile app performance is terrible,Mobile App Release
R4438,C80052,2026-06-17,2,App crashes after the latest update,Mobile App Release
R4439,C92945,2026-06-17,1,App crashes after the latest update,Mobile App Release
R4440,C84817,2026-06-17,1,App crashes after the latest update,Mobile App Release
R4441,C15458,2026-06-17,2,Cannot login anymore,Mobile App Release
R4442,C50878,2026-06-17,1,App became unusable after update,Mobile App Release
R4443,C33263,2026-06-17,1,Experiencing constant crashes,Mobile App Release
R4444,C79523,2026-06-17,1,Mobile app performance is terrible,Mobile App Release
R4445,C9809,2026-06-17,1,Application keeps closing,Mobile App Release
R4446,C72535,2026-06-17,1,App became unusable after update,Mobile App Release
R4447,C21826,2026-06-17,1,Application keeps closing,Mobile App Release
R4448,C57798,2026-06-17,1,App crashes after the latest update,Mobile App Release
R4449,C42408,2026-06-17,1,Application keeps closing,Mobile App Release
R4450,C71521,2026-06-17,1,Mobile app performance is terrible,Mobile App Release
R4451,C3455,2026-06-17,2,Experiencing constant crashes,Mobile App Release
R4452,C83138,2026-06-17,1,App became unusable after update,Mobile App Release
R4453,C39964,2026-06-17,1,Experiencing constant crashes,Mobile App Release
R4454,C58793,2026-06-17,1,Cannot login anymore,Mobile App Release
R4455,C22788,2026-06-17,1,Mobile app performance is terrible,Mobile App Release
R4456,C57428,2026-06-17,1,App crashes after the latest update,Mobile App Release
R4457,C63309,2026-06-17,1,Experiencing constant crashes,Mobile App Release
R4458,C63173,2026-06-17,2,Experiencing constant crashes,Mobile App Release
R4459,C80660,2026-06-17,1,Mobile app performance is terrible,Mobile App Release
R4460,C27314,2026-06-17,2,Experiencing constant crashes,Mobile App Release
R4461,C83252,2026-06-17,2,Application keeps closing,Mobile App Release
R4462,C10535,2026-06-17,1,Mobile app performance is terrible,Mobile App Release
R4463,C86068,2026-06-17,1,App became unusable after update,Mobile App Release
R4464,C90876,2026-06-17,1,Mobile app performance is terrible,Mobile App Release
R4465,C48739,2026-06-18,2,Application keeps closing,Mobile App Release
R4466,C91788,2026-06-18,2,Mobile app performance is terrible,Mobile App Release
R4467,C45435,2026-06-18,1,Application keeps closing,Mobile App Release
R4468,C79233,2026-06-18,1,App crashes after the latest update,Mobile App Release
R4469,C89302,2026-06-18,1,Cannot login anymore,Mobile App Release
R4470,C55241,2026-06-18,1,App crashes after the latest update,Mobile App Release
R4471,C80990,2026-06-18,1,App crashes after the latest update,Mobile App Release
R4472,C78514,2026-06-18,1,Application keeps closing,Mobile App Release
R4473,C83750,2026-06-18,1,Cannot login anymore,Mobile App Release
R4474,C48167,2026-06-18,1,Cannot login anymore,Mobile App Release
R4475,C59527,2026-06-18,1,Cannot login anymore,Mobile App Release
R4476,C55236,2026-06-18,1,Experiencing constant crashes,Mobile App Release
R4477,C30756,2026-06-18,2,Application keeps closing,Mobile App Release
R4478,C46997,2026-06-18,1,App crashes after the latest update,Mobile App Release
R4479,C5640,2026-06-18,1,App crashes after the latest update,Mobile App Release
R4480,C87595,2026-06-18,1,Mobile app performance is terrible,Mobile App Release
R4481,C82517,2026-06-18,2,Mobile app performance is terrible,Mobile App Release
R4482,C10867,2026-06-18,1,Application keeps closing,Mobile App Release
R4483,C48227,2026-06-18,1,Cannot login anymore,Mobile App Release
R4484,C24688,2026-06-18,2,Mobile app performance is terrible,Mobile App Release
R4485,C2632,2026-06-18,2,App became unusable after update,Mobile App Release
R4486,C87279,2026-06-18,1,Application keeps closing,Mobile App Release
R4487,C1943,2026-06-18,1,App became unusable after update,Mobile App Release
R4488,C14408,2026-06-18,1,App crashes after the latest update,Mobile App Release
R4489,C81982,2026-06-18,2,Cannot login anymore,Mobile App Release
R4490,C91988,2026-06-18,1,App became unusable after update,Mobile App Release
R4491,C54863,2026-06-18,2,App crashes after the latest update,Mobile App Release
R4492,C20472,2026-06-18,2,Cannot login anymore,Mobile App Release
R4493,C83829,2026-06-18,1,App became unusable after update,Mobile App Release
R4494,C9467,2026-06-18,1,App became unusable after update,Mobile App Release
R4495,C15468,2026-06-18,1,Cannot login anymore,Mobile App Release
R4496,C16677,2026-06-18,1,Mobile app performance is terrible,Mobile App Release
R4497,C88291,2026-06-18,1,Application keeps closing,Mobile App Release
R4498,C59820,2026-06-18,2,Experiencing constant crashes,Mobile App Release
R4499,C31352,2026-06-18,1,Application keeps closing,Mobile App Release
R4500,C74156,2026-06-18,1,App crashes after the latest update,Mobile App Release
R4501,C6956,2026-06-18,1,Cannot login anymore,Mobile App Release
R4502,C44294,2026-06-18,1,Application keeps closing,Mobile App Release
R4503,C40404,2026-06-18,2,App crashes after the latest update,Mobile App Release
R4504,C15373,2026-06-18,2,Cannot login anymore,Mobile App Release
R4505,C95730,2026-06-18,1,App crashes after the latest update,Mobile App Release
R4506,C92405,2026-06-18,1,App became unusable after update,Mobile App Release
R4507,C28476,2026-06-18,1,Mobile app performance is terrible,Mobile App Release
R4508,C96670,2026-06-18,1,App crashes after the latest update,Mobile App Release
R4509,C74487,2026-06-18,1,Experiencing constant crashes,Mobile App Release
R4510,C54241,2026-06-19,1,App became unusable after update,Mobile App Release
R4511,C47459,2026-06-19,2,App became unusable after update,Mobile App Release
R4512,C16489,2026-06-19,1,Mobile app performance is terrible,Mobile App Release
R4513,C52670,2026-06-19,1,Cannot login anymore,Mobile App Release
R4514,C93994,2026-06-19,1,Experiencing constant crashes,Mobile App Release
R4515,C42629,2026-06-19,2,Application keeps closing,Mobile App Release
R4516,C51994,2026-06-19,2,App crashes after the latest update,Mobile App Release
R4517,C57066,2026-06-19,1,Application keeps closing,Mobile App Release
R4518,C8540,2026-06-19,1,App became unusable after update,Mobile App Release
R4519,C97617,2026-06-19,2,Cannot login anymore,Mobile App Release
R4520,C93261,2026-06-19,2,Cannot login anymore,Mobile App Release
R4521,C56133,2026-06-19,1,App crashes after the latest update,Mobile App Release
R4522,C58014,2026-06-19,1,Experiencing constant crashes,Mobile App Release
R4523,C16651,2026-06-19,1,Experiencing constant crashes,Mobile App Release
R4524,C66559,2026-06-19,2,Experiencing constant crashes,Mobile App Release
R4525,C74293,2026-06-19,1,Mobile app performance is terrible,Mobile App Release
R4526,C99729,2026-06-19,2,Application keeps closing,Mobile App Release
R4527,C42598,2026-06-19,1,Mobile app performance is terrible,Mobile App Release
R4528,C86979,2026-06-19,2,Application keeps closing,Mobile App Release
R4529,C37698,2026-06-19,2,Experiencing constant crashes,Mobile App Release
R4530,C63826,2026-06-19,2,App became unusable after update,Mobile App Release
R4531,C12122,2026-06-19,1,Application keeps closing,Mobile App Release
R4532,C43017,2026-06-19,2,Mobile app performance is terrible,Mobile App Release
R4533,C72241,2026-06-19,2,App crashes after the latest update,Mobile App Release
R4534,C28523,2026-06-19,2,App became unusable after update,Mobile App Release
R4535,C62709,2026-06-19,1,Cannot login anymore,Mobile App Release
R4536,C68150,2026-06-19,1,App crashes after the latest update,Mobile App Release
R4537,C24497,2026-06-19,1,App became unusable after update,Mobile App Release
R4538,C4455,2026-06-19,1,Experiencing constant crashes,Mobile App Release
R4539,C13728,2026-06-19,1,Cannot login anymore,Mobile App Release
R4540,C97426,2026-06-19,1,App crashes after the latest update,Mobile App Release
R4541,C53901,2026-06-19,1,Experiencing constant crashes,Mobile App Release
R4542,C8303,2026-06-19,1,Experiencing constant crashes,Mobile App Release
R4543,C27220,2026-06-20,1,Experiencing constant crashes,Mobile App Release
R4544,C6458,2026-06-20,1,Experiencing constant crashes,Mobile App Release
R4545,C98298,2026-06-20,2,Experiencing constant crashes,Mobile App Release
R4546,C29282,2026-06-20,2,Mobile app performance is terrible,Mobile App Release
R4547,C69919,2026-06-20,2,Experiencing constant crashes,Mobile App Release
R4548,C74945,2026-06-20,1,Cannot login anymore,Mobile App Release
R4549,C19624,2026-06-20,1,Mobile app performance is terrible,Mobile App Release
R4550,C93827,2026-06-20,1,App crashes after the latest update,Mobile App Release
R4551,C73512,2026-06-20,2,App became unusable after update,Mobile App Release
R4552,C4871,2026-06-20,1,Experiencing constant crashes,Mobile App Release
R4553,C67475,2026-06-20,1,Experiencing constant crashes,Mobile App Release
R4554,C20129,2026-06-20,2,Application keeps closing,Mobile App Release
R4555,C441,2026-06-20,1,Experiencing constant crashes,Mobile App Release
R4556,C70950,2026-06-20,1,Mobile app performance is terrible,Mobile App Release
R4557,C81663,2026-06-20,1,Mobile app performance is terrible,Mobile App Release
R4558,C7039,2026-06-20,1,App crashes after the latest update,Mobile App Release
R4559,C2607,2026-06-20,2,Mobile app performance is terrible,Mobile App Release
R4560,C33949,2026-06-20,1,Application keeps closing,Mobile App Release
R4561,C20876,2026-06-20,2,Mobile app performance is terrible,Mobile App Release
R4562,C68608,2026-06-20,2,Cannot login anymore,Mobile App Release
R4563,C46613,2026-06-20,1,Cannot login anymore,Mobile App Release
R4564,C93013,2026-06-20,2,Application keeps closing,Mobile App Release
R4565,C65196,2026-06-20,1,App became unusable after update,Mobile App Release
R4566,C71541,2026-06-20,1,App became unusable after update,Mobile App Release
R4567,C11756,2026-06-20,1,Cannot login anymore,Mobile App Release
R4568,C3891,2026-06-20,2,Mobile app performance is terrible,Mobile App Release
R4569,C74728,2026-06-20,1,App crashes after the latest update,Mobile App Release
R4570,C47801,2026-06-20,2,App crashes after the latest update,Mobile App Release
R4571,C68514,2026-06-20,1,Application keeps closing,Mobile App Release
R4572,C59415,2026-06-20,1,Application keeps closing,Mobile App Release
R4573,C43474,2026-06-20,1,Mobile app performance is terrible,Mobile App Release
R4574,C69140,2026-06-20,2,App crashes after the latest update,Mobile App Release
R4575,C2292,2026-06-20,1,App became unusable after update,Mobile App Release
R4576,C78884,2026-06-20,2,Mobile app performance is terrible,Mobile App Release
R4577,C81050,2026-06-20,1,App became unusable after update,Mobile App Release
R4578,C12195,2026-06-20,1,Mobile app performance is terrible,Mobile App Release
R4579,C46282,2026-06-20,1,Experiencing constant crashes,Mobile App Release
R4580,C47837,2026-06-20,1,Experiencing constant crashes,Mobile App Release
R4581,C65284,2026-06-20,2,Mobile app performance is terrible,Mobile App Release
R4582,C51323,2026-06-20,1,App became unusable after update,Mobile App Release
R4583,C19406,2026-06-20,2,App became unusable after update,Mobile App Release
R4584,C3448,2026-06-20,2,Application keeps closing,Mobile App Release
R4585,C58283,2026-06-20,1,Application keeps closing,Mobile App Release
R4586,C67472,2026-06-20,1,Mobile app performance is terrible,Mobile App Release
R4587,C75872,2026-06-20,2,Cannot login anymore,Mobile App Release
R4588,C83806,2026-06-20,2,Experiencing constant crashes,Mobile App Release
R4589,C10713,2026-06-20,1,Application keeps closing,Mobile App Release
R4590,C65366,2026-06-21,1,App crashes after the latest update,Mobile App Release
R4591,C12211,2026-06-21,1,Cannot login anymore,Mobile App Release
R4592,C44298,2026-06-21,2,App became unusable after update,Mobile App Release
R4593,C42478,2026-06-21,1,Experiencing constant crashes,Mobile App Release
R4594,C77414,2026-06-21,1,App became unusable after update,Mobile App Release
R4595,C41151,2026-06-21,1,App crashes after the latest update,Mobile App Release
R4596,C63333,2026-06-21,1,App became unusable after update,Mobile App Release
R4597,C43176,2026-06-21,1,App crashes after the latest update,Mobile App Release
R4598,C16376,2026-06-21,1,Experiencing constant crashes,Mobile App Release
R4599,C87330,2026-06-21,1,App crashes after the latest update,Mobile App Release
R4600,C71855,2026-06-21,1,Experiencing constant crashes,Mobile App Release
R4601,C40275,2026-06-21,2,Experiencing constant crashes,Mobile App Release
R4602,C48635,2026-06-21,2,Experiencing constant crashes,Mobile App Release
R4603,C2204,2026-06-21,1,Cannot login anymore,Mobile App Release
R4604,C75923,2026-06-21,1,Application keeps closing,Mobile App Release
R4605,C65181,2026-06-21,1,App crashes after the latest update,Mobile App Release
R4606,C83825,2026-06-21,1,Application keeps closing,Mobile App Release
R4607,C11144,2026-06-21,1,Application keeps closing,Mobile App Release
R4608,C22541,2026-06-21,2,Cannot login anymore,Mobile App Release
R4609,C22579,2026-06-21,1,Cannot login anymore,Mobile App Release
R4610,C52880,2026-06-21,2,Mobile app performance is terrible,Mobile App Release
R4611,C19931,2026-06-21,2,App became unusable after update,Mobile App Release
R4612,C35990,2026-06-21,1,Cannot login anymore,Mobile App Release
R4613,C45892,2026-06-21,2,Application keeps closing,Mobile App Release
R4614,C71063,2026-06-21,1,Application keeps closing,Mobile App Release
R4615,C15829,2026-06-21,2,Mobile app performance is terrible,Mobile App Release
R4616,C22389,2026-06-21,2,App crashes after the latest update,Mobile App Release
R4617,C52799,2026-06-21,1,App crashes after the latest update,Mobile App Release
R4618,C19623,2026-06-21,1,App became unusable after update,Mobile App Release
R4619,C38840,2026-06-21,1,App crashes after the latest update,Mobile App Release
R4620,C84892,2026-06-21,1,App crashes after the latest update,Mobile App Release
R4621,C43816,2026-06-21,2,App became unusable after update,Mobile App Release
R4622,C60612,2026-06-21,2,Experiencing constant crashes,Mobile App Release
R4623,C52254,2026-06-21,1,Application keeps closing,Mobile App Release
R4624,C98316,2026-06-21,2,Cannot login anymore,Mobile App Release
R4625,C91861,2026-06-21,2,Application keeps closing,Mobile App Release
R4626,C21798,2026-06-21,2,Experiencing constant crashes,Mobile App Release
R4627,C93926,2026-06-21,1,Cannot login anymore,Mobile App Release
R4628,C2025,2026-06-21,1,Mobile app performance is terrible,Mobile App Release
R4629,C90999,2026-06-21,2,Application keeps closing,Mobile App Release
R4630,C63116,2026-06-21,2,App became unusable after update,Mobile App Release
R4631,C97905,2026-06-21,1,Application keeps closing,Mobile App Release
R4632,C88378,2026-06-21,1,Mobile app performance is terrible,Mobile App Release
R4633,C63854,2026-06-22,1,Experiencing constant crashes,Mobile App Release
R4634,C15959,2026-06-22,1,Mobile app performance is terrible,Mobile App Release
R4635,C99684,2026-06-22,1,Application keeps closing,Mobile App Release
R4636,C31662,2026-06-22,1,Mobile app performance is terrible,Mobile App Release
R4637,C25823,2026-06-22,1,Cannot login anymore,Mobile App Release
R4638,C62815,2026-06-22,1,Cannot login anymore,Mobile App Release
R4639,C982,2026-06-22,2,Cannot login anymore,Mobile App Release
R4640,C25588,2026-06-22,2,App became unusable after update,Mobile App Release
R4641,C53014,2026-06-22,1,App crashes after the latest update,Mobile App Release
R4642,C52475,2026-06-22,1,Cannot login anymore,Mobile App Release
R4643,C92644,2026-06-22,1,Experiencing constant crashes,Mobile App Release
R4644,C45611,2026-06-22,1,App became unusable after update,Mobile App Release
R4645,C95280,2026-06-22,2,Mobile app performance is terrible,Mobile App Release
R4646,C76961,2026-06-22,2,Experiencing constant crashes,Mobile App Release
R4647,C92105,2026-06-22,2,Mobile app performance is terrible,Mobile App Release
R4648,C87085,2026-06-22,1,Cannot login anymore,Mobile App Release
R4649,C42449,2026-06-22,1,App became unusable after update,Mobile App Release
R4650,C10620,2026-06-22,2,App became unusable after update,Mobile App Release
R4651,C97459,2026-06-22,2,Experiencing constant crashes,Mobile App Release
R4652,C48329,2026-06-22,1,App became unusable after update,Mobile App Release
R4653,C25302,2026-06-22,1,Experiencing constant crashes,Mobile App Release
R4654,C7426,2026-06-22,1,Mobile app performance is terrible,Mobile App Release
R4655,C22445,2026-06-22,1,Cannot login anymore,Mobile App Release
R4656,C79742,2026-06-22,1,Cannot login anymore,Mobile App Release
R4657,C38863,2026-06-22,2,App crashes after the latest update,Mobile App Release
R4658,C9567,2026-06-22,1,Cannot login anymore,Mobile App Release
R4659,C39182,2026-06-22,1,Experiencing constant crashes,Mobile App Release
R4660,C83291,2026-06-22,2,App became unusable after update,Mobile App Release
R4661,C97899,2026-06-22,1,App crashes after the latest update,Mobile App Release
R4662,C95260,2026-06-22,1,Mobile app performance is terrible,Mobile App Release
R4663,C71075,2026-06-22,2,Mobile app performance is terrible,Mobile App Release
R4664,C48218,2026-06-22,1,Mobile app performance is terrible,Mobile App Release
R4665,C34298,2026-06-22,2,Mobile app performance is terrible,Mobile App Release
R4666,C26486,2026-06-22,2,App crashes after the latest update,Mobile App Release
R4667,C51631,2026-06-22,1,Mobile app performance is terrible,Mobile App Release
R4668,C59264,2026-06-22,1,App became unusable after update,Mobile App Release
R4669,C24681,2026-06-22,2,Mobile app performance is terrible,Mobile App Release
R4670,C76969,2026-06-22,2,Experiencing constant crashes,Mobile App Release
R4671,C67805,2026-06-23,1,Application keeps closing,Mobile App Release
R4672,C80016,2026-06-23,1,App crashes after the latest update,Mobile App Release
R4673,C5970,2026-06-23,1,Cannot login anymore,Mobile App Release
R4674,C24409,2026-06-23,2,Experiencing constant crashes,Mobile App Release
R4675,C82939,2026-06-23,2,Cannot login anymore,Mobile App Release
R4676,C3658,2026-06-23,1,Cannot login anymore,Mobile App Release
R4677,C42341,2026-06-23,1,App crashes after the latest update,Mobile App Release
R4678,C78543,2026-06-23,1,Mobile app performance is terrible,Mobile App Release
R4679,C66941,2026-06-23,1,Cannot login anymore,Mobile App Release
R4680,C83985,2026-06-23,2,Cannot login anymore,Mobile App Release
R4681,C89712,2026-06-23,1,App became unusable after update,Mobile App Release
R4682,C1712,2026-06-23,1,App became unusable after update,Mobile App Release
R4683,C90710,2026-06-23,1,Cannot login anymore,Mobile App Release
R4684,C16221,2026-06-23,1,App crashes after the latest update,Mobile App Release
R4685,C20011,2026-06-23,1,App crashes after the latest update,Mobile App Release
R4686,C49452,2026-06-23,2,Mobile app performance is terrible,Mobile App Release
R4687,C1083,2026-06-23,1,Experiencing constant crashes,Mobile App Release
R4688,C75094,2026-06-23,1,App became unusable after update,Mobile App Release
R4689,C48738,2026-06-23,1,App crashes after the latest update,Mobile App Release
R4690,C50605,2026-06-23,1,Experiencing constant crashes,Mobile App Release
R4691,C47932,2026-06-23,1,Cannot login anymore,Mobile App Release
R4692,C48898,2026-06-23,1,Experiencing constant crashes,Mobile App Release
R4693,C42288,2026-06-23,1,Cannot login anymore,Mobile App Release
R4694,C85728,2026-06-23,2,App became unusable after update,Mobile App Release
R4695,C88942,2026-06-23,2,Mobile app performance is terrible,Mobile App Release
R4696,C93362,2026-06-23,1,App crashes after the latest update,Mobile App Release
R4697,C83655,2026-06-23,1,Application keeps closing,Mobile App Release
R4698,C37957,2026-06-23,1,Experiencing constant crashes,Mobile App Release
R4699,C87779,2026-06-23,1,Application keeps closing,Mobile App Release
R4700,C53234,2026-06-23,1,App crashes after the latest update,Mobile App Release
R4701,C92530,2026-06-23,2,Application keeps closing,Mobile App Release
R4702,C83534,2026-06-23,2,Cannot login anymore,Mobile App Release
R4703,C79588,2026-06-23,1,Experiencing constant crashes,Mobile App Release
R4704,C69408,2026-06-23,1,Mobile app performance is terrible,Mobile App Release
R4705,C42177,2026-06-23,1,Cannot login anymore,Mobile App Release
R4706,C3146,2026-06-23,1,Cannot login anymore,Mobile App Release
R4707,C26914,2026-06-23,1,Cannot login anymore,Mobile App Release
R4708,C72232,2026-06-23,1,App became unusable after update,Mobile App Release
R4709,C19015,2026-06-23,1,App crashes after the latest update,Mobile App Release
R4710,C94076,2026-06-23,1,App crashes after the latest update,Mobile App Release
R4711,C3513,2026-06-23,2,Application keeps closing,Mobile App Release
R4712,C78744,2026-06-23,1,Application keeps closing,Mobile App Release
R4713,C54801,2026-06-23,1,Application keeps closing,Mobile App Release
R4714,C84955,2026-06-23,1,App became unusable after update,Mobile App Release
R4715,C35549,2026-06-24,2,Cannot login anymore,Mobile App Release
R4716,C40380,2026-06-24,1,Application keeps closing,Mobile App Release
R4717,C78592,2026-06-24,1,App crashes after the latest update,Mobile App Release
R4718,C4298,2026-06-24,2,Experiencing constant crashes,Mobile App Release
R4719,C86480,2026-06-24,2,Cannot login anymore,Mobile App Release
R4720,C16821,2026-06-24,2,App crashes after the latest update,Mobile App Release
R4721,C29237,2026-06-24,2,App became unusable after update,Mobile App Release
R4722,C60264,2026-06-24,2,App became unusable after update,Mobile App Release
R4723,C74856,2026-06-24,1,App became unusable after update,Mobile App Release
R4724,C83324,2026-06-24,1,App became unusable after update,Mobile App Release
R4725,C11641,2026-06-24,1,App crashes after the latest update,Mobile App Release
R4726,C7904,2026-06-24,1,Experiencing constant crashes,Mobile App Release
R4727,C28549,2026-06-24,1,App crashes after the latest update,Mobile App Release
R4728,C57955,2026-06-24,1,App became unusable after update,Mobile App Release
R4729,C85181,2026-06-24,1,Experiencing constant crashes,Mobile App Release
R4730,C59818,2026-06-24,2,Mobile app performance is terrible,Mobile App Release
R4731,C96320,2026-06-24,2,Experiencing constant crashes,Mobile App Release
R4732,C37323,2026-06-24,2,App became unusable after update,Mobile App Release
R4733,C92970,2026-06-24,2,Application keeps closing,Mobile App Release
R4734,C94267,2026-06-24,1,Cannot login anymore,Mobile App Release
R4735,C84125,2026-06-24,2,App became unusable after update,Mobile App Release
R4736,C98984,2026-06-24,1,App crashes after the latest update,Mobile App Release
R4737,C58474,2026-06-24,1,Application keeps closing,Mobile App Release
R4738,C87222,2026-06-24,1,App crashes after the latest update,Mobile App Release
R4739,C78230,2026-06-24,2,Mobile app performance is terrible,Mobile App Release
R4740,C89248,2026-06-24,1,Cannot login anymore,Mobile App Release
R4741,C82599,2026-06-24,2,Application keeps closing,Mobile App Release
R4742,C40179,2026-06-24,1,Cannot login anymore,Mobile App Release
R4743,C49987,2026-06-24,1,Mobile app performance is terrible,Mobile App Release
R4744,C55179,2026-06-24,2,Cannot login anymore,Mobile App Release
R4745,C98262,2026-06-25,2,Application keeps closing,Mobile App Release
R4746,C74975,2026-06-25,1,Application keeps closing,Mobile App Release
R4747,C24768,2026-06-25,2,App became unusable after update,Mobile App Release
R4748,C68100,2026-06-25,1,Mobile app performance is terrible,Mobile App Release
R4749,C25108,2026-06-25,1,Cannot login anymore,Mobile App Release
R4750,C89242,2026-06-25,2,Cannot login anymore,Mobile App Release
R4751,C16443,2026-06-25,1,Experiencing constant crashes,Mobile App Release
R4752,C10003,2026-06-25,2,App became unusable after update,Mobile App Release
R4753,C84483,2026-06-25,1,Experiencing constant crashes,Mobile App Release
R4754,C33710,2026-06-25,1,App became unusable after update,Mobile App Release
R4755,C89351,2026-06-25,1,Experiencing constant crashes,Mobile App Release
R4756,C95759,2026-06-25,1,Experiencing constant crashes,Mobile App Release
R4757,C78184,2026-06-25,1,Mobile app performance is terrible,Mobile App Release
R4758,C97521,2026-06-25,2,App crashes after the latest update,Mobile App Release
R4759,C27216,2026-06-25,1,Application keeps closing,Mobile App Release
R4760,C34095,2026-06-25,1,Cannot login anymore,Mobile App Release
R4761,C79037,2026-06-25,2,Experiencing constant crashes,Mobile App Release
R4762,C48587,2026-06-25,2,App crashes after the latest update,Mobile App Release
R4763,C22219,2026-06-25,1,App became unusable after update,Mobile App Release
R4764,C4960,2026-06-25,2,App became unusable after update,Mobile App Release
R4765,C1302,2026-06-25,2,Mobile app performance is terrible,Mobile App Release
R4766,C86220,2026-06-25,1,Cannot login anymore,Mobile App Release
R4767,C57034,2026-06-25,1,App crashes after the latest update,Mobile App Release
R4768,C82419,2026-06-25,2,Mobile app performance is terrible,Mobile App Release
R4769,C72782,2026-06-25,2,Cannot login anymore,Mobile App Release
R4770,C21712,2026-06-25,1,Cannot login anymore,Mobile App Release
R4771,C56290,2026-06-25,2,App crashes after the latest update,Mobile App Release
R4772,C78931,2026-06-25,2,Cannot login anymore,Mobile App Release
R4773,C52166,2026-06-25,1,App became unusable after update,Mobile App Release
R4774,C80914,2026-06-25,2,Experiencing constant crashes,Mobile App Release
R4775,C20774,2026-06-25,1,App became unusable after update,Mobile App Release
R4776,C98476,2026-06-25,1,Mobile app performance is terrible,Mobile App Release
R4777,C43149,2026-06-26,1,Mobile app performance is terrible,Mobile App Release
R4778,C4077,2026-06-26,1,Experiencing constant crashes,Mobile App Release
R4779,C59315,2026-06-26,1,Experiencing constant crashes,Mobile App Release
R4780,C84716,2026-06-26,1,Experiencing constant crashes,Mobile App Release
R4781,C84298,2026-06-26,1,App crashes after the latest update,Mobile App Release
R4782,C28563,2026-06-26,1,Cannot login anymore,Mobile App Release
R4783,C87668,2026-06-26,1,App crashes after the latest update,Mobile App Release
R4784,C35845,2026-06-26,1,Mobile app performance is terrible,Mobile App Release
R4785,C2408,2026-06-26,1,App crashes after the latest update,Mobile App Release
R4786,C85835,2026-06-26,2,App became unusable after update,Mobile App Release
R4787,C62652,2026-06-26,1,Application keeps closing,Mobile App Release
R4788,C30162,2026-06-26,2,App crashes after the latest update,Mobile App Release
R4789,C17746,2026-06-26,1,Application keeps closing,Mobile App Release
R4790,C1074,2026-06-26,1,Cannot login anymore,Mobile App Release
R4791,C3600,2026-06-26,1,Mobile app performance is terrible,Mobile App Release
R4792,C12319,2026-06-26,1,Cannot login anymore,Mobile App Release
R4793,C82580,2026-06-26,1,Mobile app performance is terrible,Mobile App Release
R4794,C92695,2026-06-26,1,App crashes after the latest update,Mobile App Release
R4795,C59619,2026-06-26,2,Cannot login anymore,Mobile App Release
R4796,C21972,2026-06-26,1,Application keeps closing,Mobile App Release
R4797,C25728,2026-06-26,1,Application keeps closing,Mobile App Release
R4798,C27477,2026-06-26,1,App became unusable after update,Mobile App Release
R4799,C85098,2026-06-26,1,Experiencing constant crashes,Mobile App Release
R4800,C3882,2026-06-26,1,Mobile app performance is terrible,Mobile App Release
R4801,C28107,2026-06-26,1,App became unusable after update,Mobile App Release
R4802,C54914,2026-06-26,2,Cannot login anymore,Mobile App Release
R4803,C37283,2026-06-26,2,Application keeps closing,Mobile App Release
R4804,C38219,2026-06-26,1,Cannot login anymore,Mobile App Release
R4805,C46304,2026-06-26,1,Mobile app performance is terrible,Mobile App Release
R4806,C3993,2026-06-26,1,App crashes after the latest update,Mobile App Release
R4807,C87681,2026-06-26,2,Application keeps closing,Mobile App Release
R4808,C52130,2026-06-26,1,Application keeps closing,Mobile App Release
R4809,C52045,2026-06-26,1,Mobile app performance is terrible,Mobile App Release
R4810,C58818,2026-06-26,2,Application keeps closing,Mobile App Release
R4811,C63968,2026-06-26,2,Application keeps closing,Mobile App Release
R4812,C37404,2026-06-26,2,Cannot login anymore,Mobile App Release
R4813,C56145,2026-06-26,1,Cannot login anymore,Mobile App Release
R4814,C23505,2026-06-26,1,Experiencing constant crashes,Mobile App Release
R4815,C36856,2026-06-26,2,Mobile app performance is terrible,Mobile App Release
R4816,C34724,2026-06-26,2,Cannot login anymore,Mobile App Release
R4817,C5540,2026-06-26,2,Mobile app performance is terrible,Mobile App Release
R4818,C21312,2026-06-26,2,Experiencing constant crashes,Mobile App Release
R4819,C85982,2026-06-26,1,Mobile app performance is terrible,Mobile App Release
R4820,C59578,2026-06-26,1,Mobile app performance is terrible,Mobile App Release
R4821,C47942,2026-06-26,1,App crashes after the latest update,Mobile App Release
R4822,C92168,2026-06-26,1,App became unusable after update,Mobile App Release
R4823,C46841,2026-06-26,1,App crashes after the latest update,Mobile App Release
R4824,C63304,2026-06-26,2,App crashes after the latest update,Mobile App Release
R4825,C4091,2026-06-27,1,App became unusable after update,Mobile App Release
R4826,C58705,2026-06-27,2,Application keeps closing,Mobile App Release
R4827,C8383,2026-06-27,1,Cannot login anymore,Mobile App Release
R4828,C46699,2026-06-27,2,Application keeps closing,Mobile App Release
R4829,C58514,2026-06-27,1,Application keeps closing,Mobile App Release
R4830,C47802,2026-06-27,1,App crashes after the latest update,Mobile App Release
R4831,C89977,2026-06-27,2,App became unusable after update,Mobile App Release
R4832,C13566,2026-06-27,2,Cannot login anymore,Mobile App Release
R4833,C5632,2026-06-27,1,Mobile app performance is terrible,Mobile App Release
R4834,C45207,2026-06-27,1,Cannot login anymore,Mobile App Release
R4835,C72324,2026-06-27,1,Cannot login anymore,Mobile App Release
R4836,C24515,2026-06-27,1,Mobile app performance is terrible,Mobile App Release
R4837,C85828,2026-06-27,1,App became unusable after update,Mobile App Release
R4838,C39009,2026-06-27,1,App crashes after the latest update,Mobile App Release
R4839,C7852,2026-06-27,2,Experiencing constant crashes,Mobile App Release
R4840,C3693,2026-06-27,1,App crashes after the latest update,Mobile App Release
R4841,C20374,2026-06-27,2,Cannot login anymore,Mobile App Release
R4842,C62806,2026-06-27,2,App became unusable after update,Mobile App Release
R4843,C62932,2026-06-27,1,Experiencing constant crashes,Mobile App Release
R4844,C97450,2026-06-27,2,Mobile app performance is terrible,Mobile App Release
R4845,C95352,2026-06-27,1,Mobile app performance is terrible,Mobile App Release
R4846,C66601,2026-06-27,1,App crashes after the latest update,Mobile App Release
R4847,C8513,2026-06-27,1,App crashes after the latest update,Mobile App Release
R4848,C39777,2026-06-27,1,Experiencing constant crashes,Mobile App Release
R4849,C47456,2026-06-27,2,Cannot login anymore,Mobile App Release
R4850,C9712,2026-06-27,2,App crashes after the latest update,Mobile App Release
R4851,C60068,2026-06-27,1,Cannot login anymore,Mobile App Release
R4852,C81925,2026-06-27,2,App crashes after the latest update,Mobile App Release
R4853,C18783,2026-06-27,2,Cannot login anymore,Mobile App Release
R4854,C72037,2026-06-27,1,App crashes after the latest update,Mobile App Release
R4855,C57397,2026-06-27,1,Cannot login anymore,Mobile App Release
R4856,C69058,2026-06-27,1,App became unusable after update,Mobile App Release
R4857,C66837,2026-06-27,1,Application keeps closing,Mobile App Release
R4858,C77762,2026-06-27,2,Mobile app performance is terrible,Mobile App Release
R4859,C55823,2026-06-27,1,Cannot login anymore,Mobile App Release
R4860,C90451,2026-06-27,1,Mobile app performance is terrible,Mobile App Release
R4861,C50139,2026-06-27,2,App crashes after the latest update,Mobile App Release
R4862,C62671,2026-06-27,1,Mobile app performance is terrible,Mobile App Release
R4863,C7926,2026-06-27,1,Experiencing constant crashes,Mobile App Release
R4864,C27618,2026-06-27,1,Mobile app performance is terrible,Mobile App Release
R4865,C22632,2026-06-27,1,Application keeps closing,Mobile App Release
R4866,C7884,2026-06-27,2,App crashes after the latest update,Mobile App Release
R4867,C21135,2026-06-27,1,App became unusable after update,Mobile App Release
R4868,C20440,2026-06-27,1,Application keeps closing,Mobile App Release
R4869,C62015,2026-06-28,2,App became unusable after update,Mobile App Release
R4870,C85972,2026-06-28,1,Mobile app performance is terrible,Mobile App Release
R4871,C76831,2026-06-28,1,Experiencing constant crashes,Mobile App Release
R4872,C10909,2026-06-28,1,Experiencing constant crashes,Mobile App Release
R4873,C12700,2026-06-28,1,Application keeps closing,Mobile App Release
R4874,C14256,2026-06-28,2,Cannot login anymore,Mobile App Release
R4875,C8164,2026-06-28,1,Application keeps closing,Mobile App Release
R4876,C71980,2026-06-28,1,Application keeps closing,Mobile App Release
R4877,C4921,2026-06-28,2,App became unusable after update,Mobile App Release
R4878,C81252,2026-06-28,1,App became unusable after update,Mobile App Release
R4879,C6451,2026-06-28,1,App became unusable after update,Mobile App Release
R4880,C21,2026-06-28,1,App became unusable after update,Mobile App Release
R4881,C9665,2026-06-28,2,Application keeps closing,Mobile App Release
R4882,C85334,2026-06-28,1,Mobile app performance is terrible,Mobile App Release
R4883,C6403,2026-06-28,1,Cannot login anymore,Mobile App Release
R4884,C8383,2026-06-28,1,Cannot login anymore,Mobile App Release
R4885,C15066,2026-06-28,1,Mobile app performance is terrible,Mobile App Release
R4886,C53258,2026-06-28,1,Cannot login anymore,Mobile App Release
R4887,C37852,2026-06-28,1,Cannot login anymore,Mobile App Release
R4888,C11342,2026-06-28,1,App crashes after the latest update,Mobile App Release
R4889,C59697,2026-06-28,1,App became unusable after update,Mobile App Release
R4890,C30195,2026-06-28,1,Cannot login anymore,Mobile App Release
R4891,C41577,2026-06-28,2,Experiencing constant crashes,Mobile App Release
R4892,C96555,2026-06-28,1,App became unusable after update,Mobile App Release
R4893,C5907,2026-06-28,1,Mobile app performance is terrible,Mobile App Release
R4894,C31645,2026-06-28,2,App became unusable after update,Mobile App Release
R4895,C70641,2026-06-28,1,Cannot login anymore,Mobile App Release
R4896,C56079,2026-06-28,1,Mobile app performance is terrible,Mobile App Release
R4897,C42186,2026-06-28,2,Experiencing constant crashes,Mobile App Release
R4898,C18367,2026-06-28,1,Experiencing constant crashes,Mobile App Release
R4899,C48240,2026-06-28,1,App crashes after the latest update,Mobile App Release
R4900,C82264,2026-06-28,2,Cannot login anymore,Mobile App Release
R4901,C9450,2026-06-28,1,Mobile app performance is terrible,Mobile App Release
R4902,C50806,2026-06-28,1,Cannot login anymore,Mobile App Release
R4903,C74643,2026-06-28,1,App became unusable after update,Mobile App Release
R4904,C24551,2026-06-28,1,App crashes after the latest update,Mobile App Release
R4905,C79240,2026-06-28,1,Experiencing constant crashes,Mobile App Release
R4906,C36510,2026-06-28,1,Application keeps closing,Mobile App Release
R4907,C63177,2026-06-28,1,Cannot login anymore,Mobile App Release
R4908,C62060,2026-06-28,1,Cannot login anymore,Mobile App Release
R4909,C54236,2026-06-28,1,Mobile app performance is terrible,Mobile App Release
R4910,C35573,2026-06-28,1,Experiencing constant crashes,Mobile App Release
R4911,C87064,2026-06-28,2,Application keeps closing,Mobile App Release
R4912,C53534,2026-06-29,1,Mobile app performance is terrible,Mobile App Release
R4913,C49582,2026-06-29,2,App crashes after the latest update,Mobile App Release
R4914,C8632,2026-06-29,2,App became unusable after update,Mobile App Release
R4915,C70044,2026-06-29,1,App crashes after the latest update,Mobile App Release
R4916,C50514,2026-06-29,1,Experiencing constant crashes,Mobile App Release
R4917,C99008,2026-06-29,1,Cannot login anymore,Mobile App Release
R4918,C28433,2026-06-29,1,App became unusable after update,Mobile App Release
R4919,C8574,2026-06-29,1,App became unusable after update,Mobile App Release
R4920,C65842,2026-06-29,1,Application keeps closing,Mobile App Release
R4921,C65286,2026-06-29,2,Cannot login anymore,Mobile App Release
R4922,C7934,2026-06-29,1,Mobile app performance is terrible,Mobile App Release
R4923,C98707,2026-06-29,2,Cannot login anymore,Mobile App Release
R4924,C84591,2026-06-29,1,Experiencing constant crashes,Mobile App Release
R4925,C4545,2026-06-29,1,Cannot login anymore,Mobile App Release
R4926,C39619,2026-06-29,1,App became unusable after update,Mobile App Release
R4927,C85983,2026-06-29,1,Application keeps closing,Mobile App Release
R4928,C3334,2026-06-29,1,Application keeps closing,Mobile App Release
R4929,C87689,2026-06-29,1,Application keeps closing,Mobile App Release
R4930,C37851,2026-06-29,1,Mobile app performance is terrible,Mobile App Release
R4931,C31787,2026-06-29,2,App became unusable after update,Mobile App Release
R4932,C67262,2026-06-29,1,App became unusable after update,Mobile App Release
R4933,C8497,2026-06-29,2,Experiencing constant crashes,Mobile App Release
R4934,C20725,2026-06-29,2,Application keeps closing,Mobile App Release
R4935,C76615,2026-06-29,2,App crashes after the latest update,Mobile App Release
R4936,C19360,2026-06-29,1,Experiencing constant crashes,Mobile App Release
R4937,C39493,2026-06-29,2,Application keeps closing,Mobile App Release
R4938,C42865,2026-06-29,1,Experiencing constant crashes,Mobile App Release
R4939,C37815,2026-06-29,1,Application keeps closing,Mobile App Release
R4940,C56631,2026-06-29,2,Experiencing constant crashes,Mobile App Release
R4941,C15798,2026-06-29,1,Mobile app performance is terrible,Mobile App Release
R4942,C52237,2026-06-29,1,Experiencing constant crashes,Mobile App Release
R4943,C72135,2026-06-29,2,Cannot login anymore,Mobile App Release
R4944,C26999,2026-06-29,1,Application keeps closing,Mobile App Release
R4945,C14307,2026-06-29,1,Application keeps closing,Mobile App Release
R4946,C43827,2026-06-29,1,Experiencing constant crashes,Mobile App Release
R4947,C17085,2026-06-29,2,Experiencing constant crashes,Mobile App Release
R4948,C61332,2026-06-29,1,Cannot login anymore,Mobile App Release
R4949,C88628,2026-06-29,1,Cannot login anymore,Mobile App Release
R4950,C30933,2026-06-29,1,Experiencing constant crashes,Mobile App Release
R4951,C30359,2026-06-29,1,Cannot login anymore,Mobile App Release
R4952,C81033,2026-06-29,1,App became unusable after update,Mobile App Release
R4953,C32310,2026-06-29,1,App crashes after the latest update,Mobile App Release
R4954,C26958,2026-06-29,1,App crashes after the latest update,Mobile App Release
R4955,C21696,2026-06-29,1,Mobile app performance is terrible,Mobile App Release
R4956,C18410,2026-06-29,1,Experiencing constant crashes,Mobile App Release
R4957,C54463,2026-06-29,1,App crashes after the latest update,Mobile App Release
R4958,C26016,2026-06-29,1,Experiencing constant crashes,Mobile App Release
R4959,C50282,2026-06-29,1,App became unusable after update,Mobile App Release
R4960,C28306,2026-06-29,2,Application keeps closing,Mobile App Release
R4961,C33845,2026-06-30,1,Mobile app performance is terrible,Mobile App Release
R4962,C15170,2026-06-30,2,Application keeps closing,Mobile App Release
R4963,C25445,2026-06-30,1,App crashes after the latest update,Mobile App Release
R4964,C62498,2026-06-30,2,App crashes after the latest update,Mobile App Release
R4965,C68355,2026-06-30,1,Application keeps closing,Mobile App Release
R4966,C57646,2026-06-30,2,App crashes after the latest update,Mobile App Release
R4967,C39024,2026-06-30,2,Experiencing constant crashes,Mobile App Release
R4968,C59233,2026-06-30,2,App became unusable after update,Mobile App Release
R4969,C59226,2026-06-30,1,App crashes after the latest update,Mobile App Release
R4970,C89439,2026-06-30,1,Cannot login anymore,Mobile App Release
R4971,C62970,2026-06-30,1,Application keeps closing,Mobile App Release
R4972,C38806,2026-06-30,1,Cannot login anymore,Mobile App Release
R4973,C83635,2026-06-30,2,Mobile app performance is terrible,Mobile App Release
R4974,C15116,2026-06-30,1,App crashes after the latest update,Mobile App Release
R4975,C97725,2026-06-30,2,Experiencing constant crashes,Mobile App Release
R4976,C42801,2026-06-30,2,Experiencing constant crashes,Mobile App Release
R4977,C14003,2026-06-30,1,Mobile app performance is terrible,Mobile App Release
R4978,C28751,2026-06-30,2,Application keeps closing,Mobile App Release
R4979,C82543,2026-06-30,2,Application keeps closing,Mobile App Release
R4980,C91730,2026-06-30,1,Experiencing constant crashes,Mobile App Release
R4981,C31510,2026-06-30,2,Mobile app performance is terrible,Mobile App Release
R4982,C40879,2026-06-30,1,Application keeps closing,Mobile App Release
R4983,C21953,2026-06-30,1,Experiencing constant crashes,Mobile App Release
R4984,C71304,2026-06-30,1,App became unusable after update,Mobile App Release
R4985,C42890,2026-06-30,1,Cannot login anymore,Mobile App Release
R4986,C19164,2026-06-30,1,Cannot login anymore,Mobile App Release
R4987,C83598,2026-06-30,1,Mobile app performance is terrible,Mobile App Release
R4988,C15116,2026-06-30,2,Experiencing constant crashes,Mobile App Release
R4989,C40642,2026-06-30,2,Mobile app performance is terrible,Mobile App Release
R4990,C10634,2026-06-30,1,Cannot login anymore,Mobile App Release
R4991,C14394,2026-06-30,1,Cannot login anymore,Mobile App Release
R4992,C97508,2026-06-30,1,App became unusable after update,Mobile App Release
R4993,C36127,2026-06-30,2,App crashes after the latest update,Mobile App Release
R4994,C24010,2026-06-30,1,Cannot login anymore,Mobile App Release
R4995,C98454,2026-06-30,1,App became unusable after update,Mobile App Release
R4996,C96666,2026-06-30,1,Mobile app performance is terrible,Mobile App Release
R4997,C20861,2026-06-30,1,Application keeps closing,Mobile App Release
R4998,C8487,2026-06-30,2,App became unusable after update,Mobile App Release
R4999,C18331,2026-06-30,2,Cannot login anymore,Mobile App Release
R5000,C54533,2026-06-30,2,Mobile app performance is terrible,Mobile App Release
R5001,C1321,2026-06-30,2,Experiencing constant crashes,Mobile App Release
R5002,C64410,2026-06-30,1,Mobile app performance is terrible,Mobile App Release
R5003,C43086,2026-06-30,1,Mobile app performance is terrible,Mobile App Release
R5004,C26733,2026-06-30,1,App crashes after the latest update,Mobile App Release
R5005,C16747,2026-06-30,2,Application keeps closing,Mobile App Release
R5006,C19797,2026-06-30,2,Application keeps closing,Mobile App Release
R5007,C34593,2026-07-01,5,Customer service was helpful,Normal Operations
R5008,C21160,2026-07-01,5,Very satisfied with my purchase,Normal Operations
R5009,C35140,2026-07-01,5,Great product and fast delivery,Normal Operations
R5010,C96060,2026-07-01,5,Good quality product,Normal Operations
R5011,C82647,2026-07-01,5,Received order on time,Normal Operations
R5012,C40769,2026-07-01,5,Good quality product,Normal Operations
R5013,C98623,2026-07-01,5,Very satisfied with my purchase,Normal Operations
R5014,C14373,2026-07-01,4,Excellent shopping experience,Normal Operations
R5015,C87074,2026-07-01,4,Will buy again from this store,Normal Operations
R5016,C90942,2026-07-01,5,Customer service was helpful,Normal Operations
R5017,C7533,2026-07-01,5,Will buy again from this store,Normal Operations
R5018,C18243,2026-07-01,5,Customer service was helpful,Normal Operations
R5019,C95050,2026-07-01,5,Customer service was helpful,Normal Operations
R5020,C59785,2026-07-01,4,Will buy again from this store,Normal Operations
R5021,C60302,2026-07-01,5,Good quality product,Normal Operations
R5022,C89628,2026-07-01,4,Received order on time,Normal Operations
R5023,C55373,2026-07-01,5,Very satisfied with my purchase,Normal Operations
R5024,C52928,2026-07-02,5,Received order on time,Normal Operations
R5025,C91292,2026-07-02,4,Great product and fast delivery,Normal Operations
R5026,C73845,2026-07-02,5,Excellent shopping experience,Normal Operations
R5027,C50698,2026-07-02,4,Customer service was helpful,Normal Operations
R5028,C81099,2026-07-02,5,Will buy again from this store,Normal Operations
R5029,C4943,2026-07-02,5,Excellent shopping experience,Normal Operations
R5030,C65908,2026-07-02,5,Received order on time,Normal Operations
R5031,C5703,2026-07-02,5,Will buy again from this store,Normal Operations
R5032,C39420,2026-07-02,4,Received order on time,Normal Operations
R5033,C88079,2026-07-02,5,Great product and fast delivery,Normal Operations
R5034,C34143,2026-07-02,4,Very satisfied with my purchase,Normal Operations
R5035,C69940,2026-07-02,5,Received order on time,Normal Operations
R5036,C9389,2026-07-02,5,Easy checkout process,Normal Operations
R5037,C36661,2026-07-02,5,Received order on time,Normal Operations
R5038,C62997,2026-07-02,4,Good quality product,Normal Operations
R5039,C87347,2026-07-03,5,Great product and fast delivery,Normal Operations
R5040,C74006,2026-07-03,4,Great product and fast delivery,Normal Operations
R5041,C86513,2026-07-03,5,Will buy again from this store,Normal Operations
R5042,C78479,2026-07-03,4,Easy checkout process,Normal Operations
R5043,C51926,2026-07-03,5,Received order on time,Normal Operations
R5044,C95798,2026-07-03,4,Will buy again from this store,Normal Operations
R5045,C28411,2026-07-03,5,Great product and fast delivery,Normal Operations
R5046,C7170,2026-07-03,5,Customer service was helpful,Normal Operations
R5047,C56307,2026-07-03,5,Excellent shopping experience,Normal Operations
R5048,C63868,2026-07-03,5,Good quality product,Normal Operations
R5049,C32420,2026-07-03,4,Easy checkout process,Normal Operations
R5050,C51313,2026-07-03,5,Good quality product,Normal Operations
R5051,C21008,2026-07-03,5,Excellent shopping experience,Normal Operations
R5052,C75570,2026-07-03,5,Will buy again from this store,Normal Operations
R5053,C16830,2026-07-03,4,Great product and fast delivery,Normal Operations
R5054,C35320,2026-07-03,4,Will buy again from this store,Normal Operations
R5055,C30474,2026-07-03,5,Customer service was helpful,Normal Operations
R5056,C75693,2026-07-03,4,Received order on time,Normal Operations
R5057,C6835,2026-07-03,4,Excellent shopping experience,Normal Operations
R5058,C26220,2026-07-03,4,Very satisfied with my purchase,Normal Operations
R5059,C74968,2026-07-03,5,Excellent shopping experience,Normal Operations
R5060,C88868,2026-07-03,5,Customer service was helpful,Normal Operations
R5061,C59887,2026-07-03,5,Customer service was helpful,Normal Operations
R5062,C45490,2026-07-03,5,Received order on time,Normal Operations
R5063,C5316,2026-07-04,4,Will buy again from this store,Normal Operations
R5064,C97912,2026-07-04,5,Very satisfied with my purchase,Normal Operations
R5065,C60973,2026-07-04,5,Customer service was helpful,Normal Operations
R5066,C82487,2026-07-04,5,Received order on time,Normal Operations
R5067,C41599,2026-07-04,5,Great product and fast delivery,Normal Operations
R5068,C92512,2026-07-04,5,Good quality product,Normal Operations
R5069,C90217,2026-07-04,4,Customer service was helpful,Normal Operations
R5070,C74591,2026-07-04,4,Easy checkout process,Normal Operations
R5071,C27485,2026-07-04,4,Very satisfied with my purchase,Normal Operations
R5072,C27116,2026-07-04,4,Excellent shopping experience,Normal Operations
R5073,C51285,2026-07-04,4,Customer service was helpful,Normal Operations
R5074,C49863,2026-07-04,4,Very satisfied with my purchase,Normal Operations
R5075,C32807,2026-07-04,4,Great product and fast delivery,Normal Operations
R5076,C30499,2026-07-04,5,Received order on time,Normal Operations
R5077,C27570,2026-07-04,5,Excellent shopping experience,Normal Operations
R5078,C73230,2026-07-04,5,Very satisfied with my purchase,Normal Operations
R5079,C9306,2026-07-04,4,Easy checkout process,Normal Operations
R5080,C40431,2026-07-04,4,Customer service was helpful,Normal Operations
R5081,C4159,2026-07-04,5,Customer service was helpful,Normal Operations
R5082,C9880,2026-07-04,5,Good quality product,Normal Operations
R5083,C42349,2026-07-04,5,Will buy again from this store,Normal Operations
R5084,C43889,2026-07-04,4,Very satisfied with my purchase,Normal Operations
R5085,C90628,2026-07-04,5,Good quality product,Normal Operations
R5086,C60559,2026-07-05,4,Excellent shopping experience,Normal Operations
R5087,C4112,2026-07-05,5,Very satisfied with my purchase,Normal Operations
R5088,C16491,2026-07-05,5,Customer service was helpful,Normal Operations
R5089,C53517,2026-07-05,5,Easy checkout process,Normal Operations
R5090,C5317,2026-07-05,5,Received order on time,Normal Operations
R5091,C29955,2026-07-05,4,Easy checkout process,Normal Operations
R5092,C51164,2026-07-05,4,Very satisfied with my purchase,Normal Operations
R5093,C63166,2026-07-05,5,Will buy again from this store,Normal Operations
R5094,C66776,2026-07-05,4,Great product and fast delivery,Normal Operations
R5095,C53150,2026-07-05,4,Customer service was helpful,Normal Operations
R5096,C90711,2026-07-05,5,Customer service was helpful,Normal Operations
R5097,C31140,2026-07-05,5,Will buy again from this store,Normal Operations
R5098,C73639,2026-07-05,4,Will buy again from this store,Normal Operations
R5099,C30162,2026-07-05,4,Very satisfied with my purchase,Normal Operations
R5100,C70044,2026-07-05,5,Will buy again from this store,Normal Operations
R5101,C82056,2026-07-05,5,Will buy again from this store,Normal Operations
R5102,C35659,2026-07-06,5,Will buy again from this store,Normal Operations
R5103,C24957,2026-07-06,4,Very satisfied with my purchase,Normal Operations
R5104,C86492,2026-07-06,5,Good quality product,Normal Operations
R5105,C20512,2026-07-06,5,Good quality product,Normal Operations
R5106,C56504,2026-07-06,5,Will buy again from this store,Normal Operations
R5107,C34890,2026-07-06,5,Customer service was helpful,Normal Operations
R5108,C4682,2026-07-06,4,Customer service was helpful,Normal Operations
R5109,C98418,2026-07-06,5,Received order on time,Normal Operations
R5110,C41299,2026-07-06,4,Easy checkout process,Normal Operations
R5111,C20944,2026-07-06,5,Very satisfied with my purchase,Normal Operations
R5112,C62002,2026-07-06,5,Excellent shopping experience,Normal Operations
R5113,C5386,2026-07-06,5,Good quality product,Normal Operations
R5114,C23439,2026-07-06,4,Easy checkout process,Normal Operations
R5115,C65429,2026-07-06,5,Received order on time,Normal Operations
R5116,C22441,2026-07-06,5,Received order on time,Normal Operations
R5117,C90726,2026-07-06,5,Very satisfied with my purchase,Normal Operations
R5118,C5841,2026-07-06,5,Easy checkout process,Normal Operations
R5119,C46862,2026-07-06,4,Easy checkout process,Normal Operations
R5120,C29403,2026-07-06,5,Great product and fast delivery,Normal Operations
R5121,C14320,2026-07-06,5,Great product and fast delivery,Normal Operations
R5122,C41206,2026-07-06,5,Excellent shopping experience,Normal Operations
R5123,C56579,2026-07-06,4,Customer service was helpful,Normal Operations
R5124,C52186,2026-07-06,4,Excellent shopping experience,Normal Operations
R5125,C8725,2026-07-06,5,Customer service was helpful,Normal Operations
R5126,C78873,2026-07-07,4,Very satisfied with my purchase,Normal Operations
R5127,C68844,2026-07-07,4,Great product and fast delivery,Normal Operations
R5128,C17168,2026-07-07,4,Excellent shopping experience,Normal Operations
R5129,C77332,2026-07-07,5,Good quality product,Normal Operations
R5130,C10783,2026-07-07,4,Great product and fast delivery,Normal Operations
R5131,C84459,2026-07-07,5,Easy checkout process,Normal Operations
R5132,C10028,2026-07-07,4,Easy checkout process,Normal Operations
R5133,C91798,2026-07-07,5,Easy checkout process,Normal Operations
R5134,C38287,2026-07-07,4,Excellent shopping experience,Normal Operations
R5135,C8700,2026-07-07,5,Very satisfied with my purchase,Normal Operations
R5136,C58466,2026-07-07,5,Received order on time,Normal Operations
R5137,C23708,2026-07-07,5,Excellent shopping experience,Normal Operations
R5138,C86733,2026-07-07,5,Very satisfied with my purchase,Normal Operations
R5139,C67010,2026-07-07,5,Great product and fast delivery,Normal Operations
R5140,C32549,2026-07-07,5,Excellent shopping experience,Normal Operations
R5141,C19645,2026-07-07,4,Received order on time,Normal Operations
R5142,C14282,2026-07-07,5,Received order on time,Normal Operations
R5143,C5055,2026-07-07,5,Received order on time,Normal Operations
R5144,C66847,2026-07-07,4,Good quality product,Normal Operations
R5145,C96518,2026-07-07,4,Easy checkout process,Normal Operations
R5146,C22484,2026-07-07,5,Easy checkout process,Normal Operations
R5147,C33237,2026-07-07,4,Customer service was helpful,Normal Operations
R5148,C94468,2026-07-07,5,Excellent shopping experience,Normal Operations
R5149,C17336,2026-07-08,5,Received order on time,Normal Operations
R5150,C28571,2026-07-08,4,Good quality product,Normal Operations
R5151,C72614,2026-07-08,5,Received order on time,Normal Operations
R5152,C33960,2026-07-08,5,Easy checkout process,Normal Operations
R5153,C68583,2026-07-08,4,Great product and fast delivery,Normal Operations
R5154,C49457,2026-07-08,5,Will buy again from this store,Normal Operations
R5155,C68341,2026-07-08,4,Received order on time,Normal Operations
R5156,C82633,2026-07-08,5,Great product and fast delivery,Normal Operations
R5157,C25910,2026-07-08,5,Great product and fast delivery,Normal Operations
R5158,C54338,2026-07-08,4,Customer service was helpful,Normal Operations
R5159,C62198,2026-07-08,5,Great product and fast delivery,Normal Operations
R5160,C17459,2026-07-08,5,Easy checkout process,Normal Operations
R5161,C74320,2026-07-08,5,Will buy again from this store,Normal Operations
R5162,C44943,2026-07-08,4,Easy checkout process,Normal Operations
R5163,C79173,2026-07-08,4,Received order on time,Normal Operations
R5164,C74222,2026-07-08,4,Will buy again from this store,Normal Operations
R5165,C26863,2026-07-09,4,Will buy again from this store,Normal Operations
R5166,C3957,2026-07-09,4,Excellent shopping experience,Normal Operations
R5167,C2366,2026-07-09,4,Excellent shopping experience,Normal Operations
R5168,C52500,2026-07-09,5,Good quality product,Normal Operations
R5169,C17337,2026-07-09,5,Will buy again from this store,Normal Operations
R5170,C80673,2026-07-09,5,Good quality product,Normal Operations
R5171,C69952,2026-07-09,5,Received order on time,Normal Operations
R5172,C22381,2026-07-09,5,Very satisfied with my purchase,Normal Operations
R5173,C99342,2026-07-09,4,Great product and fast delivery,Normal Operations
R5174,C15555,2026-07-09,4,Easy checkout process,Normal Operations
R5175,C16239,2026-07-09,5,Great product and fast delivery,Normal Operations
R5176,C59354,2026-07-09,5,Easy checkout process,Normal Operations
R5177,C49105,2026-07-09,4,Good quality product,Normal Operations
R5178,C88535,2026-07-09,4,Received order on time,Normal Operations
R5179,C4356,2026-07-09,5,Very satisfied with my purchase,Normal Operations
R5180,C71443,2026-07-09,4,Very satisfied with my purchase,Normal Operations
R5181,C8262,2026-07-10,5,Received order on time,Normal Operations
R5182,C26926,2026-07-10,4,Easy checkout process,Normal Operations
R5183,C4788,2026-07-10,5,Customer service was helpful,Normal Operations
R5184,C43725,2026-07-10,5,Will buy again from this store,Normal Operations
R5185,C2036,2026-07-10,4,Will buy again from this store,Normal Operations
R5186,C52336,2026-07-10,4,Will buy again from this store,Normal Operations
R5187,C46628,2026-07-10,5,Received order on time,Normal Operations
R5188,C55893,2026-07-10,5,Will buy again from this store,Normal Operations
R5189,C75752,2026-07-10,4,Good quality product,Normal Operations
R5190,C31254,2026-07-10,4,Customer service was helpful,Normal Operations
R5191,C16926,2026-07-10,4,Customer service was helpful,Normal Operations
R5192,C27026,2026-07-10,5,Excellent shopping experience,Normal Operations
R5193,C77662,2026-07-10,5,Very satisfied with my purchase,Normal Operations
R5194,C61249,2026-07-10,5,Excellent shopping experience,Normal Operations
R5195,C83609,2026-07-10,4,Very satisfied with my purchase,Normal Operations
R5196,C67174,2026-07-10,4,Will buy again from this store,Normal Operations
R5197,C64176,2026-07-10,5,Customer service was helpful,Normal Operations
R5198,C70740,2026-07-10,4,Customer service was helpful,Normal Operations
R5199,C8670,2026-07-10,5,Customer service was helpful,Normal Operations
R5200,C18911,2026-07-10,5,Great product and fast delivery,Normal Operations
R5201,C48416,2026-07-10,5,Will buy again from this store,Normal Operations
R5202,C95826,2026-07-10,5,Good quality product,Normal Operations
R5203,C20427,2026-07-11,5,Will buy again from this store,Normal Operations
R5204,C64601,2026-07-11,4,Very satisfied with my purchase,Normal Operations
R5205,C91006,2026-07-11,5,Good quality product,Normal Operations
R5206,C27800,2026-07-11,5,Will buy again from this store,Normal Operations
R5207,C7447,2026-07-11,4,Easy checkout process,Normal Operations
R5208,C14878,2026-07-11,5,Good quality product,Normal Operations
R5209,C10307,2026-07-11,5,Excellent shopping experience,Normal Operations
R5210,C20456,2026-07-11,4,Great product and fast delivery,Normal Operations
R5211,C27372,2026-07-11,5,Received order on time,Normal Operations
R5212,C33167,2026-07-11,5,Easy checkout process,Normal Operations
R5213,C28369,2026-07-11,5,Will buy again from this store,Normal Operations
R5214,C50860,2026-07-11,5,Received order on time,Normal Operations
R5215,C22151,2026-07-11,4,Received order on time,Normal Operations
R5216,C56791,2026-07-11,5,Very satisfied with my purchase,Normal Operations
R5217,C36673,2026-07-11,4,Great product and fast delivery,Normal Operations
R5218,C13787,2026-07-11,5,Very satisfied with my purchase,Normal Operations
R5219,C13795,2026-07-11,4,Good quality product,Normal Operations
R5220,C61065,2026-07-11,4,Will buy again from this store,Normal Operations
R5221,C73357,2026-07-11,4,Great product and fast delivery,Normal Operations
R5222,C52715,2026-07-11,5,Easy checkout process,Normal Operations
R5223,C73163,2026-07-11,5,Received order on time,Normal Operations
R5224,C51941,2026-07-11,5,Will buy again from this store,Normal Operations
R5225,C15635,2026-07-12,5,Customer service was helpful,Normal Operations
R5226,C27567,2026-07-12,5,Received order on time,Normal Operations
R5227,C55500,2026-07-12,4,Good quality product,Normal Operations
R5228,C49893,2026-07-12,5,Good quality product,Normal Operations
R5229,C78610,2026-07-12,5,Will buy again from this store,Normal Operations
R5230,C52272,2026-07-12,4,Received order on time,Normal Operations
R5231,C37118,2026-07-12,4,Customer service was helpful,Normal Operations
R5232,C78873,2026-07-12,5,Good quality product,Normal Operations
R5233,C17374,2026-07-12,5,Very satisfied with my purchase,Normal Operations
R5234,C31281,2026-07-12,5,Good quality product,Normal Operations
R5235,C87944,2026-07-12,4,Very satisfied with my purchase,Normal Operations
R5236,C94243,2026-07-12,4,Customer service was helpful,Normal Operations
R5237,C7160,2026-07-12,5,Great product and fast delivery,Normal Operations
R5238,C78462,2026-07-12,4,Will buy again from this store,Normal Operations
R5239,C71012,2026-07-12,4,Easy checkout process,Normal Operations
R5240,C75423,2026-07-12,5,Excellent shopping experience,Normal Operations
R5241,C76758,2026-07-12,5,Excellent shopping experience,Normal Operations
R5242,C70113,2026-07-12,4,Received order on time,Normal Operations
R5243,C92212,2026-07-12,5,Good quality product,Normal Operations
R5244,C5544,2026-07-12,5,Received order on time,Normal Operations
R5245,C96172,2026-07-12,4,Easy checkout process,Normal Operations
R5246,C66864,2026-07-12,5,Will buy again from this store,Normal Operations
R5247,C85667,2026-07-12,4,Good quality product,Normal Operations
R5248,C20548,2026-07-12,5,Good quality product,Normal Operations
R5249,C61341,2026-07-13,4,Good quality product,Normal Operations
R5250,C35163,2026-07-13,4,Will buy again from this store,Normal Operations
R5251,C22103,2026-07-13,5,Good quality product,Normal Operations
R5252,C50389,2026-07-13,4,Great product and fast delivery,Normal Operations
R5253,C23660,2026-07-13,5,Will buy again from this store,Normal Operations
R5254,C23089,2026-07-13,5,Will buy again from this store,Normal Operations
R5255,C59999,2026-07-13,5,Great product and fast delivery,Normal Operations
R5256,C69811,2026-07-13,4,Customer service was helpful,Normal Operations
R5257,C8390,2026-07-13,5,Easy checkout process,Normal Operations
R5258,C21149,2026-07-13,5,Great product and fast delivery,Normal Operations
R5259,C58621,2026-07-13,4,Good quality product,Normal Operations
R5260,C96532,2026-07-13,4,Customer service was helpful,Normal Operations
R5261,C17749,2026-07-13,4,Easy checkout process,Normal Operations
R5262,C88518,2026-07-13,5,Good quality product,Normal Operations
R5263,C10247,2026-07-13,4,Easy checkout process,Normal Operations
R5264,C30341,2026-07-13,5,Received order on time,Normal Operations
R5265,C91072,2026-07-13,4,Easy checkout process,Normal Operations
R5266,C7408,2026-07-13,4,Excellent shopping experience,Normal Operations
R5267,C49080,2026-07-13,4,Customer service was helpful,Normal Operations
R5268,C89118,2026-07-13,4,Will buy again from this store,Normal Operations
R5269,C19284,2026-07-14,5,Great product and fast delivery,Normal Operations
R5270,C79553,2026-07-14,5,Customer service was helpful,Normal Operations
R5271,C22696,2026-07-14,4,Customer service was helpful,Normal Operations
R5272,C81258,2026-07-14,4,Great product and fast delivery,Normal Operations
R5273,C43615,2026-07-14,5,Excellent shopping experience,Normal Operations
R5274,C19862,2026-07-14,4,Easy checkout process,Normal Operations
R5275,C69394,2026-07-14,5,Very satisfied with my purchase,Normal Operations
R5276,C98027,2026-07-14,4,Will buy again from this store,Normal Operations
R5277,C44139,2026-07-14,4,Great product and fast delivery,Normal Operations
R5278,C59790,2026-07-14,4,Good quality product,Normal Operations
R5279,C76626,2026-07-14,5,Very satisfied with my purchase,Normal Operations
R5280,C3052,2026-07-14,5,Will buy again from this store,Normal Operations
R5281,C44558,2026-07-14,5,Easy checkout process,Normal Operations
R5282,C65995,2026-07-14,4,Received order on time,Normal Operations
R5283,C77983,2026-07-14,4,Very satisfied with my purchase,Normal Operations
R5284,C78764,2026-07-14,4,Great product and fast delivery,Normal Operations
R5285,C50156,2026-07-14,4,Customer service was helpful,Normal Operations
R5286,C37079,2026-07-14,5,Received order on time,Normal Operations
R5287,C7712,2026-07-14,4,Excellent shopping experience,Normal Operations
R5288,C99243,2026-07-14,5,Good quality product,Normal Operations
R5289,C36177,2026-07-15,4,Very satisfied with my purchase,Normal Operations
R5290,C13386,2026-07-15,5,Will buy again from this store,Normal Operations
R5291,C73512,2026-07-15,4,Good quality product,Normal Operations
R5292,C25278,2026-07-15,5,Excellent shopping experience,Normal Operations
R5293,C31534,2026-07-15,5,Excellent shopping experience,Normal Operations
R5294,C72124,2026-07-15,5,Customer service was helpful,Normal Operations
R5295,C96667,2026-07-15,4,Great product and fast delivery,Normal Operations
R5296,C53206,2026-07-15,5,Very satisfied with my purchase,Normal Operations
R5297,C64483,2026-07-15,4,Good quality product,Normal Operations
R5298,C87409,2026-07-15,4,Great product and fast delivery,Normal Operations
R5299,C32978,2026-07-15,5,Excellent shopping experience,Normal Operations
R5300,C64481,2026-07-15,5,Will buy again from this store,Normal Operations
R5301,C36735,2026-07-15,5,Very satisfied with my purchase,Normal Operations
R5302,C66787,2026-07-15,4,Very satisfied with my purchase,Normal Operations
R5303,C82674,2026-07-15,5,Customer service was helpful,Normal Operations
R5304,C50666,2026-07-15,4,Will buy again from this store,Normal Operations
R5305,C93566,2026-07-15,5,Great product and fast delivery,Normal Operations
R5306,C18941,2026-07-16,4,Will buy again from this store,Normal Operations
R5307,C2165,2026-07-16,5,Received order on time,Normal Operations
R5308,C79625,2026-07-16,4,Excellent shopping experience,Normal Operations
R5309,C22517,2026-07-16,4,Very satisfied with my purchase,Normal Operations
R5310,C77715,2026-07-16,5,Excellent shopping experience,Normal Operations
R5311,C82634,2026-07-16,4,Good quality product,Normal Operations
R5312,C24799,2026-07-16,5,Great product and fast delivery,Normal Operations
R5313,C54460,2026-07-16,5,Will buy again from this store,Normal Operations
R5314,C8130,2026-07-16,5,Excellent shopping experience,Normal Operations
R5315,C27042,2026-07-16,5,Easy checkout process,Normal Operations
R5316,C37205,2026-07-16,5,Received order on time,Normal Operations
R5317,C93750,2026-07-16,4,Excellent shopping experience,Normal Operations
R5318,C16286,2026-07-16,5,Customer service was helpful,Normal Operations
R5319,C88877,2026-07-16,5,Customer service was helpful,Normal Operations
R5320,C2954,2026-07-16,5,Excellent shopping experience,Normal Operations
R5321,C61684,2026-07-16,5,Very satisfied with my purchase,Normal Operations
R5322,C11155,2026-07-17,5,Easy checkout process,Normal Operations
R5323,C75875,2026-07-17,4,Customer service was helpful,Normal Operations
R5324,C89171,2026-07-17,4,Received order on time,Normal Operations
R5325,C75454,2026-07-17,4,Good quality product,Normal Operations
R5326,C49337,2026-07-17,5,Excellent shopping experience,Normal Operations
R5327,C26235,2026-07-17,4,Excellent shopping experience,Normal Operations
R5328,C32574,2026-07-17,4,Very satisfied with my purchase,Normal Operations
R5329,C64321,2026-07-17,5,Received order on time,Normal Operations
R5330,C80517,2026-07-17,5,Excellent shopping experience,Normal Operations
R5331,C83538,2026-07-17,5,Excellent shopping experience,Normal Operations
R5332,C5251,2026-07-17,4,Excellent shopping experience,Normal Operations
R5333,C33088,2026-07-17,4,Good quality product,Normal Operations
R5334,C70816,2026-07-17,5,Great product and fast delivery,Normal Operations
R5335,C58901,2026-07-17,5,Very satisfied with my purchase,Normal Operations
R5336,C91111,2026-07-17,4,Customer service was helpful,Normal Operations
R5337,C98076,2026-07-17,5,Very satisfied with my purchase,Normal Operations
R5338,C5167,2026-07-17,5,Customer service was helpful,Normal Operations
R5339,C96778,2026-07-17,5,Excellent shopping experience,Normal Operations
R5340,C1294,2026-07-17,5,Very satisfied with my purchase,Normal Operations
R5341,C84132,2026-07-17,5,Received order on time,Normal Operations
R5342,C73510,2026-07-18,5,Good quality product,Normal Operations
R5343,C97848,2026-07-18,4,Very satisfied with my purchase,Normal Operations
R5344,C28208,2026-07-18,4,Customer service was helpful,Normal Operations
R5345,C68173,2026-07-18,5,Great product and fast delivery,Normal Operations
R5346,C27191,2026-07-18,4,Received order on time,Normal Operations
R5347,C24661,2026-07-18,4,Great product and fast delivery,Normal Operations
R5348,C22821,2026-07-18,5,Very satisfied with my purchase,Normal Operations
R5349,C2077,2026-07-18,5,Great product and fast delivery,Normal Operations
R5350,C37556,2026-07-18,5,Customer service was helpful,Normal Operations
R5351,C40263,2026-07-18,5,Great product and fast delivery,Normal Operations
R5352,C23217,2026-07-18,4,Great product and fast delivery,Normal Operations
R5353,C20172,2026-07-18,5,Very satisfied with my purchase,Normal Operations
R5354,C89024,2026-07-18,5,Received order on time,Normal Operations
R5355,C83584,2026-07-18,4,Good quality product,Normal Operations
R5356,C15016,2026-07-18,5,Good quality product,Normal Operations
R5357,C97285,2026-07-18,4,Great product and fast delivery,Normal Operations
R5358,C66641,2026-07-18,5,Received order on time,Normal Operations
R5359,C45705,2026-07-18,5,Customer service was helpful,Normal Operations
R5360,C25907,2026-07-18,5,Excellent shopping experience,Normal Operations
R5361,C9146,2026-07-18,5,Received order on time,Normal Operations
R5362,C63561,2026-07-19,5,Easy checkout process,Normal Operations
R5363,C92722,2026-07-19,5,Excellent shopping experience,Normal Operations
R5364,C51713,2026-07-19,5,Excellent shopping experience,Normal Operations
R5365,C68286,2026-07-19,4,Very satisfied with my purchase,Normal Operations
R5366,C34130,2026-07-19,4,Customer service was helpful,Normal Operations
R5367,C63555,2026-07-19,5,Great product and fast delivery,Normal Operations
R5368,C30012,2026-07-19,5,Great product and fast delivery,Normal Operations
R5369,C93529,2026-07-19,4,Great product and fast delivery,Normal Operations
R5370,C15325,2026-07-19,4,Very satisfied with my purchase,Normal Operations
R5371,C32629,2026-07-19,4,Great product and fast delivery,Normal Operations
R5372,C41099,2026-07-19,4,Very satisfied with my purchase,Normal Operations
R5373,C27950,2026-07-19,5,Received order on time,Normal Operations
R5374,C73538,2026-07-19,5,Very satisfied with my purchase,Normal Operations
R5375,C12304,2026-07-19,4,Will buy again from this store,Normal Operations
R5376,C18281,2026-07-19,5,Very satisfied with my purchase,Normal Operations
R5377,C6968,2026-07-19,5,Received order on time,Normal Operations
R5378,C35201,2026-07-19,4,Very satisfied with my purchase,Normal Operations
R5379,C48323,2026-07-20,5,Will buy again from this store,Normal Operations
R5380,C38893,2026-07-20,4,Great product and fast delivery,Normal Operations
R5381,C55216,2026-07-20,5,Very satisfied with my purchase,Normal Operations
R5382,C59758,2026-07-20,4,Very satisfied with my purchase,Normal Operations
R5383,C15065,2026-07-20,5,Received order on time,Normal Operations
R5384,C99791,2026-07-20,5,Received order on time,Normal Operations
R5385,C22004,2026-07-20,5,Excellent shopping experience,Normal Operations
R5386,C96577,2026-07-20,5,Received order on time,Normal Operations
R5387,C70978,2026-07-20,4,Excellent shopping experience,Normal Operations
R5388,C99926,2026-07-20,4,Great product and fast delivery,Normal Operations
R5389,C60309,2026-07-20,4,Excellent shopping experience,Normal Operations
R5390,C1131,2026-07-20,5,Customer service was helpful,Normal Operations
R5391,C2119,2026-07-20,4,Very satisfied with my purchase,Normal Operations
R5392,C81272,2026-07-20,5,Will buy again from this store,Normal Operations
R5393,C53122,2026-07-20,5,Customer service was helpful,Normal Operations
R5394,C83444,2026-07-20,5,Customer service was helpful,Normal Operations
R5395,C22788,2026-07-20,5,Very satisfied with my purchase,Normal Operations
R5396,C44654,2026-07-21,4,Very satisfied with my purchase,Normal Operations
R5397,C86218,2026-07-21,5,Easy checkout process,Normal Operations
R5398,C72800,2026-07-21,5,Excellent shopping experience,Normal Operations
R5399,C20344,2026-07-21,4,Excellent shopping experience,Normal Operations
R5400,C53107,2026-07-21,5,Excellent shopping experience,Normal Operations
R5401,C25029,2026-07-21,5,Easy checkout process,Normal Operations
R5402,C98718,2026-07-21,4,Will buy again from this store,Normal Operations
R5403,C7142,2026-07-21,4,Customer service was helpful,Normal Operations
R5404,C87124,2026-07-21,5,Customer service was helpful,Normal Operations
R5405,C10052,2026-07-21,5,Will buy again from this store,Normal Operations
R5406,C41096,2026-07-21,5,Good quality product,Normal Operations
R5407,C97070,2026-07-21,5,Very satisfied with my purchase,Normal Operations
R5408,C32323,2026-07-21,4,Very satisfied with my purchase,Normal Operations
R5409,C17413,2026-07-21,4,Customer service was helpful,Normal Operations
R5410,C5657,2026-07-21,5,Customer service was helpful,Normal Operations
R5411,C15874,2026-07-21,5,Will buy again from this store,Normal Operations
R5412,C67808,2026-07-21,5,Very satisfied with my purchase,Normal Operations
R5413,C49758,2026-07-21,5,Will buy again from this store,Normal Operations
R5414,C69202,2026-07-21,4,Easy checkout process,Normal Operations
R5415,C5463,2026-07-21,4,Very satisfied with my purchase,Normal Operations
R5416,C48466,2026-07-21,5,Great product and fast delivery,Normal Operations
R5417,C36231,2026-07-21,5,Very satisfied with my purchase,Normal Operations
R5418,C98367,2026-07-21,4,Easy checkout process,Normal Operations
R5419,C72103,2026-07-21,5,Will buy again from this store,Normal Operations
R5420,C94232,2026-07-22,5,Customer service was helpful,Normal Operations
R5421,C94369,2026-07-22,5,Good quality product,Normal Operations
R5422,C92664,2026-07-22,5,Customer service was helpful,Normal Operations
R5423,C3292,2026-07-22,4,Great product and fast delivery,Normal Operations
R5424,C99273,2026-07-22,4,Good quality product,Normal Operations
R5425,C26721,2026-07-22,5,Excellent shopping experience,Normal Operations
R5426,C54314,2026-07-22,4,Easy checkout process,Normal Operations
R5427,C99330,2026-07-22,5,Excellent shopping experience,Normal Operations
R5428,C56832,2026-07-22,5,Easy checkout process,Normal Operations
R5429,C80489,2026-07-22,5,Will buy again from this store,Normal Operations
R5430,C50303,2026-07-22,5,Received order on time,Normal Operations
R5431,C17423,2026-07-22,5,Great product and fast delivery,Normal Operations
R5432,C48233,2026-07-22,5,Excellent shopping experience,Normal Operations
R5433,C32744,2026-07-22,4,Great product and fast delivery,Normal Operations
R5434,C10109,2026-07-22,4,Easy checkout process,Normal Operations
R5435,C44401,2026-07-22,4,Easy checkout process,Normal Operations
R5436,C55263,2026-07-22,5,Will buy again from this store,Normal Operations
R5437,C28358,2026-07-23,5,Very satisfied with my purchase,Normal Operations
R5438,C61935,2026-07-23,5,Great product and fast delivery,Normal Operations
R5439,C55417,2026-07-23,5,Customer service was helpful,Normal Operations
R5440,C30658,2026-07-23,4,Received order on time,Normal Operations
R5441,C13441,2026-07-23,5,Will buy again from this store,Normal Operations
R5442,C86676,2026-07-23,5,Great product and fast delivery,Normal Operations
R5443,C19674,2026-07-23,4,Will buy again from this store,Normal Operations
R5444,C26521,2026-07-23,5,Easy checkout process,Normal Operations
R5445,C38080,2026-07-23,5,Excellent shopping experience,Normal Operations
R5446,C48721,2026-07-23,5,Good quality product,Normal Operations
R5447,C61218,2026-07-23,5,Good quality product,Normal Operations
R5448,C54819,2026-07-23,5,Will buy again from this store,Normal Operations
R5449,C8178,2026-07-23,5,Customer service was helpful,Normal Operations
R5450,C56211,2026-07-23,4,Received order on time,Normal Operations
R5451,C74131,2026-07-23,5,Easy checkout process,Normal Operations
R5452,C75956,2026-07-23,4,Easy checkout process,Normal Operations
R5453,C65228,2026-07-23,5,Received order on time,Normal Operations
R5454,C95052,2026-07-23,4,Received order on time,Normal Operations
R5455,C10224,2026-07-23,4,Excellent shopping experience,Normal Operations
R5456,C24161,2026-07-23,5,Easy checkout process,Normal Operations
R5457,C91193,2026-07-23,5,Great product and fast delivery,Normal Operations
R5458,C67520,2026-07-23,5,Good quality product,Normal Operations
R5459,C11274,2026-07-23,5,Easy checkout process,Normal Operations
R5460,C7895,2026-07-23,5,Good quality product,Normal Operations
R5461,C43096,2026-07-24,5,Very satisfied with my purchase,Normal Operations
R5462,C72437,2026-07-24,4,Customer service was helpful,Normal Operations
R5463,C42927,2026-07-24,4,Excellent shopping experience,Normal Operations
R5464,C44776,2026-07-24,4,Customer service was helpful,Normal Operations
R5465,C72652,2026-07-24,4,Excellent shopping experience,Normal Operations
R5466,C78605,2026-07-24,5,Excellent shopping experience,Normal Operations
R5467,C36137,2026-07-24,5,Great product and fast delivery,Normal Operations
R5468,C24943,2026-07-24,5,Excellent shopping experience,Normal Operations
R5469,C35256,2026-07-24,4,Received order on time,Normal Operations
R5470,C62287,2026-07-24,5,Excellent shopping experience,Normal Operations
R5471,C23730,2026-07-24,4,Very satisfied with my purchase,Normal Operations
R5472,C98980,2026-07-24,5,Will buy again from this store,Normal Operations
R5473,C9458,2026-07-24,4,Very satisfied with my purchase,Normal Operations
R5474,C32751,2026-07-24,4,Very satisfied with my purchase,Normal Operations
R5475,C37791,2026-07-24,5,Easy checkout process,Normal Operations
R5476,C68039,2026-07-24,5,Very satisfied with my purchase,Normal Operations
R5477,C25601,2026-07-24,5,Very satisfied with my purchase,Normal Operations
R5478,C36172,2026-07-24,4,Easy checkout process,Normal Operations
R5479,C13150,2026-07-24,5,Received order on time,Normal Operations
R5480,C47199,2026-07-24,4,Easy checkout process,Normal Operations
R5481,C91780,2026-07-24,5,Excellent shopping experience,Normal Operations
R5482,C32399,2026-07-24,4,Great product and fast delivery,Normal Operations
R5483,C61135,2026-07-24,4,Very satisfied with my purchase,Normal Operations
R5484,C24978,2026-07-24,4,Excellent shopping experience,Normal Operations
R5485,C34627,2026-07-25,5,Received order on time,Normal Operations
R5486,C36418,2026-07-25,5,Will buy again from this store,Normal Operations
R5487,C8834,2026-07-25,5,Easy checkout process,Normal Operations
R5488,C29474,2026-07-25,5,Easy checkout process,Normal Operations
R5489,C64055,2026-07-25,4,Excellent shopping experience,Normal Operations
R5490,C65876,2026-07-25,5,Received order on time,Normal Operations
R5491,C84972,2026-07-25,5,Great product and fast delivery,Normal Operations
R5492,C42096,2026-07-25,5,Easy checkout process,Normal Operations
R5493,C66910,2026-07-25,5,Good quality product,Normal Operations
R5494,C60286,2026-07-25,5,Customer service was helpful,Normal Operations
R5495,C7838,2026-07-25,5,Easy checkout process,Normal Operations
R5496,C55477,2026-07-25,4,Good quality product,Normal Operations
R5497,C23413,2026-07-25,5,Customer service was helpful,Normal Operations
R5498,C65207,2026-07-25,5,Will buy again from this store,Normal Operations
R5499,C20406,2026-07-25,5,Customer service was helpful,Normal Operations
R5500,C22355,2026-07-25,5,Good quality product,Normal Operations
R5501,C36524,2026-07-26,4,Received order on time,Normal Operations
R5502,C35733,2026-07-26,5,Customer service was helpful,Normal Operations
R5503,C52777,2026-07-26,4,Customer service was helpful,Normal Operations
R5504,C88272,2026-07-26,4,Good quality product,Normal Operations
R5505,C28757,2026-07-26,4,Very satisfied with my purchase,Normal Operations
R5506,C23551,2026-07-26,5,Good quality product,Normal Operations
R5507,C70228,2026-07-26,4,Good quality product,Normal Operations
R5508,C17541,2026-07-26,4,Good quality product,Normal Operations
R5509,C71456,2026-07-26,5,Very satisfied with my purchase,Normal Operations
R5510,C17677,2026-07-26,4,Very satisfied with my purchase,Normal Operations
R5511,C81549,2026-07-26,4,Good quality product,Normal Operations
R5512,C31479,2026-07-26,4,Will buy again from this store,Normal Operations
R5513,C29811,2026-07-26,5,Will buy again from this store,Normal Operations
R5514,C34842,2026-07-26,5,Customer service was helpful,Normal Operations
R5515,C3049,2026-07-26,5,Very satisfied with my purchase,Normal Operations
R5516,C76638,2026-07-26,5,Good quality product,Normal Operations
R5517,C83389,2026-07-26,5,Easy checkout process,Normal Operations
R5518,C12675,2026-07-26,5,Customer service was helpful,Normal Operations
R5519,C89908,2026-07-26,4,Easy checkout process,Normal Operations
R5520,C17830,2026-07-27,4,Very satisfied with my purchase,Normal Operations
R5521,C99771,2026-07-27,5,Very satisfied with my purchase,Normal Operations
R5522,C74643,2026-07-27,5,Great product and fast delivery,Normal Operations
R5523,C43049,2026-07-27,5,Will buy again from this store,Normal Operations
R5524,C66715,2026-07-27,4,Easy checkout process,Normal Operations
R5525,C9781,2026-07-27,4,Will buy again from this store,Normal Operations
R5526,C30857,2026-07-27,5,Easy checkout process,Normal Operations
R5527,C17588,2026-07-27,5,Customer service was helpful,Normal Operations
R5528,C99424,2026-07-27,4,Very satisfied with my purchase,Normal Operations
R5529,C78456,2026-07-27,4,Good quality product,Normal Operations
R5530,C42155,2026-07-27,5,Easy checkout process,Normal Operations
R5531,C28831,2026-07-27,5,Good quality product,Normal Operations
R5532,C30610,2026-07-27,4,Good quality product,Normal Operations
R5533,C45168,2026-07-27,5,Excellent shopping experience,Normal Operations
R5534,C94584,2026-07-27,5,Very satisfied with my purchase,Normal Operations
R5535,C21107,2026-07-27,5,Received order on time,Normal Operations
R5536,C24068,2026-07-27,5,Will buy again from this store,Normal Operations
R5537,C2057,2026-07-27,4,Received order on time,Normal Operations
R5538,C77713,2026-07-27,5,Will buy again from this store,Normal Operations
R5539,C86806,2026-07-27,5,Great product and fast delivery,Normal Operations
R5540,C78979,2026-07-27,4,Received order on time,Normal Operations
R5541,C96854,2026-07-27,4,Will buy again from this store,Normal Operations
R5542,C18289,2026-07-27,5,Great product and fast delivery,Normal Operations
R5543,C11252,2026-07-27,5,Good quality product,Normal Operations
R5544,C54716,2026-07-28,5,Customer service was helpful,Normal Operations
R5545,C39096,2026-07-28,5,Received order on time,Normal Operations
R5546,C81444,2026-07-28,5,Easy checkout process,Normal Operations
R5547,C85142,2026-07-28,4,Very satisfied with my purchase,Normal Operations
R5548,C95013,2026-07-28,5,Great product and fast delivery,Normal Operations
R5549,C46058,2026-07-28,4,Very satisfied with my purchase,Normal Operations
R5550,C41044,2026-07-28,5,Easy checkout process,Normal Operations
R5551,C3365,2026-07-28,4,Received order on time,Normal Operations
R5552,C56089,2026-07-28,4,Very satisfied with my purchase,Normal Operations
R5553,C2453,2026-07-28,4,Good quality product,Normal Operations
R5554,C79402,2026-07-28,5,Great product and fast delivery,Normal Operations
R5555,C74336,2026-07-28,4,Excellent shopping experience,Normal Operations
R5556,C83221,2026-07-28,4,Good quality product,Normal Operations
R5557,C51117,2026-07-28,4,Will buy again from this store,Normal Operations
R5558,C26522,2026-07-28,5,Will buy again from this store,Normal Operations
R5559,C63095,2026-07-28,4,Will buy again from this store,Normal Operations
R5560,C47412,2026-07-28,4,Will buy again from this store,Normal Operations
R5561,C96947,2026-07-28,5,Customer service was helpful,Normal Operations
R5562,C66314,2026-07-28,4,Great product and fast delivery,Normal Operations
R5563,C85998,2026-07-29,4,Excellent shopping experience,Normal Operations
R5564,C47595,2026-07-29,5,Customer service was helpful,Normal Operations
R5565,C67526,2026-07-29,5,Good quality product,Normal Operations
R5566,C24605,2026-07-29,5,Good quality product,Normal Operations
R5567,C37919,2026-07-29,5,Excellent shopping experience,Normal Operations
R5568,C43775,2026-07-29,5,Good quality product,Normal Operations
R5569,C95620,2026-07-29,4,Very satisfied with my purchase,Normal Operations
R5570,C58915,2026-07-29,5,Very satisfied with my purchase,Normal Operations
R5571,C75080,2026-07-29,4,Very satisfied with my purchase,Normal Operations
R5572,C28526,2026-07-29,4,Good quality product,Normal Operations
R5573,C90511,2026-07-29,4,Good quality product,Normal Operations
R5574,C26246,2026-07-29,5,Customer service was helpful,Normal Operations
R5575,C74875,2026-07-29,4,Customer service was helpful,Normal Operations
R5576,C46351,2026-07-29,5,Very satisfied with my purchase,Normal Operations
R5577,C45014,2026-07-29,5,Received order on time,Normal Operations
R5578,C45820,2026-07-29,5,Received order on time,Normal Operations
R5579,C94793,2026-07-29,5,Great product and fast delivery,Normal Operations
R5580,C49876,2026-07-29,4,Customer service was helpful,Normal Operations
R5581,C51987,2026-07-30,4,Excellent shopping experience,Normal Operations
R5582,C63082,2026-07-30,4,Great product and fast delivery,Normal Operations
R5583,C94462,2026-07-30,4,Will buy again from this store,Normal Operations
R5584,C39979,2026-07-30,5,Excellent shopping experience,Normal Operations
R5585,C43579,2026-07-30,5,Excellent shopping experience,Normal Operations
R5586,C24134,2026-07-30,4,Received order on time,Normal Operations
R5587,C65951,2026-07-30,4,Customer service was helpful,Normal Operations
R5588,C86779,2026-07-30,4,Good quality product,Normal Operations
R5589,C38380,2026-07-30,4,Easy checkout process,Normal Operations
R5590,C41164,2026-07-30,4,Customer service was helpful,Normal Operations
R5591,C85484,2026-07-30,5,Great product and fast delivery,Normal Operations
R5592,C46111,2026-07-30,4,Will buy again from this store,Normal Operations
R5593,C91738,2026-07-30,5,Easy checkout process,Normal Operations
R5594,C85706,2026-07-30,4,Excellent shopping experience,Normal Operations
R5595,C41496,2026-07-30,4,Excellent shopping experience,Normal Operations
R5596,C983,2026-07-30,5,Easy checkout process,Normal Operations
R5597,C54844,2026-07-30,5,Excellent shopping experience,Normal Operations
R5598,C88568,2026-07-30,4,Easy checkout process,Normal Operations
R5599,C51435,2026-07-30,5,Good quality product,Normal Operations
R5600,C80902,2026-07-30,5,Easy checkout process,Normal Operations
R5601,C42554,2026-07-30,5,Very satisfied with my purchase,Normal Operations
R5602,C3626,2026-07-30,5,Great product and fast delivery,Normal Operations
R5603,C74694,2026-07-31,5,Will buy again from this store,Normal Operations
R5604,C57967,2026-07-31,4,Received order on time,Normal Operations
R5605,C51525,2026-07-31,4,Great product and fast delivery,Normal Operations
R5606,C98229,2026-07-31,5,Good quality product,Normal Operations
R5607,C14621,2026-07-31,5,Received order on time,Normal Operations
R5608,C21249,2026-07-31,5,Will buy again from this store,Normal Operations
R5609,C4261,2026-07-31,5,Good quality product,Normal Operations
R5610,C25824,2026-07-31,5,Good quality product,Normal Operations
R5611,C83795,2026-07-31,4,Received order on time,Normal Operations
R5612,C96913,2026-07-31,4,Received order on time,Normal Operations
R5613,C92231,2026-07-31,4,Customer service was helpful,Normal Operations
R5614,C21789,2026-07-31,5,Great product and fast delivery,Normal Operations
R5615,C15211,2026-07-31,4,Very satisfied with my purchase,Normal Operations
R5616,C92918,2026-07-31,5,Good quality product,Normal Operations
R5617,C86679,2026-07-31,5,Excellent shopping experience,Normal Operations
R5618,C31450,2026-07-31,5,Customer service was helpful,Normal Operations
R5619,C20244,2026-07-31,5,Very satisfied with my purchase,Normal Operations
R5620,C30741,2026-07-31,4,Customer service was helpful,Normal Operations
R5621,C51,2026-07-31,5,Great product and fast delivery,Normal Operations
R5622,C49747,2026-07-31,5,Customer service was helpful,Normal Operations
R5623,C11629,2026-07-31,4,Excellent shopping experience,Normal Operations
R5624,C87158,2026-07-31,4,Great product and fast delivery,Normal Operations
R5625,C89974,2026-08-01,5,Customer service was helpful,Normal Operations
R5626,C64199,2026-08-01,4,Great product and fast delivery,Normal Operations
R5627,C32601,2026-08-01,5,Received order on time,Normal Operations
R5628,C21165,2026-08-01,4,Great product and fast delivery,Normal Operations
R5629,C31416,2026-08-01,4,Very satisfied with my purchase,Normal Operations
R5630,C71896,2026-08-01,5,Very satisfied with my purchase,Normal Operations
R5631,C75830,2026-08-01,4,Good quality product,Normal Operations
R5632,C616,2026-08-01,5,Easy checkout process,Normal Operations
R5633,C41937,2026-08-01,5,Good quality product,Normal Operations
R5634,C67876,2026-08-01,4,Good quality product,Normal Operations
R5635,C23759,2026-08-01,5,Customer service was helpful,Normal Operations
R5636,C82299,2026-08-01,5,Received order on time,Normal Operations
R5637,C25623,2026-08-01,4,Excellent shopping experience,Normal Operations
R5638,C35540,2026-08-01,4,Will buy again from this store,Normal Operations
R5639,C85164,2026-08-01,5,Received order on time,Normal Operations
R5640,C16690,2026-08-01,5,Very satisfied with my purchase,Normal Operations
R5641,C959,2026-08-01,4,Received order on time,Normal Operations
R5642,C60013,2026-08-01,4,Excellent shopping experience,Normal Operations
R5643,C50783,2026-08-01,4,Easy checkout process,Normal Operations
R5644,C206,2026-08-02,4,Easy checkout process,Normal Operations
R5645,C91645,2026-08-02,5,Excellent shopping experience,Normal Operations
R5646,C19505,2026-08-02,5,Received order on time,Normal Operations
R5647,C58052,2026-08-02,5,Customer service was helpful,Normal Operations
R5648,C78920,2026-08-02,5,Customer service was helpful,Normal Operations
R5649,C46983,2026-08-02,5,Great product and fast delivery,Normal Operations
R5650,C34572,2026-08-02,5,Good quality product,Normal Operations
R5651,C84219,2026-08-02,5,Will buy again from this store,Normal Operations
R5652,C45169,2026-08-02,5,Customer service was helpful,Normal Operations
R5653,C11231,2026-08-02,4,Easy checkout process,Normal Operations
R5654,C27051,2026-08-02,5,Very satisfied with my purchase,Normal Operations
R5655,C69111,2026-08-02,5,Very satisfied with my purchase,Normal Operations
R5656,C19576,2026-08-02,4,Excellent shopping experience,Normal Operations
R5657,C14963,2026-08-02,5,Good quality product,Normal Operations
R5658,C90389,2026-08-02,5,Easy checkout process,Normal Operations
R5659,C24451,2026-08-02,4,Good quality product,Normal Operations
R5660,C45038,2026-08-02,5,Customer service was helpful,Normal Operations
R5661,C83041,2026-08-02,5,Easy checkout process,Normal Operations
R5662,C68907,2026-08-03,5,Excellent shopping experience,Normal Operations
R5663,C37076,2026-08-03,5,Customer service was helpful,Normal Operations
R5664,C56144,2026-08-03,5,Received order on time,Normal Operations
R5665,C2414,2026-08-03,5,Received order on time,Normal Operations
R5666,C10953,2026-08-03,5,Great product and fast delivery,Normal Operations
R5667,C66687,2026-08-03,4,Excellent shopping experience,Normal Operations
R5668,C47554,2026-08-03,4,Excellent shopping experience,Normal Operations
R5669,C9809,2026-08-03,4,Will buy again from this store,Normal Operations
R5670,C69618,2026-08-03,5,Easy checkout process,Normal Operations
R5671,C68208,2026-08-03,5,Customer service was helpful,Normal Operations
R5672,C84545,2026-08-03,5,Received order on time,Normal Operations
R5673,C99252,2026-08-03,4,Received order on time,Normal Operations
R5674,C28175,2026-08-03,4,Excellent shopping experience,Normal Operations
R5675,C51320,2026-08-03,5,Customer service was helpful,Normal Operations
R5676,C39301,2026-08-03,5,Great product and fast delivery,Normal Operations
R5677,C74330,2026-08-04,5,Will buy again from this store,Normal Operations
R5678,C33972,2026-08-04,5,Will buy again from this store,Normal Operations
R5679,C60041,2026-08-04,5,Great product and fast delivery,Normal Operations
R5680,C60617,2026-08-04,5,Excellent shopping experience,Normal Operations
R5681,C40155,2026-08-04,4,Very satisfied with my purchase,Normal Operations
R5682,C19051,2026-08-04,4,Received order on time,Normal Operations
R5683,C50397,2026-08-04,5,Very satisfied with my purchase,Normal Operations
R5684,C88117,2026-08-04,5,Customer service was helpful,Normal Operations
R5685,C90156,2026-08-04,4,Excellent shopping experience,Normal Operations
R5686,C62168,2026-08-04,5,Received order on time,Normal Operations
R5687,C43828,2026-08-04,4,Received order on time,Normal Operations
R5688,C21678,2026-08-04,5,Will buy again from this store,Normal Operations
R5689,C83612,2026-08-04,5,Will buy again from this store,Normal Operations
R5690,C75676,2026-08-04,4,Excellent shopping experience,Normal Operations
R5691,C56197,2026-08-04,4,Very satisfied with my purchase,Normal Operations
R5692,C50120,2026-08-04,4,Very satisfied with my purchase,Normal Operations
R5693,C81081,2026-08-04,5,Good quality product,Normal Operations
R5694,C19353,2026-08-04,5,Customer service was helpful,Normal Operations
R5695,C43756,2026-08-04,4,Very satisfied with my purchase,Normal Operations
R5696,C37922,2026-08-04,5,Great product and fast delivery,Normal Operations
R5697,C55176,2026-08-04,5,Received order on time,Normal Operations
R5698,C46150,2026-08-04,5,Easy checkout process,Normal Operations
R5699,C2156,2026-08-04,4,Very satisfied with my purchase,Normal Operations
R5700,C26191,2026-08-05,4,Easy checkout process,Normal Operations
R5701,C74135,2026-08-05,5,Will buy again from this store,Normal Operations
R5702,C48975,2026-08-05,5,Received order on time,Normal Operations
R5703,C79456,2026-08-05,5,Will buy again from this store,Normal Operations
R5704,C37678,2026-08-05,4,Good quality product,Normal Operations
R5705,C58974,2026-08-05,4,Excellent shopping experience,Normal Operations
R5706,C29693,2026-08-05,5,Customer service was helpful,Normal Operations
R5707,C21761,2026-08-05,4,Customer service was helpful,Normal Operations
R5708,C22926,2026-08-05,5,Great product and fast delivery,Normal Operations
R5709,C68320,2026-08-05,4,Will buy again from this store,Normal Operations
R5710,C19193,2026-08-05,4,Very satisfied with my purchase,Normal Operations
R5711,C49950,2026-08-05,4,Received order on time,Normal Operations
R5712,C52244,2026-08-05,4,Customer service was helpful,Normal Operations
R5713,C78312,2026-08-05,4,Customer service was helpful,Normal Operations
R5714,C87974,2026-08-05,4,Very satisfied with my purchase,Normal Operations
R5715,C94521,2026-08-06,5,Received order on time,Normal Operations
R5716,C37539,2026-08-06,4,Customer service was helpful,Normal Operations
R5717,C99342,2026-08-06,5,Excellent shopping experience,Normal Operations
R5718,C24833,2026-08-06,5,Easy checkout process,Normal Operations
R5719,C4074,2026-08-06,4,Excellent shopping experience,Normal Operations
R5720,C55098,2026-08-06,5,Received order on time,Normal Operations
R5721,C94962,2026-08-06,5,Will buy again from this store,Normal Operations
R5722,C71032,2026-08-06,5,Easy checkout process,Normal Operations
R5723,C8470,2026-08-06,4,Excellent shopping experience,Normal Operations
R5724,C19929,2026-08-06,5,Will buy again from this store,Normal Operations
R5725,C66505,2026-08-06,5,Excellent shopping experience,Normal Operations
R5726,C32260,2026-08-06,4,Customer service was helpful,Normal Operations
R5727,C97557,2026-08-06,4,Very satisfied with my purchase,Normal Operations
R5728,C4371,2026-08-06,5,Great product and fast delivery,Normal Operations
R5729,C3135,2026-08-06,5,Customer service was helpful,Normal Operations
R5730,C33823,2026-08-06,5,Received order on time,Normal Operations
R5731,C96103,2026-08-06,5,Excellent shopping experience,Normal Operations
R5732,C12939,2026-08-06,5,Very satisfied with my purchase,Normal Operations
R5733,C64576,2026-08-06,5,Very satisfied with my purchase,Normal Operations
R5734,C96823,2026-08-06,4,Excellent shopping experience,Normal Operations
R5735,C94464,2026-08-06,4,Excellent shopping experience,Normal Operations
R5736,C15199,2026-08-07,4,Customer service was helpful,Normal Operations
R5737,C50800,2026-08-07,5,Customer service was helpful,Normal Operations
R5738,C43008,2026-08-07,5,Good quality product,Normal Operations
R5739,C84055,2026-08-07,5,Customer service was helpful,Normal Operations
R5740,C85824,2026-08-07,5,Easy checkout process,Normal Operations
R5741,C25477,2026-08-07,5,Very satisfied with my purchase,Normal Operations
R5742,C34063,2026-08-07,5,Received order on time,Normal Operations
R5743,C21674,2026-08-07,5,Great product and fast delivery,Normal Operations
R5744,C88637,2026-08-07,5,Will buy again from this store,Normal Operations
R5745,C84547,2026-08-07,5,Customer service was helpful,Normal Operations
R5746,C29779,2026-08-07,4,Very satisfied with my purchase,Normal Operations
R5747,C9276,2026-08-07,5,Received order on time,Normal Operations
R5748,C72469,2026-08-07,4,Customer service was helpful,Normal Operations
R5749,C18202,2026-08-07,5,Great product and fast delivery,Normal Operations
R5750,C15000,2026-08-07,4,Customer service was helpful,Normal Operations
R5751,C3477,2026-08-07,5,Will buy again from this store,Normal Operations
R5752,C91270,2026-08-07,5,Excellent shopping experience,Normal Operations
R5753,C20616,2026-08-07,4,Easy checkout process,Normal Operations
R5754,C29560,2026-08-07,4,Good quality product,Normal Operations
R5755,C44986,2026-08-07,5,Great product and fast delivery,Normal Operations
R5756,C34095,2026-08-08,4,Received order on time,Normal Operations
R5757,C83139,2026-08-08,4,Excellent shopping experience,Normal Operations
R5758,C50823,2026-08-08,4,Very satisfied with my purchase,Normal Operations
R5759,C32090,2026-08-08,4,Received order on time,Normal Operations
R5760,C30030,2026-08-08,5,Received order on time,Normal Operations
R5761,C39043,2026-08-08,5,Will buy again from this store,Normal Operations
R5762,C90934,2026-08-08,5,Excellent shopping experience,Normal Operations
R5763,C43740,2026-08-08,5,Very satisfied with my purchase,Normal Operations
R5764,C39117,2026-08-08,4,Very satisfied with my purchase,Normal Operations
R5765,C17581,2026-08-08,4,Easy checkout process,Normal Operations
R5766,C92009,2026-08-08,5,Good quality product,Normal Operations
R5767,C82456,2026-08-08,4,Good quality product,Normal Operations
R5768,C76356,2026-08-08,5,Good quality product,Normal Operations
R5769,C17334,2026-08-08,4,Excellent shopping experience,Normal Operations
R5770,C98848,2026-08-08,5,Good quality product,Normal Operations
R5771,C46527,2026-08-08,5,Good quality product,Normal Operations
R5772,C90481,2026-08-09,5,Easy checkout process,Normal Operations
R5773,C4602,2026-08-09,4,Great product and fast delivery,Normal Operations
R5774,C17840,2026-08-09,4,Easy checkout process,Normal Operations
R5775,C27849,2026-08-09,5,Excellent shopping experience,Normal Operations
R5776,C40855,2026-08-09,5,Very satisfied with my purchase,Normal Operations
R5777,C31559,2026-08-09,5,Easy checkout process,Normal Operations
R5778,C84815,2026-08-09,5,Excellent shopping experience,Normal Operations
R5779,C59262,2026-08-09,5,Great product and fast delivery,Normal Operations
R5780,C87192,2026-08-09,4,Customer service was helpful,Normal Operations
R5781,C45077,2026-08-09,5,Customer service was helpful,Normal Operations
R5782,C3144,2026-08-09,4,Very satisfied with my purchase,Normal Operations
R5783,C31301,2026-08-09,4,Very satisfied with my purchase,Normal Operations
R5784,C50630,2026-08-09,5,Customer service was helpful,Normal Operations
R5785,C7552,2026-08-09,4,Customer service was helpful,Normal Operations
R5786,C56423,2026-08-09,4,Easy checkout process,Normal Operations
R5787,C67783,2026-08-09,4,Good quality product,Normal Operations
R5788,C63412,2026-08-09,4,Will buy again from this store,Normal Operations
R5789,C889,2026-08-09,5,Very satisfied with my purchase,Normal Operations
R5790,C29425,2026-08-09,5,Will buy again from this store,Normal Operations
R5791,C11076,2026-08-09,4,Will buy again from this store,Normal Operations
R5792,C39306,2026-08-10,4,Great product and fast delivery,Normal Operations
R5793,C30086,2026-08-10,4,Very satisfied with my purchase,Normal Operations
R5794,C92175,2026-08-10,4,Will buy again from this store,Normal Operations
R5795,C57334,2026-08-10,5,Received order on time,Normal Operations
R5796,C34355,2026-08-10,5,Will buy again from this store,Normal Operations
R5797,C89536,2026-08-10,5,Excellent shopping experience,Normal Operations
R5798,C16058,2026-08-10,5,Good quality product,Normal Operations
R5799,C78994,2026-08-10,4,Customer service was helpful,Normal Operations
R5800,C9869,2026-08-10,5,Very satisfied with my purchase,Normal Operations
R5801,C33150,2026-08-10,5,Easy checkout process,Normal Operations
R5802,C23685,2026-08-10,5,Good quality product,Normal Operations
R5803,C59205,2026-08-10,5,Easy checkout process,Normal Operations
R5804,C90430,2026-08-10,4,Received order on time,Normal Operations
R5805,C57256,2026-08-10,5,Very satisfied with my purchase,Normal Operations
R5806,C31237,2026-08-10,5,Excellent shopping experience,Normal Operations
R5807,C83121,2026-08-10,4,Good quality product,Normal Operations
R5808,C27278,2026-08-10,4,Easy checkout process,Normal Operations
R5809,C89894,2026-08-10,5,Customer service was helpful,Normal Operations
R5810,C30845,2026-08-10,4,Will buy again from this store,Normal Operations
R5811,C83188,2026-08-11,5,Great product and fast delivery,Normal Operations
R5812,C84611,2026-08-11,5,Customer service was helpful,Normal Operations
R5813,C36791,2026-08-11,4,Easy checkout process,Normal Operations
R5814,C30886,2026-08-11,5,Good quality product,Normal Operations
R5815,C48111,2026-08-11,5,Customer service was helpful,Normal Operations
R5816,C9590,2026-08-11,5,Customer service was helpful,Normal Operations
R5817,C85773,2026-08-11,5,Very satisfied with my purchase,Normal Operations
R5818,C25689,2026-08-11,5,Received order on time,Normal Operations
R5819,C75020,2026-08-11,4,Great product and fast delivery,Normal Operations
R5820,C45218,2026-08-11,4,Excellent shopping experience,Normal Operations
R5821,C33747,2026-08-11,4,Easy checkout process,Normal Operations
R5822,C11024,2026-08-11,5,Very satisfied with my purchase,Normal Operations
R5823,C54282,2026-08-11,4,Received order on time,Normal Operations
R5824,C86729,2026-08-11,5,Excellent shopping experience,Normal Operations
R5825,C11448,2026-08-11,4,Received order on time,Normal Operations
R5826,C75666,2026-08-11,4,Easy checkout process,Normal Operations
R5827,C38197,2026-08-11,5,Customer service was helpful,Normal Operations
R5828,C2590,2026-08-11,4,Excellent shopping experience,Normal Operations
R5829,C92450,2026-08-11,4,Great product and fast delivery,Normal Operations
R5830,C76945,2026-08-11,5,Will buy again from this store,Normal Operations
R5831,C61105,2026-08-12,5,Excellent shopping experience,Normal Operations
R5832,C95534,2026-08-12,5,Great product and fast delivery,Normal Operations
R5833,C58946,2026-08-12,4,Very satisfied with my purchase,Normal Operations
R5834,C86247,2026-08-12,4,Will buy again from this store,Normal Operations
R5835,C16144,2026-08-12,5,Very satisfied with my purchase,Normal Operations
R5836,C80263,2026-08-12,4,Great product and fast delivery,Normal Operations
R5837,C71520,2026-08-12,4,Received order on time,Normal Operations
R5838,C60198,2026-08-12,4,Easy checkout process,Normal Operations
R5839,C52956,2026-08-12,4,Very satisfied with my purchase,Normal Operations
R5840,C41912,2026-08-12,4,Customer service was helpful,Normal Operations
R5841,C22792,2026-08-12,4,Customer service was helpful,Normal Operations
R5842,C98530,2026-08-12,4,Very satisfied with my purchase,Normal Operations
R5843,C98918,2026-08-12,4,Great product and fast delivery,Normal Operations
R5844,C41771,2026-08-12,5,Easy checkout process,Normal Operations
R5845,C29486,2026-08-12,5,Good quality product,Normal Operations
R5846,C32472,2026-08-12,5,Very satisfied with my purchase,Normal Operations
R5847,C88152,2026-08-12,4,Will buy again from this store,Normal Operations
R5848,C72266,2026-08-12,5,Customer service was helpful,Normal Operations
R5849,C55166,2026-08-13,4,Received order on time,Normal Operations
R5850,C13301,2026-08-13,4,Good quality product,Normal Operations
R5851,C19333,2026-08-13,4,Good quality product,Normal Operations
R5852,C41998,2026-08-13,5,Received order on time,Normal Operations
R5853,C25368,2026-08-13,5,Will buy again from this store,Normal Operations
R5854,C982,2026-08-13,4,Customer service was helpful,Normal Operations
R5855,C90856,2026-08-13,5,Excellent shopping experience,Normal Operations
R5856,C91866,2026-08-13,5,Easy checkout process,Normal Operations
R5857,C83912,2026-08-13,4,Very satisfied with my purchase,Normal Operations
R5858,C57936,2026-08-13,4,Great product and fast delivery,Normal Operations
R5859,C68409,2026-08-13,4,Excellent shopping experience,Normal Operations
R5860,C94806,2026-08-13,4,Great product and fast delivery,Normal Operations
R5861,C38063,2026-08-13,5,Great product and fast delivery,Normal Operations
R5862,C62980,2026-08-13,5,Very satisfied with my purchase,Normal Operations
R5863,C76971,2026-08-13,5,Very satisfied with my purchase,Normal Operations
R5864,C16637,2026-08-13,5,Very satisfied with my purchase,Normal Operations
R5865,C76865,2026-08-14,4,Will buy again from this store,Normal Operations
R5866,C9459,2026-08-14,4,Very satisfied with my purchase,Normal Operations
R5867,C41401,2026-08-14,4,Excellent shopping experience,Normal Operations
R5868,C36528,2026-08-14,5,Good quality product,Normal Operations
R5869,C1113,2026-08-14,4,Great product and fast delivery,Normal Operations
R5870,C48356,2026-08-14,5,Excellent shopping experience,Normal Operations
R5871,C60483,2026-08-14,4,Excellent shopping experience,Normal Operations
R5872,C56626,2026-08-14,4,Easy checkout process,Normal Operations
R5873,C71247,2026-08-14,5,Will buy again from this store,Normal Operations
R5874,C20968,2026-08-14,4,Good quality product,Normal Operations
R5875,C58349,2026-08-14,5,Excellent shopping experience,Normal Operations
R5876,C87352,2026-08-14,5,Good quality product,Normal Operations
R5877,C83626,2026-08-14,4,Will buy again from this store,Normal Operations
R5878,C2507,2026-08-14,4,Very satisfied with my purchase,Normal Operations
R5879,C44841,2026-08-14,4,Great product and fast delivery,Normal Operations
R5880,C59322,2026-08-14,5,Great product and fast delivery,Normal Operations
R5881,C3091,2026-08-14,5,Will buy again from this store,Normal Operations
R5882,C94672,2026-08-14,4,Excellent shopping experience,Normal Operations
R5883,C21662,2026-08-14,5,Received order on time,Normal Operations
R5884,C12085,2026-08-15,5,Good quality product,Normal Operations
R5885,C94329,2026-08-15,4,Received order on time,Normal Operations
R5886,C24199,2026-08-15,4,Very satisfied with my purchase,Normal Operations
R5887,C47200,2026-08-15,5,Excellent shopping experience,Normal Operations
R5888,C8037,2026-08-15,4,Excellent shopping experience,Normal Operations
R5889,C37444,2026-08-15,4,Good quality product,Normal Operations
R5890,C77565,2026-08-15,5,Will buy again from this store,Normal Operations
R5891,C19632,2026-08-15,5,Will buy again from this store,Normal Operations
R5892,C19898,2026-08-15,5,Good quality product,Normal Operations
R5893,C26898,2026-08-15,5,Received order on time,Normal Operations
R5894,C57321,2026-08-15,5,Great product and fast delivery,Normal Operations
R5895,C31942,2026-08-15,4,Great product and fast delivery,Normal Operations
R5896,C3377,2026-08-15,5,Good quality product,Normal Operations
R5897,C16448,2026-08-15,5,Will buy again from this store,Normal Operations
R5898,C4859,2026-08-15,4,Excellent shopping experience,Normal Operations
R5899,C82061,2026-08-15,4,Received order on time,Normal Operations
R5900,C5365,2026-08-16,4,Received order on time,Normal Operations
R5901,C21079,2026-08-16,4,Excellent shopping experience,Normal Operations
R5902,C62625,2026-08-16,4,Customer service was helpful,Normal Operations
R5903,C36371,2026-08-16,4,Received order on time,Normal Operations
R5904,C79922,2026-08-16,5,Great product and fast delivery,Normal Operations
R5905,C84874,2026-08-16,4,Will buy again from this store,Normal Operations
R5906,C91151,2026-08-16,5,Received order on time,Normal Operations
R5907,C16247,2026-08-16,4,Received order on time,Normal Operations
R5908,C20578,2026-08-16,4,Great product and fast delivery,Normal Operations
R5909,C11302,2026-08-16,5,Customer service was helpful,Normal Operations
R5910,C892,2026-08-16,4,Received order on time,Normal Operations
R5911,C54436,2026-08-16,5,Good quality product,Normal Operations
R5912,C22837,2026-08-16,5,Good quality product,Normal Operations
R5913,C22779,2026-08-16,4,Very satisfied with my purchase,Normal Operations
R5914,C24233,2026-08-16,5,Easy checkout process,Normal Operations
R5915,C61197,2026-08-16,4,Easy checkout process,Normal Operations
R5916,C69435,2026-08-16,5,Received order on time,Normal Operations
R5917,C79346,2026-08-16,5,Received order on time,Normal Operations
R5918,C64386,2026-08-17,4,Excellent shopping experience,Normal Operations
R5919,C40377,2026-08-17,4,Excellent shopping experience,Normal Operations
R5920,C77401,2026-08-17,4,Excellent shopping experience,Normal Operations
R5921,C99221,2026-08-17,4,Customer service was helpful,Normal Operations
R5922,C36776,2026-08-17,4,Good quality product,Normal Operations
R5923,C86718,2026-08-17,4,Excellent shopping experience,Normal Operations
R5924,C76498,2026-08-17,4,Great product and fast delivery,Normal Operations
R5925,C91641,2026-08-17,4,Excellent shopping experience,Normal Operations
R5926,C4744,2026-08-17,4,Very satisfied with my purchase,Normal Operations
R5927,C56978,2026-08-17,5,Will buy again from this store,Normal Operations
R5928,C41909,2026-08-17,5,Very satisfied with my purchase,Normal Operations
R5929,C8220,2026-08-17,5,Received order on time,Normal Operations
R5930,C16544,2026-08-17,5,Received order on time,Normal Operations
R5931,C78951,2026-08-17,5,Good quality product,Normal Operations
R5932,C80544,2026-08-17,4,Very satisfied with my purchase,Normal Operations
R5933,C21384,2026-08-17,5,Will buy again from this store,Normal Operations
R5934,C13182,2026-08-17,4,Easy checkout process,Normal Operations
R5935,C96405,2026-08-17,5,Easy checkout process,Normal Operations
R5936,C48018,2026-08-17,4,Customer service was helpful,Normal Operations
R5937,C39586,2026-08-18,5,Received order on time,Normal Operations
R5938,C22943,2026-08-18,5,Received order on time,Normal Operations
R5939,C24266,2026-08-18,4,Received order on time,Normal Operations
R5940,C81561,2026-08-18,5,Will buy again from this store,Normal Operations
R5941,C64006,2026-08-18,5,Received order on time,Normal Operations
R5942,C1608,2026-08-18,5,Excellent shopping experience,Normal Operations
R5943,C56306,2026-08-18,4,Customer service was helpful,Normal Operations
R5944,C81072,2026-08-18,4,Very satisfied with my purchase,Normal Operations
R5945,C42239,2026-08-18,5,Great product and fast delivery,Normal Operations
R5946,C40694,2026-08-18,5,Customer service was helpful,Normal Operations
R5947,C69703,2026-08-18,5,Will buy again from this store,Normal Operations
R5948,C9279,2026-08-18,4,Very satisfied with my purchase,Normal Operations
R5949,C33540,2026-08-18,5,Great product and fast delivery,Normal Operations
R5950,C26246,2026-08-18,5,Great product and fast delivery,Normal Operations
R5951,C1152,2026-08-18,5,Excellent shopping experience,Normal Operations
R5952,C45303,2026-08-18,4,Easy checkout process,Normal Operations
R5953,C71840,2026-08-19,4,Will buy again from this store,Normal Operations
R5954,C86299,2026-08-19,5,Excellent shopping experience,Normal Operations
R5955,C31276,2026-08-19,4,Received order on time,Normal Operations
R5956,C68909,2026-08-19,5,Very satisfied with my purchase,Normal Operations
R5957,C91353,2026-08-19,5,Received order on time,Normal Operations
R5958,C34248,2026-08-19,4,Customer service was helpful,Normal Operations
R5959,C70684,2026-08-19,5,Easy checkout process,Normal Operations
R5960,C80,2026-08-19,4,Will buy again from this store,Normal Operations
R5961,C67760,2026-08-19,5,Easy checkout process,Normal Operations
R5962,C17508,2026-08-19,5,Excellent shopping experience,Normal Operations
R5963,C35392,2026-08-19,5,Easy checkout process,Normal Operations
R5964,C7486,2026-08-19,4,Received order on time,Normal Operations
R5965,C95321,2026-08-19,5,Good quality product,Normal Operations
R5966,C37749,2026-08-19,5,Received order on time,Normal Operations
R5967,C20882,2026-08-19,4,Customer service was helpful,Normal Operations
R5968,C9959,2026-08-19,5,Easy checkout process,Normal Operations
R5969,C15494,2026-08-19,4,Excellent shopping experience,Normal Operations
R5970,C65793,2026-08-19,4,Excellent shopping experience,Normal Operations
R5971,C49003,2026-08-19,4,Great product and fast delivery,Normal Operations
R5972,C99927,2026-08-19,5,Received order on time,Normal Operations
R5973,C41411,2026-08-19,5,Great product and fast delivery,Normal Operations
R5974,C61073,2026-08-19,4,Excellent shopping experience,Normal Operations
R5975,C53327,2026-08-19,5,Received order on time,Normal Operations
R5976,C46053,2026-08-20,4,Great product and fast delivery,Normal Operations
R5977,C92115,2026-08-20,5,Will buy again from this store,Normal Operations
R5978,C87754,2026-08-20,4,Received order on time,Normal Operations
R5979,C11094,2026-08-20,5,Received order on time,Normal Operations
R5980,C98123,2026-08-20,5,Good quality product,Normal Operations
R5981,C47288,2026-08-20,5,Customer service was helpful,Normal Operations
R5982,C84043,2026-08-20,5,Will buy again from this store,Normal Operations
R5983,C92663,2026-08-20,4,Received order on time,Normal Operations
R5984,C76476,2026-08-20,4,Easy checkout process,Normal Operations
R5985,C89896,2026-08-20,5,Easy checkout process,Normal Operations
R5986,C27316,2026-08-20,5,Easy checkout process,Normal Operations
R5987,C41582,2026-08-20,5,Will buy again from this store,Normal Operations
R5988,C97358,2026-08-20,5,Excellent shopping experience,Normal Operations
R5989,C92450,2026-08-20,4,Excellent shopping experience,Normal Operations
R5990,C26571,2026-08-20,4,Great product and fast delivery,Normal Operations
R5991,C55468,2026-08-20,4,Easy checkout process,Normal Operations
R5992,C43806,2026-08-20,5,Easy checkout process,Normal Operations
R5993,C68265,2026-08-20,5,Customer service was helpful,Normal Operations
R5994,C70475,2026-08-20,5,Received order on time,Normal Operations
R5995,C85514,2026-08-20,4,Easy checkout process,Normal Operations
R5996,C25576,2026-08-21,4,Good quality product,Normal Operations
R5997,C24401,2026-08-21,5,Will buy again from this store,Normal Operations
R5998,C23695,2026-08-21,4,Easy checkout process,Normal Operations
R5999,C63875,2026-08-21,4,Good quality product,Normal Operations
R6000,C44201,2026-08-21,4,Very satisfied with my purchase,Normal Operations
R6001,C52269,2026-08-21,5,Easy checkout process,Normal Operations
R6002,C57301,2026-08-21,4,Easy checkout process,Normal Operations
R6003,C75148,2026-08-21,5,Received order on time,Normal Operations
R6004,C3761,2026-08-21,4,Great product and fast delivery,Normal Operations
R6005,C87478,2026-08-21,4,Good quality product,Normal Operations
R6006,C43131,2026-08-21,5,Customer service was helpful,Normal Operations
R6007,C51414,2026-08-21,5,Excellent shopping experience,Normal Operations
R6008,C29640,2026-08-21,5,Excellent shopping experience,Normal Operations
R6009,C13080,2026-08-21,5,Very satisfied with my purchase,Normal Operations
R6010,C52143,2026-08-21,5,Will buy again from this store,Normal Operations
R6011,C92931,2026-08-21,4,Will buy again from this store,Normal Operations
R6012,C70064,2026-08-21,4,Very satisfied with my purchase,Normal Operations
R6013,C528,2026-08-22,5,Received order on time,Normal Operations
R6014,C95837,2026-08-22,4,Excellent shopping experience,Normal Operations
R6015,C93677,2026-08-22,5,Good quality product,Normal Operations
R6016,C42731,2026-08-22,5,Customer service was helpful,Normal Operations
R6017,C3324,2026-08-22,5,Received order on time,Normal Operations
R6018,C50512,2026-08-22,5,Very satisfied with my purchase,Normal Operations
R6019,C15438,2026-08-22,5,Easy checkout process,Normal Operations
R6020,C10848,2026-08-22,5,Will buy again from this store,Normal Operations
R6021,C13488,2026-08-22,4,Good quality product,Normal Operations
R6022,C11256,2026-08-22,5,Great product and fast delivery,Normal Operations
R6023,C21306,2026-08-22,5,Good quality product,Normal Operations
R6024,C89567,2026-08-22,4,Will buy again from this store,Normal Operations
R6025,C39606,2026-08-22,4,Easy checkout process,Normal Operations
R6026,C27882,2026-08-22,4,Good quality product,Normal Operations
R6027,C35298,2026-08-22,5,Excellent shopping experience,Normal Operations
R6028,C83453,2026-08-22,4,Excellent shopping experience,Normal Operations
R6029,C34190,2026-08-22,5,Good quality product,Normal Operations
R6030,C84739,2026-08-22,4,Customer service was helpful,Normal Operations
R6031,C1196,2026-08-22,4,Very satisfied with my purchase,Normal Operations
R6032,C5306,2026-08-22,5,Very satisfied with my purchase,Normal Operations
R6033,C48649,2026-08-22,5,Received order on time,Normal Operations
R6034,C42643,2026-08-22,4,Easy checkout process,Normal Operations
R6035,C6679,2026-08-23,4,Excellent shopping experience,Normal Operations
R6036,C86941,2026-08-23,5,Excellent shopping experience,Normal Operations
R6037,C44186,2026-08-23,4,Will buy again from this store,Normal Operations
R6038,C46236,2026-08-23,5,Customer service was helpful,Normal Operations
R6039,C88302,2026-08-23,5,Great product and fast delivery,Normal Operations
R6040,C5819,2026-08-23,5,Very satisfied with my purchase,Normal Operations
R6041,C27313,2026-08-23,5,Customer service was helpful,Normal Operations
R6042,C70991,2026-08-23,4,Good quality product,Normal Operations
R6043,C86725,2026-08-23,5,Customer service was helpful,Normal Operations
R6044,C64043,2026-08-23,5,Received order on time,Normal Operations
R6045,C23103,2026-08-23,5,Very satisfied with my purchase,Normal Operations
R6046,C31958,2026-08-23,5,Excellent shopping experience,Normal Operations
R6047,C73886,2026-08-23,5,Great product and fast delivery,Normal Operations
R6048,C50479,2026-08-23,4,Will buy again from this store,Normal Operations
R6049,C10761,2026-08-23,4,Received order on time,Normal Operations
R6050,C25224,2026-08-23,4,Great product and fast delivery,Normal Operations
R6051,C61586,2026-08-23,5,Easy checkout process,Normal Operations
R6052,C24241,2026-08-23,4,Easy checkout process,Normal Operations
R6053,C51501,2026-08-23,5,Will buy again from this store,Normal Operations
R6054,C80597,2026-08-23,4,Very satisfied with my purchase,Normal Operations
R6055,C63653,2026-08-23,5,Very satisfied with my purchase,Normal Operations
R6056,C65715,2026-08-24,5,Will buy again from this store,Normal Operations
R6057,C41966,2026-08-24,5,Very satisfied with my purchase,Normal Operations
R6058,C43716,2026-08-24,4,Excellent shopping experience,Normal Operations
R6059,C28318,2026-08-24,5,Easy checkout process,Normal Operations
R6060,C930,2026-08-24,5,Will buy again from this store,Normal Operations
R6061,C98725,2026-08-24,4,Customer service was helpful,Normal Operations
R6062,C95968,2026-08-24,5,Good quality product,Normal Operations
R6063,C71348,2026-08-24,4,Customer service was helpful,Normal Operations
R6064,C13528,2026-08-24,5,Received order on time,Normal Operations
R6065,C69586,2026-08-24,4,Received order on time,Normal Operations
R6066,C44262,2026-08-24,4,Excellent shopping experience,Normal Operations
R6067,C67114,2026-08-24,4,Great product and fast delivery,Normal Operations
R6068,C28860,2026-08-24,5,Customer service was helpful,Normal Operations
R6069,C36346,2026-08-24,4,Great product and fast delivery,Normal Operations
R6070,C69429,2026-08-24,5,Customer service was helpful,Normal Operations
R6071,C16120,2026-08-24,4,Great product and fast delivery,Normal Operations
R6072,C38597,2026-08-24,5,Excellent shopping experience,Normal Operations
R6073,C22341,2026-08-24,5,Will buy again from this store,Normal Operations
R6074,C6669,2026-08-24,4,Received order on time,Normal Operations
R6075,C57996,2026-08-24,5,Great product and fast delivery,Normal Operations
R6076,C16077,2026-08-24,5,Great product and fast delivery,Normal Operations
R6077,C64724,2026-08-24,4,Great product and fast delivery,Normal Operations
R6078,C27107,2026-08-24,4,Easy checkout process,Normal Operations
R6079,C99474,2026-08-25,4,Excellent shopping experience,Normal Operations
R6080,C74711,2026-08-25,5,Excellent shopping experience,Normal Operations
R6081,C4993,2026-08-25,4,Great product and fast delivery,Normal Operations
R6082,C45834,2026-08-25,5,Good quality product,Normal Operations
R6083,C66004,2026-08-25,4,Customer service was helpful,Normal Operations
R6084,C89200,2026-08-25,5,Great product and fast delivery,Normal Operations
R6085,C37490,2026-08-25,5,Customer service was helpful,Normal Operations
R6086,C28274,2026-08-25,5,Received order on time,Normal Operations
R6087,C13680,2026-08-25,5,Excellent shopping experience,Normal Operations
R6088,C60684,2026-08-25,4,Very satisfied with my purchase,Normal Operations
R6089,C76575,2026-08-25,4,Very satisfied with my purchase,Normal Operations
R6090,C58736,2026-08-25,4,Very satisfied with my purchase,Normal Operations
R6091,C35272,2026-08-25,5,Easy checkout process,Normal Operations
R6092,C23440,2026-08-25,4,Will buy again from this store,Normal Operations
R6093,C82320,2026-08-25,4,Easy checkout process,Normal Operations
R6094,C83460,2026-08-25,4,Customer service was helpful,Normal Operations
R6095,C23570,2026-08-25,4,Excellent shopping experience,Normal Operations
R6096,C87972,2026-08-25,5,Customer service was helpful,Normal Operations
R6097,C32400,2026-08-25,5,Great product and fast delivery,Normal Operations
R6098,C85871,2026-08-25,4,Received order on time,Normal Operations
R6099,C96622,2026-08-26,5,Excellent shopping experience,Normal Operations
R6100,C60343,2026-08-26,4,Easy checkout process,Normal Operations
R6101,C38561,2026-08-26,4,Received order on time,Normal Operations
R6102,C60497,2026-08-26,5,Customer service was helpful,Normal Operations
R6103,C70442,2026-08-26,4,Very satisfied with my purchase,Normal Operations
R6104,C96729,2026-08-26,5,Customer service was helpful,Normal Operations
R6105,C7289,2026-08-26,5,Will buy again from this store,Normal Operations
R6106,C81123,2026-08-26,4,Easy checkout process,Normal Operations
R6107,C1568,2026-08-26,4,Customer service was helpful,Normal Operations
R6108,C11136,2026-08-26,5,Customer service was helpful,Normal Operations
R6109,C9685,2026-08-26,5,Good quality product,Normal Operations
R6110,C58553,2026-08-26,5,Will buy again from this store,Normal Operations
R6111,C46807,2026-08-26,4,Customer service was helpful,Normal Operations
R6112,C53047,2026-08-26,5,Easy checkout process,Normal Operations
R6113,C2964,2026-08-26,4,Easy checkout process,Normal Operations
R6114,C95778,2026-08-26,4,Great product and fast delivery,Normal Operations
R6115,C80299,2026-08-26,5,Very satisfied with my purchase,Normal Operations
R6116,C70648,2026-08-26,4,Good quality product,Normal Operations
R6117,C42231,2026-08-26,5,Excellent shopping experience,Normal Operations
R6118,C54021,2026-08-26,5,Will buy again from this store,Normal Operations
R6119,C3532,2026-08-26,4,Excellent shopping experience,Normal Operations
R6120,C6230,2026-08-26,5,Will buy again from this store,Normal Operations
R6121,C44790,2026-08-27,5,Customer service was helpful,Normal Operations
R6122,C9525,2026-08-27,5,Very satisfied with my purchase,Normal Operations
R6123,C86763,2026-08-27,5,Received order on time,Normal Operations
R6124,C83939,2026-08-27,4,Will buy again from this store,Normal Operations
R6125,C41478,2026-08-27,4,Received order on time,Normal Operations
R6126,C87048,2026-08-27,5,Received order on time,Normal Operations
R6127,C96368,2026-08-27,5,Good quality product,Normal Operations
R6128,C51465,2026-08-27,5,Received order on time,Normal Operations
R6129,C25358,2026-08-27,4,Excellent shopping experience,Normal Operations
R6130,C48062,2026-08-27,4,Excellent shopping experience,Normal Operations
R6131,C77220,2026-08-27,5,Easy checkout process,Normal Operations
R6132,C44939,2026-08-27,5,Excellent shopping experience,Normal Operations
R6133,C50735,2026-08-27,4,Will buy again from this store,Normal Operations
R6134,C81458,2026-08-27,4,Great product and fast delivery,Normal Operations
R6135,C28381,2026-08-27,5,Good quality product,Normal Operations
R6136,C4931,2026-08-27,5,Received order on time,Normal Operations
R6137,C49555,2026-08-27,5,Excellent shopping experience,Normal Operations
R6138,C51390,2026-08-27,4,Will buy again from this store,Normal Operations
R6139,C80631,2026-08-27,4,Easy checkout process,Normal Operations
R6140,C11241,2026-08-27,5,Will buy again from this store,Normal Operations
R6141,C6545,2026-08-27,5,Good quality product,Normal Operations
R6142,C14389,2026-08-27,4,Very satisfied with my purchase,Normal Operations
R6143,C49295,2026-08-28,4,Easy checkout process,Normal Operations
R6144,C37856,2026-08-28,5,Excellent shopping experience,Normal Operations
R6145,C41253,2026-08-28,4,Good quality product,Normal Operations
R6146,C82758,2026-08-28,5,Received order on time,Normal Operations
R6147,C8464,2026-08-28,4,Very satisfied with my purchase,Normal Operations
R6148,C25382,2026-08-28,4,Great product and fast delivery,Normal Operations
R6149,C99187,2026-08-28,5,Great product and fast delivery,Normal Operations
R6150,C62553,2026-08-28,5,Will buy again from this store,Normal Operations
R6151,C88653,2026-08-28,5,Received order on time,Normal Operations
R6152,C22370,2026-08-28,4,Easy checkout process,Normal Operations
R6153,C40734,2026-08-28,4,Easy checkout process,Normal Operations
R6154,C60045,2026-08-28,5,Good quality product,Normal Operations
R6155,C85554,2026-08-28,5,Will buy again from this store,Normal Operations
R6156,C66795,2026-08-28,4,Customer service was helpful,Normal Operations
R6157,C41505,2026-08-28,5,Customer service was helpful,Normal Operations
R6158,C65224,2026-08-28,5,Good quality product,Normal Operations
R6159,C15829,2026-08-28,5,Great product and fast delivery,Normal Operations
R6160,C45098,2026-08-28,5,Great product and fast delivery,Normal Operations
R6161,C28705,2026-08-28,4,Will buy again from this store,Normal Operations
R6162,C37480,2026-08-28,5,Received order on time,Normal Operations
R6163,C92559,2026-08-29,5,Received order on time,Normal Operations
R6164,C42693,2026-08-29,5,Easy checkout process,Normal Operations
R6165,C56739,2026-08-29,4,Good quality product,Normal Operations
R6166,C37828,2026-08-29,4,Easy checkout process,Normal Operations
R6167,C66458,2026-08-29,5,Excellent shopping experience,Normal Operations
R6168,C86497,2026-08-29,5,Excellent shopping experience,Normal Operations
R6169,C42079,2026-08-29,4,Good quality product,Normal Operations
R6170,C49877,2026-08-29,4,Excellent shopping experience,Normal Operations
R6171,C40479,2026-08-29,5,Will buy again from this store,Normal Operations
R6172,C13395,2026-08-29,5,Excellent shopping experience,Normal Operations
R6173,C27342,2026-08-29,4,Customer service was helpful,Normal Operations
R6174,C13571,2026-08-29,4,Great product and fast delivery,Normal Operations
R6175,C71603,2026-08-29,5,Good quality product,Normal Operations
R6176,C78207,2026-08-29,4,Customer service was helpful,Normal Operations
R6177,C49029,2026-08-29,5,Easy checkout process,Normal Operations
R6178,C10250,2026-08-29,5,Excellent shopping experience,Normal Operations
R6179,C39674,2026-08-29,5,Will buy again from this store,Normal Operations
R6180,C51762,2026-08-29,4,Easy checkout process,Normal Operations
R6181,C47566,2026-08-30,5,Will buy again from this store,Normal Operations
R6182,C21471,2026-08-30,4,Customer service was helpful,Normal Operations
R6183,C54755,2026-08-30,5,Good quality product,Normal Operations
R6184,C22506,2026-08-30,5,Excellent shopping experience,Normal Operations
R6185,C3498,2026-08-30,5,Great product and fast delivery,Normal Operations
R6186,C93518,2026-08-30,4,Customer service was helpful,Normal Operations
R6187,C21018,2026-08-30,4,Easy checkout process,Normal Operations
R6188,C83558,2026-08-30,5,Very satisfied with my purchase,Normal Operations
R6189,C93939,2026-08-30,4,Good quality product,Normal Operations
R6190,C51773,2026-08-30,5,Very satisfied with my purchase,Normal Operations
R6191,C95857,2026-08-30,5,Excellent shopping experience,Normal Operations
R6192,C91297,2026-08-30,4,Very satisfied with my purchase,Normal Operations
R6193,C31609,2026-08-30,5,Excellent shopping experience,Normal Operations
R6194,C83001,2026-08-30,5,Easy checkout process,Normal Operations
R6195,C18633,2026-08-30,5,Will buy again from this store,Normal Operations
R6196,C66862,2026-08-30,5,Received order on time,Normal Operations
R6197,C78945,2026-08-30,4,Excellent shopping experience,Normal Operations
R6198,C91642,2026-08-30,5,Great product and fast delivery,Normal Operations
R6199,C98377,2026-08-30,5,Great product and fast delivery,Normal Operations
R6200,C20996,2026-08-30,4,Very satisfied with my purchase,Normal Operations
R6201,C79473,2026-08-30,4,Good quality product,Normal Operations
R6202,C86152,2026-08-31,4,Good quality product,Normal Operations
R6203,C46381,2026-08-31,4,Great product and fast delivery,Normal Operations
R6204,C79615,2026-08-31,5,Great product and fast delivery,Normal Operations
R6205,C32533,2026-08-31,5,Very satisfied with my purchase,Normal Operations
R6206,C11064,2026-08-31,5,Very satisfied with my purchase,Normal Operations
R6207,C50554,2026-08-31,5,Excellent shopping experience,Normal Operations
R6208,C2439,2026-08-31,5,Excellent shopping experience,Normal Operations
R6209,C72178,2026-08-31,5,Will buy again from this store,Normal Operations
R6210,C50999,2026-08-31,4,Will buy again from this store,Normal Operations
R6211,C51040,2026-08-31,4,Will buy again from this store,Normal Operations
R6212,C77759,2026-08-31,4,Will buy again from this store,Normal Operations
R6213,C13106,2026-08-31,5,Excellent shopping experience,Normal Operations
R6214,C75401,2026-08-31,5,Great product and fast delivery,Normal Operations
R6215,C58002,2026-08-31,4,Easy checkout process,Normal Operations
R6216,C16961,2026-08-31,5,Received order on time,Normal Operations
R6217,C45779,2026-08-31,4,Will buy again from this store,Normal Operations
R6218,C40956,2026-08-31,5,Very satisfied with my purchase,Normal Operations
R6219,C64068,2026-08-31,5,Very satisfied with my purchase,Normal Operations
R6220,C94049,2026-08-31,4,Good quality product,Normal Operations
R6221,C47192,2026-08-31,5,Good quality product,Normal Operations
R6222,C9128,2026-08-31,5,Great product and fast delivery,Normal Operations
R6223,C38665,2026-09-01,2,Order was delayed significantly,Shipping Migration
R6224,C36080,2026-09-01,1,Order was delayed significantly,Shipping Migration
R6225,C51120,2026-09-01,1,Package arrived very late,Shipping Migration
R6226,C61830,2026-09-01,2,Package arrived very late,Shipping Migration
R6227,C36499,2026-09-01,1,Shipping experience was disappointing,Shipping Migration
R6228,C95019,2026-09-01,1,Still waiting for my package,Shipping Migration
R6229,C39192,2026-09-01,1,Order was delayed significantly,Shipping Migration
R6230,C50326,2026-09-01,3,Still waiting for my package,Shipping Migration
R6231,C49994,2026-09-01,2,Tracking information never updated,Shipping Migration
R6232,C42818,2026-09-01,1,Shipping experience was disappointing,Shipping Migration
R6233,C50800,2026-09-01,2,Delivery took much longer than expected,Shipping Migration
R6234,C71151,2026-09-01,2,Tracking information never updated,Shipping Migration
R6235,C77224,2026-09-01,2,Order was delayed significantly,Shipping Migration
R6236,C94479,2026-09-01,1,Package arrived very late,Shipping Migration
R6237,C19862,2026-09-01,1,Shipping experience was disappointing,Shipping Migration
R6238,C18638,2026-09-01,2,Delivery took much longer than expected,Shipping Migration
R6239,C99938,2026-09-01,1,Still waiting for my package,Shipping Migration
R6240,C8150,2026-09-01,1,Package arrived very late,Shipping Migration
R6241,C99318,2026-09-01,1,Still waiting for my package,Shipping Migration
R6242,C4804,2026-09-01,3,Order was delayed significantly,Shipping Migration
R6243,C28635,2026-09-01,2,Package arrived very late,Shipping Migration
R6244,C45776,2026-09-01,2,Delivery took much longer than expected,Shipping Migration
R6245,C6799,2026-09-01,1,Tracking information never updated,Shipping Migration
R6246,C77752,2026-09-01,1,Package arrived very late,Shipping Migration
R6247,C49048,2026-09-01,3,Tracking information never updated,Shipping Migration
R6248,C45956,2026-09-01,1,Package arrived very late,Shipping Migration
R6249,C79119,2026-09-01,3,Package arrived very late,Shipping Migration
R6250,C44351,2026-09-01,2,Tracking information never updated,Shipping Migration
R6251,C69816,2026-09-01,2,Tracking information never updated,Shipping Migration
R6252,C7313,2026-09-01,2,Shipping experience was disappointing,Shipping Migration
R6253,C86451,2026-09-01,1,Package arrived very late,Shipping Migration
R6254,C57226,2026-09-01,1,Delivery took much longer than expected,Shipping Migration
R6255,C65605,2026-09-01,1,Shipping experience was disappointing,Shipping Migration
R6256,C31287,2026-09-01,1,Order was delayed significantly,Shipping Migration
R6257,C72428,2026-09-01,3,Still waiting for my package,Shipping Migration
R6258,C75853,2026-09-01,3,Package arrived very late,Shipping Migration
R6259,C98744,2026-09-01,2,Delivery took much longer than expected,Shipping Migration
R6260,C51716,2026-09-01,3,Delivery took much longer than expected,Shipping Migration
R6261,C68746,2026-09-01,3,Tracking information never updated,Shipping Migration
R6262,C27300,2026-09-01,2,Still waiting for my package,Shipping Migration
R6263,C22065,2026-09-02,1,Order was delayed significantly,Shipping Migration
R6264,C14426,2026-09-02,1,Tracking information never updated,Shipping Migration
R6265,C72318,2026-09-02,1,Package arrived very late,Shipping Migration
R6266,C81100,2026-09-02,1,Tracking information never updated,Shipping Migration
R6267,C32353,2026-09-02,2,Delivery took much longer than expected,Shipping Migration
R6268,C37464,2026-09-02,2,Still waiting for my package,Shipping Migration
R6269,C94871,2026-09-02,2,Delivery took much longer than expected,Shipping Migration
R6270,C51314,2026-09-02,1,Package arrived very late,Shipping Migration
R6271,C74419,2026-09-02,1,Order was delayed significantly,Shipping Migration
R6272,C71678,2026-09-02,2,Shipping experience was disappointing,Shipping Migration
R6273,C74668,2026-09-02,3,Package arrived very late,Shipping Migration
R6274,C87915,2026-09-02,1,Tracking information never updated,Shipping Migration
R6275,C59091,2026-09-02,1,Still waiting for my package,Shipping Migration
R6276,C96952,2026-09-02,1,Order was delayed significantly,Shipping Migration
R6277,C16507,2026-09-02,1,Delivery took much longer than expected,Shipping Migration
R6278,C97230,2026-09-02,3,Delivery took much longer than expected,Shipping Migration
R6279,C46163,2026-09-02,3,Tracking information never updated,Shipping Migration
R6280,C68009,2026-09-02,2,Tracking information never updated,Shipping Migration
R6281,C35733,2026-09-02,1,Still waiting for my package,Shipping Migration
R6282,C34981,2026-09-02,2,Delivery took much longer than expected,Shipping Migration
R6283,C39561,2026-09-02,1,Package arrived very late,Shipping Migration
R6284,C45988,2026-09-02,2,Tracking information never updated,Shipping Migration
R6285,C40429,2026-09-02,3,Package arrived very late,Shipping Migration
R6286,C4272,2026-09-02,3,Order was delayed significantly,Shipping Migration
R6287,C29603,2026-09-02,1,Still waiting for my package,Shipping Migration
R6288,C6675,2026-09-02,1,Order was delayed significantly,Shipping Migration
R6289,C20761,2026-09-02,1,Still waiting for my package,Shipping Migration
R6290,C27263,2026-09-02,1,Order was delayed significantly,Shipping Migration
R6291,C7544,2026-09-02,1,Package arrived very late,Shipping Migration
R6292,C29608,2026-09-02,3,Order was delayed significantly,Shipping Migration
R6293,C3324,2026-09-02,1,Order was delayed significantly,Shipping Migration
R6294,C66969,2026-09-02,1,Package arrived very late,Shipping Migration
R6295,C13873,2026-09-02,2,Tracking information never updated,Shipping Migration
R6296,C88795,2026-09-02,1,Tracking information never updated,Shipping Migration
R6297,C416,2026-09-02,3,Shipping experience was disappointing,Shipping Migration
R6298,C82070,2026-09-02,2,Package arrived very late,Shipping Migration
R6299,C58766,2026-09-03,2,Delivery took much longer than expected,Shipping Migration
R6300,C73003,2026-09-03,2,Tracking information never updated,Shipping Migration
R6301,C77764,2026-09-03,2,Package arrived very late,Shipping Migration
R6302,C38913,2026-09-03,2,Order was delayed significantly,Shipping Migration
R6303,C48738,2026-09-03,2,Delivery took much longer than expected,Shipping Migration
R6304,C80337,2026-09-03,1,Tracking information never updated,Shipping Migration
R6305,C91116,2026-09-03,2,Shipping experience was disappointing,Shipping Migration
R6306,C82607,2026-09-03,1,Tracking information never updated,Shipping Migration
R6307,C63475,2026-09-03,1,Package arrived very late,Shipping Migration
R6308,C23619,2026-09-03,2,Package arrived very late,Shipping Migration
R6309,C24155,2026-09-03,2,Delivery took much longer than expected,Shipping Migration
R6310,C15702,2026-09-03,2,Tracking information never updated,Shipping Migration
R6311,C52493,2026-09-03,1,Package arrived very late,Shipping Migration
R6312,C48427,2026-09-03,3,Shipping experience was disappointing,Shipping Migration
R6313,C98017,2026-09-03,1,Still waiting for my package,Shipping Migration
R6314,C49712,2026-09-03,3,Order was delayed significantly,Shipping Migration
R6315,C14824,2026-09-03,1,Package arrived very late,Shipping Migration
R6316,C38419,2026-09-03,2,Tracking information never updated,Shipping Migration
R6317,C86090,2026-09-03,2,Order was delayed significantly,Shipping Migration
R6318,C34478,2026-09-03,1,Shipping experience was disappointing,Shipping Migration
R6319,C15524,2026-09-03,2,Shipping experience was disappointing,Shipping Migration
R6320,C66736,2026-09-03,3,Tracking information never updated,Shipping Migration
R6321,C32438,2026-09-03,1,Shipping experience was disappointing,Shipping Migration
R6322,C88149,2026-09-03,1,Package arrived very late,Shipping Migration
R6323,C12921,2026-09-03,1,Order was delayed significantly,Shipping Migration
R6324,C2566,2026-09-03,1,Delivery took much longer than expected,Shipping Migration
R6325,C70561,2026-09-03,2,Still waiting for my package,Shipping Migration
R6326,C66778,2026-09-03,1,Order was delayed significantly,Shipping Migration
R6327,C77367,2026-09-03,1,Still waiting for my package,Shipping Migration
R6328,C23268,2026-09-03,3,Tracking information never updated,Shipping Migration
R6329,C164,2026-09-04,2,Order was delayed significantly,Shipping Migration
R6330,C30031,2026-09-04,1,Shipping experience was disappointing,Shipping Migration
R6331,C29483,2026-09-04,1,Package arrived very late,Shipping Migration
R6332,C64931,2026-09-04,1,Tracking information never updated,Shipping Migration
R6333,C67788,2026-09-04,2,Shipping experience was disappointing,Shipping Migration
R6334,C6591,2026-09-04,1,Shipping experience was disappointing,Shipping Migration
R6335,C87664,2026-09-04,2,Delivery took much longer than expected,Shipping Migration
R6336,C82991,2026-09-04,3,Order was delayed significantly,Shipping Migration
R6337,C33763,2026-09-04,1,Delivery took much longer than expected,Shipping Migration
R6338,C86688,2026-09-04,1,Order was delayed significantly,Shipping Migration
R6339,C84075,2026-09-04,3,Still waiting for my package,Shipping Migration
R6340,C55198,2026-09-04,2,Shipping experience was disappointing,Shipping Migration
R6341,C55362,2026-09-04,3,Package arrived very late,Shipping Migration
R6342,C62356,2026-09-04,2,Tracking information never updated,Shipping Migration
R6343,C71729,2026-09-04,1,Shipping experience was disappointing,Shipping Migration
R6344,C71943,2026-09-04,2,Tracking information never updated,Shipping Migration
R6345,C70832,2026-09-04,1,Shipping experience was disappointing,Shipping Migration
R6346,C9137,2026-09-04,3,Delivery took much longer than expected,Shipping Migration
R6347,C27432,2026-09-04,1,Still waiting for my package,Shipping Migration
R6348,C96816,2026-09-04,3,Tracking information never updated,Shipping Migration
R6349,C69209,2026-09-04,2,Order was delayed significantly,Shipping Migration
R6350,C69016,2026-09-04,2,Shipping experience was disappointing,Shipping Migration
R6351,C69927,2026-09-04,3,Shipping experience was disappointing,Shipping Migration
R6352,C16081,2026-09-04,2,Order was delayed significantly,Shipping Migration
R6353,C47362,2026-09-04,3,Delivery took much longer than expected,Shipping Migration
R6354,C66891,2026-09-04,1,Still waiting for my package,Shipping Migration
R6355,C16168,2026-09-04,1,Shipping experience was disappointing,Shipping Migration
R6356,C33006,2026-09-04,1,Delivery took much longer than expected,Shipping Migration
R6357,C9757,2026-09-04,1,Order was delayed significantly,Shipping Migration
R6358,C60467,2026-09-04,2,Shipping experience was disappointing,Shipping Migration
R6359,C94437,2026-09-04,1,Delivery took much longer than expected,Shipping Migration
R6360,C93319,2026-09-04,2,Still waiting for my package,Shipping Migration
R6361,C51727,2026-09-04,1,Delivery took much longer than expected,Shipping Migration
R6362,C56922,2026-09-04,1,Shipping experience was disappointing,Shipping Migration
R6363,C69484,2026-09-04,1,Shipping experience was disappointing,Shipping Migration
R6364,C95910,2026-09-04,1,Order was delayed significantly,Shipping Migration
R6365,C36584,2026-09-04,1,Order was delayed significantly,Shipping Migration
R6366,C64935,2026-09-04,3,Package arrived very late,Shipping Migration
R6367,C85097,2026-09-04,2,Tracking information never updated,Shipping Migration
R6368,C86258,2026-09-05,1,Tracking information never updated,Shipping Migration
R6369,C81394,2026-09-05,1,Tracking information never updated,Shipping Migration
R6370,C99838,2026-09-05,1,Tracking information never updated,Shipping Migration
R6371,C13157,2026-09-05,1,Package arrived very late,Shipping Migration
R6372,C48360,2026-09-05,3,Tracking information never updated,Shipping Migration
R6373,C32800,2026-09-05,3,Tracking information never updated,Shipping Migration
R6374,C40646,2026-09-05,1,Delivery took much longer than expected,Shipping Migration
R6375,C91615,2026-09-05,3,Tracking information never updated,Shipping Migration
R6376,C98370,2026-09-05,1,Order was delayed significantly,Shipping Migration
R6377,C40302,2026-09-05,1,Shipping experience was disappointing,Shipping Migration
R6378,C80854,2026-09-05,2,Package arrived very late,Shipping Migration
R6379,C70781,2026-09-05,1,Package arrived very late,Shipping Migration
R6380,C63621,2026-09-05,3,Package arrived very late,Shipping Migration
R6381,C72555,2026-09-05,3,Shipping experience was disappointing,Shipping Migration
R6382,C58787,2026-09-05,1,Still waiting for my package,Shipping Migration
R6383,C65212,2026-09-05,2,Package arrived very late,Shipping Migration
R6384,C71981,2026-09-05,2,Package arrived very late,Shipping Migration
R6385,C76943,2026-09-05,3,Package arrived very late,Shipping Migration
R6386,C48064,2026-09-05,1,Order was delayed significantly,Shipping Migration
R6387,C64367,2026-09-05,2,Delivery took much longer than expected,Shipping Migration
R6388,C21541,2026-09-05,2,Order was delayed significantly,Shipping Migration
R6389,C46905,2026-09-05,3,Tracking information never updated,Shipping Migration
R6390,C2600,2026-09-05,1,Delivery took much longer than expected,Shipping Migration
R6391,C84720,2026-09-05,3,Shipping experience was disappointing,Shipping Migration
R6392,C19,2026-09-05,1,Still waiting for my package,Shipping Migration
R6393,C70917,2026-09-05,2,Tracking information never updated,Shipping Migration
R6394,C54942,2026-09-05,2,Delivery took much longer than expected,Shipping Migration
R6395,C12944,2026-09-05,1,Order was delayed significantly,Shipping Migration
R6396,C11395,2026-09-05,3,Package arrived very late,Shipping Migration
R6397,C25281,2026-09-05,2,Delivery took much longer than expected,Shipping Migration
R6398,C1160,2026-09-05,3,Still waiting for my package,Shipping Migration
R6399,C77167,2026-09-05,3,Tracking information never updated,Shipping Migration
R6400,C47657,2026-09-05,3,Delivery took much longer than expected,Shipping Migration
R6401,C23234,2026-09-05,1,Still waiting for my package,Shipping Migration
R6402,C34529,2026-09-05,1,Order was delayed significantly,Shipping Migration
R6403,C91909,2026-09-05,1,Tracking information never updated,Shipping Migration
R6404,C80502,2026-09-05,1,Order was delayed significantly,Shipping Migration
R6405,C41004,2026-09-05,1,Shipping experience was disappointing,Shipping Migration
R6406,C11341,2026-09-05,1,Still waiting for my package,Shipping Migration
R6407,C83036,2026-09-05,2,Still waiting for my package,Shipping Migration
R6408,C90453,2026-09-06,2,Tracking information never updated,Shipping Migration
R6409,C51903,2026-09-06,1,Delivery took much longer than expected,Shipping Migration
R6410,C49601,2026-09-06,2,Delivery took much longer than expected,Shipping Migration
R6411,C12837,2026-09-06,1,Package arrived very late,Shipping Migration
R6412,C95717,2026-09-06,1,Still waiting for my package,Shipping Migration
R6413,C30256,2026-09-06,1,Still waiting for my package,Shipping Migration
R6414,C83443,2026-09-06,1,Still waiting for my package,Shipping Migration
R6415,C54715,2026-09-06,2,Shipping experience was disappointing,Shipping Migration
R6416,C44036,2026-09-06,1,Still waiting for my package,Shipping Migration
R6417,C73481,2026-09-06,3,Delivery took much longer than expected,Shipping Migration
R6418,C77234,2026-09-06,1,Order was delayed significantly,Shipping Migration
R6419,C7088,2026-09-06,1,Order was delayed significantly,Shipping Migration
R6420,C2200,2026-09-06,1,Still waiting for my package,Shipping Migration
R6421,C52063,2026-09-06,3,Shipping experience was disappointing,Shipping Migration
R6422,C55518,2026-09-06,3,Package arrived very late,Shipping Migration
R6423,C13895,2026-09-06,1,Package arrived very late,Shipping Migration
R6424,C54022,2026-09-06,2,Delivery took much longer than expected,Shipping Migration
R6425,C21180,2026-09-06,1,Delivery took much longer than expected,Shipping Migration
R6426,C81647,2026-09-06,2,Order was delayed significantly,Shipping Migration
R6427,C39039,2026-09-06,1,Order was delayed significantly,Shipping Migration
R6428,C39314,2026-09-06,1,Delivery took much longer than expected,Shipping Migration
R6429,C90046,2026-09-06,1,Package arrived very late,Shipping Migration
R6430,C62581,2026-09-06,1,Still waiting for my package,Shipping Migration
R6431,C40627,2026-09-06,3,Still waiting for my package,Shipping Migration
R6432,C59229,2026-09-06,1,Still waiting for my package,Shipping Migration
R6433,C33412,2026-09-06,1,Still waiting for my package,Shipping Migration
R6434,C70090,2026-09-06,3,Tracking information never updated,Shipping Migration
R6435,C69839,2026-09-06,2,Order was delayed significantly,Shipping Migration
R6436,C41877,2026-09-06,3,Order was delayed significantly,Shipping Migration
R6437,C50334,2026-09-06,1,Delivery took much longer than expected,Shipping Migration
R6438,C70073,2026-09-06,1,Tracking information never updated,Shipping Migration
R6439,C44831,2026-09-06,1,Delivery took much longer than expected,Shipping Migration
R6440,C67079,2026-09-06,3,Still waiting for my package,Shipping Migration
R6441,C21602,2026-09-06,3,Package arrived very late,Shipping Migration
R6442,C72180,2026-09-06,2,Order was delayed significantly,Shipping Migration
R6443,C2459,2026-09-06,3,Order was delayed significantly,Shipping Migration
R6444,C51902,2026-09-06,1,Package arrived very late,Shipping Migration
R6445,C27679,2026-09-06,3,Shipping experience was disappointing,Shipping Migration
R6446,C63805,2026-09-06,3,Shipping experience was disappointing,Shipping Migration
R6447,C190,2026-09-06,2,Package arrived very late,Shipping Migration
R6448,C800,2026-09-07,1,Shipping experience was disappointing,Shipping Migration
R6449,C57559,2026-09-07,2,Still waiting for my package,Shipping Migration
R6450,C91468,2026-09-07,1,Shipping experience was disappointing,Shipping Migration
R6451,C87794,2026-09-07,1,Shipping experience was disappointing,Shipping Migration
R6452,C90254,2026-09-07,2,Still waiting for my package,Shipping Migration
R6453,C36282,2026-09-07,2,Delivery took much longer than expected,Shipping Migration
R6454,C22742,2026-09-07,1,Package arrived very late,Shipping Migration
R6455,C72085,2026-09-07,3,Package arrived very late,Shipping Migration
R6456,C27216,2026-09-07,1,Shipping experience was disappointing,Shipping Migration
R6457,C19216,2026-09-07,2,Still waiting for my package,Shipping Migration
R6458,C84983,2026-09-07,1,Delivery took much longer than expected,Shipping Migration
R6459,C97573,2026-09-07,1,Order was delayed significantly,Shipping Migration
R6460,C19924,2026-09-07,2,Still waiting for my package,Shipping Migration
R6461,C1754,2026-09-07,1,Order was delayed significantly,Shipping Migration
R6462,C64556,2026-09-07,2,Delivery took much longer than expected,Shipping Migration
R6463,C78278,2026-09-07,2,Order was delayed significantly,Shipping Migration
R6464,C65403,2026-09-07,2,Package arrived very late,Shipping Migration
R6465,C41734,2026-09-07,2,Delivery took much longer than expected,Shipping Migration
R6466,C41746,2026-09-07,1,Tracking information never updated,Shipping Migration
R6467,C52036,2026-09-07,3,Package arrived very late,Shipping Migration
R6468,C37354,2026-09-07,2,Shipping experience was disappointing,Shipping Migration
R6469,C48303,2026-09-07,1,Package arrived very late,Shipping Migration
R6470,C57729,2026-09-07,2,Package arrived very late,Shipping Migration
R6471,C57194,2026-09-07,1,Package arrived very late,Shipping Migration
R6472,C34506,2026-09-07,1,Delivery took much longer than expected,Shipping Migration
R6473,C46999,2026-09-07,3,Still waiting for my package,Shipping Migration
R6474,C33179,2026-09-07,1,Tracking information never updated,Shipping Migration
R6475,C84030,2026-09-07,3,Package arrived very late,Shipping Migration
R6476,C40069,2026-09-07,2,Order was delayed significantly,Shipping Migration
R6477,C8263,2026-09-07,1,Still waiting for my package,Shipping Migration
R6478,C81224,2026-09-07,3,Package arrived very late,Shipping Migration
R6479,C3583,2026-09-07,2,Package arrived very late,Shipping Migration
R6480,C42590,2026-09-07,1,Still waiting for my package,Shipping Migration
R6481,C97209,2026-09-07,2,Shipping experience was disappointing,Shipping Migration
R6482,C97995,2026-09-07,1,Still waiting for my package,Shipping Migration
R6483,C74182,2026-09-07,3,Package arrived very late,Shipping Migration
R6484,C70411,2026-09-07,2,Still waiting for my package,Shipping Migration
R6485,C14333,2026-09-08,3,Package arrived very late,Shipping Migration
R6486,C6104,2026-09-08,3,Delivery took much longer than expected,Shipping Migration
R6487,C58416,2026-09-08,2,Shipping experience was disappointing,Shipping Migration
R6488,C88729,2026-09-08,1,Package arrived very late,Shipping Migration
R6489,C78489,2026-09-08,1,Shipping experience was disappointing,Shipping Migration
R6490,C54642,2026-09-08,1,Package arrived very late,Shipping Migration
R6491,C16757,2026-09-08,1,Shipping experience was disappointing,Shipping Migration
R6492,C15033,2026-09-08,2,Shipping experience was disappointing,Shipping Migration
R6493,C32864,2026-09-08,3,Still waiting for my package,Shipping Migration
R6494,C7022,2026-09-08,3,Still waiting for my package,Shipping Migration
R6495,C71405,2026-09-08,3,Package arrived very late,Shipping Migration
R6496,C82052,2026-09-08,3,Shipping experience was disappointing,Shipping Migration
R6497,C91503,2026-09-08,3,Order was delayed significantly,Shipping Migration
R6498,C87827,2026-09-08,3,Shipping experience was disappointing,Shipping Migration
R6499,C81976,2026-09-08,1,Tracking information never updated,Shipping Migration
R6500,C29115,2026-09-08,3,Delivery took much longer than expected,Shipping Migration
R6501,C95870,2026-09-08,2,Order was delayed significantly,Shipping Migration
R6502,C94585,2026-09-08,2,Shipping experience was disappointing,Shipping Migration
R6503,C3729,2026-09-08,1,Shipping experience was disappointing,Shipping Migration
R6504,C90331,2026-09-08,1,Delivery took much longer than expected,Shipping Migration
R6505,C66131,2026-09-08,1,Order was delayed significantly,Shipping Migration
R6506,C19440,2026-09-08,1,Tracking information never updated,Shipping Migration
R6507,C87092,2026-09-08,1,Shipping experience was disappointing,Shipping Migration
R6508,C6090,2026-09-08,3,Shipping experience was disappointing,Shipping Migration
R6509,C15406,2026-09-08,3,Order was delayed significantly,Shipping Migration
R6510,C73599,2026-09-08,1,Delivery took much longer than expected,Shipping Migration
R6511,C20557,2026-09-08,1,Delivery took much longer than expected,Shipping Migration
R6512,C3237,2026-09-08,3,Package arrived very late,Shipping Migration
R6513,C21192,2026-09-08,1,Delivery took much longer than expected,Shipping Migration
R6514,C62294,2026-09-08,1,Tracking information never updated,Shipping Migration
R6515,C71230,2026-09-08,2,Shipping experience was disappointing,Shipping Migration
R6516,C24123,2026-09-08,3,Tracking information never updated,Shipping Migration
R6517,C87103,2026-09-08,1,Delivery took much longer than expected,Shipping Migration
R6518,C86315,2026-09-08,2,Order was delayed significantly,Shipping Migration
R6519,C17529,2026-09-08,1,Delivery took much longer than expected,Shipping Migration
R6520,C43969,2026-09-08,3,Shipping experience was disappointing,Shipping Migration
R6521,C42130,2026-09-08,1,Tracking information never updated,Shipping Migration
R6522,C11527,2026-09-08,1,Shipping experience was disappointing,Shipping Migration
R6523,C26710,2026-09-08,1,Shipping experience was disappointing,Shipping Migration
R6524,C84947,2026-09-09,1,Still waiting for my package,Shipping Migration
R6525,C95885,2026-09-09,3,Package arrived very late,Shipping Migration
R6526,C20240,2026-09-09,1,Order was delayed significantly,Shipping Migration
R6527,C2204,2026-09-09,1,Package arrived very late,Shipping Migration
R6528,C32700,2026-09-09,1,Order was delayed significantly,Shipping Migration
R6529,C12214,2026-09-09,1,Order was delayed significantly,Shipping Migration
R6530,C68948,2026-09-09,1,Delivery took much longer than expected,Shipping Migration
R6531,C72265,2026-09-09,2,Package arrived very late,Shipping Migration
R6532,C88418,2026-09-09,3,Shipping experience was disappointing,Shipping Migration
R6533,C99847,2026-09-09,2,Package arrived very late,Shipping Migration
R6534,C6622,2026-09-09,2,Order was delayed significantly,Shipping Migration
R6535,C54778,2026-09-09,1,Still waiting for my package,Shipping Migration
R6536,C51715,2026-09-09,1,Tracking information never updated,Shipping Migration
R6537,C12551,2026-09-09,2,Delivery took much longer than expected,Shipping Migration
R6538,C96566,2026-09-09,2,Shipping experience was disappointing,Shipping Migration
R6539,C91877,2026-09-09,1,Shipping experience was disappointing,Shipping Migration
R6540,C71983,2026-09-09,2,Tracking information never updated,Shipping Migration
R6541,C58176,2026-09-09,2,Tracking information never updated,Shipping Migration
R6542,C34248,2026-09-09,1,Package arrived very late,Shipping Migration
R6543,C55813,2026-09-09,2,Still waiting for my package,Shipping Migration
R6544,C53479,2026-09-09,1,Delivery took much longer than expected,Shipping Migration
R6545,C79057,2026-09-09,3,Delivery took much longer than expected,Shipping Migration
R6546,C95981,2026-09-09,1,Tracking information never updated,Shipping Migration
R6547,C16018,2026-09-09,2,Shipping experience was disappointing,Shipping Migration
R6548,C41714,2026-09-09,1,Tracking information never updated,Shipping Migration
R6549,C53267,2026-09-09,1,Delivery took much longer than expected,Shipping Migration
R6550,C21201,2026-09-09,1,Order was delayed significantly,Shipping Migration
R6551,C13852,2026-09-09,1,Shipping experience was disappointing,Shipping Migration
R6552,C15059,2026-09-09,3,Tracking information never updated,Shipping Migration
R6553,C96767,2026-09-09,1,Shipping experience was disappointing,Shipping Migration
R6554,C67704,2026-09-09,2,Package arrived very late,Shipping Migration
R6555,C42137,2026-09-09,3,Delivery took much longer than expected,Shipping Migration
R6556,C88457,2026-09-09,2,Shipping experience was disappointing,Shipping Migration
R6557,C59612,2026-09-09,3,Package arrived very late,Shipping Migration
R6558,C12927,2026-09-09,3,Order was delayed significantly,Shipping Migration
R6559,C89528,2026-09-09,2,Delivery took much longer than expected,Shipping Migration
R6560,C94560,2026-09-09,1,Order was delayed significantly,Shipping Migration
R6561,C51596,2026-09-09,1,Tracking information never updated,Shipping Migration
R6562,C36749,2026-09-09,1,Package arrived very late,Shipping Migration
R6563,C34188,2026-09-09,3,Shipping experience was disappointing,Shipping Migration
R6564,C85718,2026-09-09,1,Order was delayed significantly,Shipping Migration
R6565,C45367,2026-09-09,1,Order was delayed significantly,Shipping Migration
R6566,C32161,2026-09-09,1,Package arrived very late,Shipping Migration
R6567,C1781,2026-09-09,1,Order was delayed significantly,Shipping Migration
R6568,C60751,2026-09-09,1,Order was delayed significantly,Shipping Migration
R6569,C32162,2026-09-09,2,Package arrived very late,Shipping Migration
R6570,C49461,2026-09-09,1,Order was delayed significantly,Shipping Migration
R6571,C2365,2026-09-09,1,Delivery took much longer than expected,Shipping Migration
R6572,C62680,2026-09-09,2,Delivery took much longer than expected,Shipping Migration
R6573,C98263,2026-09-10,1,Shipping experience was disappointing,Shipping Migration
R6574,C28605,2026-09-10,2,Still waiting for my package,Shipping Migration
R6575,C37372,2026-09-10,1,Still waiting for my package,Shipping Migration
R6576,C6074,2026-09-10,1,Tracking information never updated,Shipping Migration
R6577,C18102,2026-09-10,1,Still waiting for my package,Shipping Migration
R6578,C7314,2026-09-10,2,Shipping experience was disappointing,Shipping Migration
R6579,C91957,2026-09-10,3,Still waiting for my package,Shipping Migration
R6580,C92676,2026-09-10,1,Tracking information never updated,Shipping Migration
R6581,C13761,2026-09-10,1,Tracking information never updated,Shipping Migration
R6582,C87329,2026-09-10,3,Still waiting for my package,Shipping Migration
R6583,C3653,2026-09-10,2,Delivery took much longer than expected,Shipping Migration
R6584,C13804,2026-09-10,1,Package arrived very late,Shipping Migration
R6585,C60484,2026-09-10,1,Order was delayed significantly,Shipping Migration
R6586,C14933,2026-09-10,1,Shipping experience was disappointing,Shipping Migration
R6587,C17333,2026-09-10,2,Still waiting for my package,Shipping Migration
R6588,C1404,2026-09-10,3,Tracking information never updated,Shipping Migration
R6589,C54031,2026-09-10,2,Order was delayed significantly,Shipping Migration
R6590,C12997,2026-09-10,1,Tracking information never updated,Shipping Migration
R6591,C34371,2026-09-10,2,Shipping experience was disappointing,Shipping Migration
R6592,C61562,2026-09-10,2,Shipping experience was disappointing,Shipping Migration
R6593,C65255,2026-09-10,1,Shipping experience was disappointing,Shipping Migration
R6594,C20544,2026-09-10,1,Delivery took much longer than expected,Shipping Migration
R6595,C42338,2026-09-10,1,Still waiting for my package,Shipping Migration
R6596,C13797,2026-09-10,2,Package arrived very late,Shipping Migration
R6597,C78063,2026-09-10,2,Shipping experience was disappointing,Shipping Migration
R6598,C60437,2026-09-10,1,Still waiting for my package,Shipping Migration
R6599,C15300,2026-09-10,3,Still waiting for my package,Shipping Migration
R6600,C42400,2026-09-10,3,Delivery took much longer than expected,Shipping Migration
R6601,C3847,2026-09-10,2,Tracking information never updated,Shipping Migration
R6602,C20099,2026-09-10,2,Delivery took much longer than expected,Shipping Migration
R6603,C35886,2026-09-10,1,Order was delayed significantly,Shipping Migration
R6604,C19675,2026-09-10,2,Delivery took much longer than expected,Shipping Migration
R6605,C2252,2026-09-10,1,Still waiting for my package,Shipping Migration
R6606,C46872,2026-09-10,2,Package arrived very late,Shipping Migration
R6607,C24592,2026-09-10,3,Order was delayed significantly,Shipping Migration
R6608,C12203,2026-09-10,3,Shipping experience was disappointing,Shipping Migration
R6609,C19291,2026-09-10,2,Still waiting for my package,Shipping Migration
R6610,C19397,2026-09-10,2,Tracking information never updated,Shipping Migration
R6611,C64275,2026-09-10,1,Delivery took much longer than expected,Shipping Migration
R6612,C45436,2026-09-10,3,Order was delayed significantly,Shipping Migration
R6613,C61979,2026-09-10,1,Order was delayed significantly,Shipping Migration
R6614,C12823,2026-09-10,2,Delivery took much longer than expected,Shipping Migration
R6615,C65263,2026-09-10,2,Delivery took much longer than expected,Shipping Migration
R6616,C27282,2026-09-10,1,Shipping experience was disappointing,Shipping Migration
R6617,C22767,2026-09-11,3,Order was delayed significantly,Shipping Migration
R6618,C62240,2026-09-11,2,Package arrived very late,Shipping Migration
R6619,C32325,2026-09-11,1,Package arrived very late,Shipping Migration
R6620,C13019,2026-09-11,2,Shipping experience was disappointing,Shipping Migration
R6621,C81121,2026-09-11,2,Order was delayed significantly,Shipping Migration
R6622,C45976,2026-09-11,1,Tracking information never updated,Shipping Migration
R6623,C87827,2026-09-11,3,Delivery took much longer than expected,Shipping Migration
R6624,C8419,2026-09-11,1,Package arrived very late,Shipping Migration
R6625,C10115,2026-09-11,1,Delivery took much longer than expected,Shipping Migration
R6626,C17986,2026-09-11,2,Still waiting for my package,Shipping Migration
R6627,C83846,2026-09-11,2,Delivery took much longer than expected,Shipping Migration
R6628,C22037,2026-09-11,2,Order was delayed significantly,Shipping Migration
R6629,C26692,2026-09-11,3,Tracking information never updated,Shipping Migration
R6630,C27847,2026-09-11,1,Tracking information never updated,Shipping Migration
R6631,C73729,2026-09-11,1,Package arrived very late,Shipping Migration
R6632,C38488,2026-09-11,1,Still waiting for my package,Shipping Migration
R6633,C51474,2026-09-11,1,Shipping experience was disappointing,Shipping Migration
R6634,C7713,2026-09-11,2,Package arrived very late,Shipping Migration
R6635,C56225,2026-09-11,1,Package arrived very late,Shipping Migration
R6636,C80668,2026-09-11,1,Delivery took much longer than expected,Shipping Migration
R6637,C88912,2026-09-11,2,Shipping experience was disappointing,Shipping Migration
R6638,C32526,2026-09-11,3,Still waiting for my package,Shipping Migration
R6639,C76434,2026-09-11,1,Order was delayed significantly,Shipping Migration
R6640,C19199,2026-09-11,1,Delivery took much longer than expected,Shipping Migration
R6641,C17876,2026-09-11,1,Delivery took much longer than expected,Shipping Migration
R6642,C64914,2026-09-11,1,Still waiting for my package,Shipping Migration
R6643,C70598,2026-09-11,3,Order was delayed significantly,Shipping Migration
R6644,C84887,2026-09-11,2,Tracking information never updated,Shipping Migration
R6645,C95002,2026-09-11,1,Tracking information never updated,Shipping Migration
R6646,C32344,2026-09-11,1,Still waiting for my package,Shipping Migration
R6647,C41984,2026-09-11,1,Tracking information never updated,Shipping Migration
R6648,C89344,2026-09-11,2,Shipping experience was disappointing,Shipping Migration
R6649,C21735,2026-09-11,1,Still waiting for my package,Shipping Migration
R6650,C98330,2026-09-11,1,Shipping experience was disappointing,Shipping Migration
R6651,C93469,2026-09-11,1,Shipping experience was disappointing,Shipping Migration
R6652,C89510,2026-09-12,1,Delivery took much longer than expected,Shipping Migration
R6653,C88899,2026-09-12,2,Still waiting for my package,Shipping Migration
R6654,C40534,2026-09-12,1,Order was delayed significantly,Shipping Migration
R6655,C74333,2026-09-12,3,Shipping experience was disappointing,Shipping Migration
R6656,C86901,2026-09-12,3,Shipping experience was disappointing,Shipping Migration
R6657,C67917,2026-09-12,2,Delivery took much longer than expected,Shipping Migration
R6658,C11972,2026-09-12,1,Package arrived very late,Shipping Migration
R6659,C38656,2026-09-12,2,Package arrived very late,Shipping Migration
R6660,C61290,2026-09-12,2,Delivery took much longer than expected,Shipping Migration
R6661,C21704,2026-09-12,1,Tracking information never updated,Shipping Migration
R6662,C12686,2026-09-12,3,Delivery took much longer than expected,Shipping Migration
R6663,C30826,2026-09-12,1,Package arrived very late,Shipping Migration
R6664,C43119,2026-09-12,2,Shipping experience was disappointing,Shipping Migration
R6665,C57291,2026-09-12,1,Tracking information never updated,Shipping Migration
R6666,C49516,2026-09-12,2,Package arrived very late,Shipping Migration
R6667,C83248,2026-09-12,3,Delivery took much longer than expected,Shipping Migration
R6668,C54289,2026-09-12,2,Tracking information never updated,Shipping Migration
R6669,C26623,2026-09-12,1,Shipping experience was disappointing,Shipping Migration
R6670,C54821,2026-09-12,1,Package arrived very late,Shipping Migration
R6671,C30890,2026-09-12,2,Still waiting for my package,Shipping Migration
R6672,C82419,2026-09-12,1,Delivery took much longer than expected,Shipping Migration
R6673,C95374,2026-09-12,1,Order was delayed significantly,Shipping Migration
R6674,C65207,2026-09-12,1,Delivery took much longer than expected,Shipping Migration
R6675,C45421,2026-09-12,3,Shipping experience was disappointing,Shipping Migration
R6676,C26448,2026-09-12,2,Still waiting for my package,Shipping Migration
R6677,C79715,2026-09-12,1,Package arrived very late,Shipping Migration
R6678,C20979,2026-09-12,2,Shipping experience was disappointing,Shipping Migration
R6679,C87321,2026-09-12,3,Order was delayed significantly,Shipping Migration
R6680,C59871,2026-09-12,1,Still waiting for my package,Shipping Migration
R6681,C64039,2026-09-12,1,Order was delayed significantly,Shipping Migration
R6682,C18640,2026-09-12,2,Package arrived very late,Shipping Migration
R6683,C71919,2026-09-12,1,Tracking information never updated,Shipping Migration
R6684,C71193,2026-09-12,2,Order was delayed significantly,Shipping Migration
R6685,C71633,2026-09-13,1,Order was delayed significantly,Shipping Migration
R6686,C79997,2026-09-13,1,Package arrived very late,Shipping Migration
R6687,C27925,2026-09-13,1,Package arrived very late,Shipping Migration
R6688,C71446,2026-09-13,2,Still waiting for my package,Shipping Migration
R6689,C40835,2026-09-13,2,Shipping experience was disappointing,Shipping Migration
R6690,C24100,2026-09-13,2,Still waiting for my package,Shipping Migration
R6691,C15030,2026-09-13,1,Still waiting for my package,Shipping Migration
R6692,C48107,2026-09-13,1,Order was delayed significantly,Shipping Migration
R6693,C973,2026-09-13,1,Shipping experience was disappointing,Shipping Migration
R6694,C80883,2026-09-13,2,Delivery took much longer than expected,Shipping Migration
R6695,C30284,2026-09-13,2,Tracking information never updated,Shipping Migration
R6696,C30580,2026-09-13,3,Shipping experience was disappointing,Shipping Migration
R6697,C95374,2026-09-13,3,Tracking information never updated,Shipping Migration
R6698,C35082,2026-09-13,1,Package arrived very late,Shipping Migration
R6699,C43070,2026-09-13,3,Package arrived very late,Shipping Migration
R6700,C76378,2026-09-13,3,Delivery took much longer than expected,Shipping Migration
R6701,C25166,2026-09-13,1,Order was delayed significantly,Shipping Migration
R6702,C64928,2026-09-13,1,Still waiting for my package,Shipping Migration
R6703,C10283,2026-09-13,1,Tracking information never updated,Shipping Migration
R6704,C24584,2026-09-13,1,Shipping experience was disappointing,Shipping Migration
R6705,C86349,2026-09-13,3,Package arrived very late,Shipping Migration
R6706,C17424,2026-09-13,2,Delivery took much longer than expected,Shipping Migration
R6707,C36787,2026-09-13,3,Shipping experience was disappointing,Shipping Migration
R6708,C83745,2026-09-13,2,Package arrived very late,Shipping Migration
R6709,C3572,2026-09-13,1,Still waiting for my package,Shipping Migration
R6710,C9681,2026-09-13,1,Delivery took much longer than expected,Shipping Migration
R6711,C64528,2026-09-13,1,Tracking information never updated,Shipping Migration
R6712,C2775,2026-09-13,2,Tracking information never updated,Shipping Migration
R6713,C80226,2026-09-13,2,Shipping experience was disappointing,Shipping Migration
R6714,C87355,2026-09-13,2,Package arrived very late,Shipping Migration
R6715,C57603,2026-09-13,3,Package arrived very late,Shipping Migration
R6716,C77374,2026-09-13,2,Order was delayed significantly,Shipping Migration
R6717,C394,2026-09-13,2,Order was delayed significantly,Shipping Migration
R6718,C44958,2026-09-13,1,Delivery took much longer than expected,Shipping Migration
R6719,C97436,2026-09-13,2,Still waiting for my package,Shipping Migration
R6720,C20906,2026-09-13,1,Still waiting for my package,Shipping Migration
R6721,C95158,2026-09-14,1,Still waiting for my package,Shipping Migration
R6722,C47302,2026-09-14,1,Package arrived very late,Shipping Migration
R6723,C4575,2026-09-14,1,Delivery took much longer than expected,Shipping Migration
R6724,C96778,2026-09-14,1,Order was delayed significantly,Shipping Migration
R6725,C23391,2026-09-14,3,Shipping experience was disappointing,Shipping Migration
R6726,C53643,2026-09-14,3,Shipping experience was disappointing,Shipping Migration
R6727,C40577,2026-09-14,2,Delivery took much longer than expected,Shipping Migration
R6728,C96343,2026-09-14,3,Shipping experience was disappointing,Shipping Migration
R6729,C87830,2026-09-14,3,Delivery took much longer than expected,Shipping Migration
R6730,C46003,2026-09-14,2,Still waiting for my package,Shipping Migration
R6731,C78580,2026-09-14,1,Package arrived very late,Shipping Migration
R6732,C51886,2026-09-14,3,Order was delayed significantly,Shipping Migration
R6733,C62127,2026-09-14,2,Shipping experience was disappointing,Shipping Migration
R6734,C51600,2026-09-14,3,Tracking information never updated,Shipping Migration
R6735,C93121,2026-09-14,1,Order was delayed significantly,Shipping Migration
R6736,C38853,2026-09-14,2,Shipping experience was disappointing,Shipping Migration
R6737,C48866,2026-09-14,2,Order was delayed significantly,Shipping Migration
R6738,C68994,2026-09-14,3,Package arrived very late,Shipping Migration
R6739,C36259,2026-09-14,2,Shipping experience was disappointing,Shipping Migration
R6740,C77265,2026-09-14,1,Still waiting for my package,Shipping Migration
R6741,C10163,2026-09-14,3,Order was delayed significantly,Shipping Migration
R6742,C51096,2026-09-14,1,Delivery took much longer than expected,Shipping Migration
R6743,C89607,2026-09-14,2,Tracking information never updated,Shipping Migration
R6744,C13937,2026-09-14,2,Delivery took much longer than expected,Shipping Migration
R6745,C49682,2026-09-14,3,Order was delayed significantly,Shipping Migration
R6746,C4487,2026-09-14,2,Delivery took much longer than expected,Shipping Migration
R6747,C19113,2026-09-14,1,Still waiting for my package,Shipping Migration
R6748,C97817,2026-09-14,1,Package arrived very late,Shipping Migration
R6749,C81239,2026-09-14,1,Delivery took much longer than expected,Shipping Migration
R6750,C65730,2026-09-14,1,Delivery took much longer than expected,Shipping Migration
R6751,C84880,2026-09-14,2,Still waiting for my package,Shipping Migration
R6752,C77149,2026-09-14,1,Delivery took much longer than expected,Shipping Migration
R6753,C72132,2026-09-15,1,Package arrived very late,Shipping Migration
R6754,C34552,2026-09-15,1,Tracking information never updated,Shipping Migration
R6755,C22594,2026-09-15,1,Package arrived very late,Shipping Migration
R6756,C59894,2026-09-15,1,Delivery took much longer than expected,Shipping Migration
R6757,C55960,2026-09-15,1,Shipping experience was disappointing,Shipping Migration
R6758,C1121,2026-09-15,2,Still waiting for my package,Shipping Migration
R6759,C5194,2026-09-15,3,Order was delayed significantly,Shipping Migration
R6760,C79767,2026-09-15,1,Delivery took much longer than expected,Shipping Migration
R6761,C29950,2026-09-15,1,Order was delayed significantly,Shipping Migration
R6762,C76558,2026-09-15,3,Delivery took much longer than expected,Shipping Migration
R6763,C18758,2026-09-15,3,Delivery took much longer than expected,Shipping Migration
R6764,C14313,2026-09-15,1,Shipping experience was disappointing,Shipping Migration
R6765,C76520,2026-09-15,1,Shipping experience was disappointing,Shipping Migration
R6766,C97487,2026-09-15,1,Still waiting for my package,Shipping Migration
R6767,C67987,2026-09-15,1,Delivery took much longer than expected,Shipping Migration
R6768,C75428,2026-09-15,3,Shipping experience was disappointing,Shipping Migration
R6769,C80801,2026-09-15,2,Order was delayed significantly,Shipping Migration
R6770,C33744,2026-09-15,3,Order was delayed significantly,Shipping Migration
R6771,C43387,2026-09-15,3,Delivery took much longer than expected,Shipping Migration
R6772,C21324,2026-09-15,1,Delivery took much longer than expected,Shipping Migration
R6773,C16869,2026-09-15,1,Still waiting for my package,Shipping Migration
R6774,C66232,2026-09-15,1,Shipping experience was disappointing,Shipping Migration
R6775,C98506,2026-09-15,1,Shipping experience was disappointing,Shipping Migration
R6776,C15629,2026-09-15,3,Package arrived very late,Shipping Migration
R6777,C24672,2026-09-15,1,Tracking information never updated,Shipping Migration
R6778,C3478,2026-09-15,2,Delivery took much longer than expected,Shipping Migration
R6779,C11851,2026-09-15,2,Tracking information never updated,Shipping Migration
R6780,C2807,2026-09-15,1,Still waiting for my package,Shipping Migration
R6781,C24719,2026-09-15,1,Order was delayed significantly,Shipping Migration
R6782,C28326,2026-09-15,1,Package arrived very late,Shipping Migration
R6783,C16007,2026-09-15,1,Tracking information never updated,Shipping Migration
R6784,C27656,2026-09-15,1,Delivery took much longer than expected,Shipping Migration
R6785,C9103,2026-09-15,1,Tracking information never updated,Shipping Migration
R6786,C21554,2026-09-15,1,Order was delayed significantly,Shipping Migration
R6787,C92657,2026-09-15,2,Package arrived very late,Shipping Migration
R6788,C25383,2026-09-15,1,Package arrived very late,Shipping Migration
R6789,C57403,2026-09-15,2,Order was delayed significantly,Shipping Migration
R6790,C95118,2026-09-16,3,Order was delayed significantly,Shipping Migration
R6791,C78054,2026-09-16,1,Delivery took much longer than expected,Shipping Migration
R6792,C30569,2026-09-16,2,Shipping experience was disappointing,Shipping Migration
R6793,C50427,2026-09-16,1,Delivery took much longer than expected,Shipping Migration
R6794,C12345,2026-09-16,3,Order was delayed significantly,Shipping Migration
R6795,C54734,2026-09-16,3,Still waiting for my package,Shipping Migration
R6796,C56916,2026-09-16,2,Still waiting for my package,Shipping Migration
R6797,C18089,2026-09-16,1,Shipping experience was disappointing,Shipping Migration
R6798,C61789,2026-09-16,1,Package arrived very late,Shipping Migration
R6799,C52384,2026-09-16,1,Tracking information never updated,Shipping Migration
R6800,C88250,2026-09-16,1,Package arrived very late,Shipping Migration
R6801,C77223,2026-09-16,1,Still waiting for my package,Shipping Migration
R6802,C74073,2026-09-16,3,Package arrived very late,Shipping Migration
R6803,C10012,2026-09-16,3,Package arrived very late,Shipping Migration
R6804,C39959,2026-09-16,1,Delivery took much longer than expected,Shipping Migration
R6805,C24720,2026-09-16,3,Delivery took much longer than expected,Shipping Migration
R6806,C3826,2026-09-16,3,Package arrived very late,Shipping Migration
R6807,C86391,2026-09-16,2,Delivery took much longer than expected,Shipping Migration
R6808,C75018,2026-09-16,1,Shipping experience was disappointing,Shipping Migration
R6809,C82783,2026-09-16,2,Package arrived very late,Shipping Migration
R6810,C87859,2026-09-16,2,Package arrived very late,Shipping Migration
R6811,C91451,2026-09-16,1,Order was delayed significantly,Shipping Migration
R6812,C66098,2026-09-16,1,Shipping experience was disappointing,Shipping Migration
R6813,C61047,2026-09-16,1,Delivery took much longer than expected,Shipping Migration
R6814,C12040,2026-09-16,1,Delivery took much longer than expected,Shipping Migration
R6815,C12988,2026-09-16,1,Package arrived very late,Shipping Migration
R6816,C82675,2026-09-16,1,Package arrived very late,Shipping Migration
R6817,C9097,2026-09-16,1,Tracking information never updated,Shipping Migration
R6818,C68158,2026-09-16,2,Delivery took much longer than expected,Shipping Migration
R6819,C23903,2026-09-16,3,Shipping experience was disappointing,Shipping Migration
R6820,C81205,2026-09-16,1,Shipping experience was disappointing,Shipping Migration
R6821,C32239,2026-09-16,3,Shipping experience was disappointing,Shipping Migration
R6822,C7214,2026-09-16,1,Delivery took much longer than expected,Shipping Migration
R6823,C83505,2026-09-17,2,Shipping experience was disappointing,Shipping Migration
R6824,C94136,2026-09-17,2,Still waiting for my package,Shipping Migration
R6825,C15625,2026-09-17,1,Delivery took much longer than expected,Shipping Migration
R6826,C96422,2026-09-17,1,Order was delayed significantly,Shipping Migration
R6827,C78255,2026-09-17,1,Order was delayed significantly,Shipping Migration
R6828,C90219,2026-09-17,1,Order was delayed significantly,Shipping Migration
R6829,C13768,2026-09-17,3,Delivery took much longer than expected,Shipping Migration
R6830,C57966,2026-09-17,1,Tracking information never updated,Shipping Migration
R6831,C90933,2026-09-17,2,Tracking information never updated,Shipping Migration
R6832,C67983,2026-09-17,1,Order was delayed significantly,Shipping Migration
R6833,C40518,2026-09-17,3,Tracking information never updated,Shipping Migration
R6834,C81172,2026-09-17,2,Order was delayed significantly,Shipping Migration
R6835,C48576,2026-09-17,1,Shipping experience was disappointing,Shipping Migration
R6836,C80261,2026-09-17,1,Still waiting for my package,Shipping Migration
R6837,C31434,2026-09-17,3,Still waiting for my package,Shipping Migration
R6838,C92782,2026-09-17,2,Still waiting for my package,Shipping Migration
R6839,C44701,2026-09-17,1,Still waiting for my package,Shipping Migration
R6840,C16128,2026-09-17,2,Delivery took much longer than expected,Shipping Migration
R6841,C12474,2026-09-17,1,Package arrived very late,Shipping Migration
R6842,C42465,2026-09-17,1,Still waiting for my package,Shipping Migration
R6843,C97482,2026-09-17,3,Tracking information never updated,Shipping Migration
R6844,C41515,2026-09-17,2,Delivery took much longer than expected,Shipping Migration
R6845,C31517,2026-09-17,1,Shipping experience was disappointing,Shipping Migration
R6846,C51189,2026-09-17,1,Order was delayed significantly,Shipping Migration
R6847,C36398,2026-09-17,3,Still waiting for my package,Shipping Migration
R6848,C84377,2026-09-17,2,Package arrived very late,Shipping Migration
R6849,C25248,2026-09-17,2,Tracking information never updated,Shipping Migration
R6850,C80909,2026-09-17,1,Shipping experience was disappointing,Shipping Migration
R6851,C26956,2026-09-17,3,Package arrived very late,Shipping Migration
R6852,C43342,2026-09-17,2,Tracking information never updated,Shipping Migration
R6853,C1834,2026-09-17,2,Order was delayed significantly,Shipping Migration
R6854,C95978,2026-09-17,1,Delivery took much longer than expected,Shipping Migration
R6855,C80599,2026-09-17,3,Delivery took much longer than expected,Shipping Migration
R6856,C35170,2026-09-17,2,Order was delayed significantly,Shipping Migration
R6857,C51159,2026-09-17,1,Order was delayed significantly,Shipping Migration
R6858,C83683,2026-09-17,2,Order was delayed significantly,Shipping Migration
R6859,C71149,2026-09-17,2,Still waiting for my package,Shipping Migration
R6860,C9552,2026-09-17,1,Delivery took much longer than expected,Shipping Migration
R6861,C68097,2026-09-17,1,Tracking information never updated,Shipping Migration
R6862,C83458,2026-09-17,2,Package arrived very late,Shipping Migration
R6863,C5258,2026-09-17,1,Package arrived very late,Shipping Migration
R6864,C34957,2026-09-17,2,Tracking information never updated,Shipping Migration
R6865,C51128,2026-09-17,1,Package arrived very late,Shipping Migration
R6866,C37337,2026-09-17,2,Package arrived very late,Shipping Migration
R6867,C43925,2026-09-17,2,Tracking information never updated,Shipping Migration
R6868,C67753,2026-09-17,1,Delivery took much longer than expected,Shipping Migration
R6869,C58715,2026-09-18,2,Delivery took much longer than expected,Shipping Migration
R6870,C82099,2026-09-18,1,Shipping experience was disappointing,Shipping Migration
R6871,C1930,2026-09-18,1,Delivery took much longer than expected,Shipping Migration
R6872,C14245,2026-09-18,1,Package arrived very late,Shipping Migration
R6873,C11117,2026-09-18,2,Order was delayed significantly,Shipping Migration
R6874,C35896,2026-09-18,3,Tracking information never updated,Shipping Migration
R6875,C1209,2026-09-18,1,Shipping experience was disappointing,Shipping Migration
R6876,C83749,2026-09-18,3,Still waiting for my package,Shipping Migration
R6877,C89596,2026-09-18,1,Shipping experience was disappointing,Shipping Migration
R6878,C24275,2026-09-18,2,Order was delayed significantly,Shipping Migration
R6879,C17911,2026-09-18,1,Package arrived very late,Shipping Migration
R6880,C425,2026-09-18,1,Order was delayed significantly,Shipping Migration
R6881,C81455,2026-09-18,1,Order was delayed significantly,Shipping Migration
R6882,C34002,2026-09-18,3,Tracking information never updated,Shipping Migration
R6883,C68556,2026-09-18,1,Still waiting for my package,Shipping Migration
R6884,C49285,2026-09-18,1,Delivery took much longer than expected,Shipping Migration
R6885,C75887,2026-09-18,2,Delivery took much longer than expected,Shipping Migration
R6886,C69499,2026-09-18,2,Tracking information never updated,Shipping Migration
R6887,C34308,2026-09-18,1,Delivery took much longer than expected,Shipping Migration
R6888,C22328,2026-09-18,1,Order was delayed significantly,Shipping Migration
R6889,C64278,2026-09-18,1,Shipping experience was disappointing,Shipping Migration
R6890,C1602,2026-09-18,1,Package arrived very late,Shipping Migration
R6891,C5691,2026-09-18,2,Delivery took much longer than expected,Shipping Migration
R6892,C8059,2026-09-18,2,Package arrived very late,Shipping Migration
R6893,C43857,2026-09-18,1,Delivery took much longer than expected,Shipping Migration
R6894,C30616,2026-09-18,3,Delivery took much longer than expected,Shipping Migration
R6895,C8302,2026-09-18,1,Tracking information never updated,Shipping Migration
R6896,C68760,2026-09-18,3,Package arrived very late,Shipping Migration
R6897,C23435,2026-09-18,2,Tracking information never updated,Shipping Migration
R6898,C99879,2026-09-18,3,Still waiting for my package,Shipping Migration
R6899,C72632,2026-09-18,3,Shipping experience was disappointing,Shipping Migration
R6900,C88569,2026-09-18,2,Delivery took much longer than expected,Shipping Migration
R6901,C27724,2026-09-18,2,Delivery took much longer than expected,Shipping Migration
R6902,C93040,2026-09-18,1,Still waiting for my package,Shipping Migration
R6903,C55570,2026-09-18,2,Tracking information never updated,Shipping Migration
R6904,C25464,2026-09-18,2,Tracking information never updated,Shipping Migration
R6905,C52083,2026-09-18,2,Delivery took much longer than expected,Shipping Migration
R6906,C88634,2026-09-18,1,Package arrived very late,Shipping Migration
R6907,C30360,2026-09-18,3,Still waiting for my package,Shipping Migration
R6908,C22358,2026-09-18,3,Delivery took much longer than expected,Shipping Migration
R6909,C16264,2026-09-18,1,Tracking information never updated,Shipping Migration
R6910,C75349,2026-09-18,1,Shipping experience was disappointing,Shipping Migration
R6911,C19576,2026-09-18,3,Order was delayed significantly,Shipping Migration
R6912,C98836,2026-09-18,1,Order was delayed significantly,Shipping Migration
R6913,C50698,2026-09-18,2,Package arrived very late,Shipping Migration
R6914,C86425,2026-09-18,1,Still waiting for my package,Shipping Migration
R6915,C41577,2026-09-18,2,Delivery took much longer than expected,Shipping Migration
R6916,C79150,2026-09-19,2,Order was delayed significantly,Shipping Migration
R6917,C52430,2026-09-19,2,Order was delayed significantly,Shipping Migration
R6918,C41586,2026-09-19,1,Tracking information never updated,Shipping Migration
R6919,C76608,2026-09-19,1,Shipping experience was disappointing,Shipping Migration
R6920,C75838,2026-09-19,1,Package arrived very late,Shipping Migration
R6921,C42852,2026-09-19,2,Still waiting for my package,Shipping Migration
R6922,C96795,2026-09-19,2,Still waiting for my package,Shipping Migration
R6923,C92346,2026-09-19,3,Shipping experience was disappointing,Shipping Migration
R6924,C74084,2026-09-19,1,Delivery took much longer than expected,Shipping Migration
R6925,C21059,2026-09-19,1,Tracking information never updated,Shipping Migration
R6926,C85443,2026-09-19,3,Tracking information never updated,Shipping Migration
R6927,C82084,2026-09-19,2,Order was delayed significantly,Shipping Migration
R6928,C28240,2026-09-19,1,Tracking information never updated,Shipping Migration
R6929,C94378,2026-09-19,1,Still waiting for my package,Shipping Migration
R6930,C85511,2026-09-19,1,Delivery took much longer than expected,Shipping Migration
R6931,C26222,2026-09-19,2,Still waiting for my package,Shipping Migration
R6932,C56468,2026-09-19,2,Shipping experience was disappointing,Shipping Migration
R6933,C43087,2026-09-19,1,Still waiting for my package,Shipping Migration
R6934,C639,2026-09-19,1,Package arrived very late,Shipping Migration
R6935,C66761,2026-09-19,3,Still waiting for my package,Shipping Migration
R6936,C48048,2026-09-19,3,Tracking information never updated,Shipping Migration
R6937,C63005,2026-09-19,3,Still waiting for my package,Shipping Migration
R6938,C26082,2026-09-19,1,Package arrived very late,Shipping Migration
R6939,C15643,2026-09-19,2,Package arrived very late,Shipping Migration
R6940,C17400,2026-09-19,1,Order was delayed significantly,Shipping Migration
R6941,C2135,2026-09-19,1,Package arrived very late,Shipping Migration
R6942,C95924,2026-09-19,1,Package arrived very late,Shipping Migration
R6943,C72800,2026-09-19,3,Package arrived very late,Shipping Migration
R6944,C69051,2026-09-19,1,Shipping experience was disappointing,Shipping Migration
R6945,C50547,2026-09-19,3,Package arrived very late,Shipping Migration
R6946,C75037,2026-09-19,1,Delivery took much longer than expected,Shipping Migration
R6947,C10134,2026-09-19,1,Delivery took much longer than expected,Shipping Migration
R6948,C96994,2026-09-19,1,Still waiting for my package,Shipping Migration
R6949,C79884,2026-09-19,2,Still waiting for my package,Shipping Migration
R6950,C70232,2026-09-19,1,Delivery took much longer than expected,Shipping Migration
R6951,C47405,2026-09-19,2,Order was delayed significantly,Shipping Migration
R6952,C81110,2026-09-19,3,Order was delayed significantly,Shipping Migration
R6953,C93793,2026-09-19,1,Package arrived very late,Shipping Migration
R6954,C82160,2026-09-19,1,Tracking information never updated,Shipping Migration
R6955,C41816,2026-09-19,1,Still waiting for my package,Shipping Migration
R6956,C63237,2026-09-19,3,Still waiting for my package,Shipping Migration
R6957,C89654,2026-09-19,1,Order was delayed significantly,Shipping Migration
R6958,C98157,2026-09-19,2,Order was delayed significantly,Shipping Migration
R6959,C34122,2026-09-19,2,Order was delayed significantly,Shipping Migration
R6960,C45679,2026-09-20,1,Shipping experience was disappointing,Shipping Migration
R6961,C96343,2026-09-20,1,Tracking information never updated,Shipping Migration
R6962,C57236,2026-09-20,2,Shipping experience was disappointing,Shipping Migration
R6963,C47512,2026-09-20,3,Still waiting for my package,Shipping Migration
R6964,C10115,2026-09-20,1,Shipping experience was disappointing,Shipping Migration
R6965,C35777,2026-09-20,1,Still waiting for my package,Shipping Migration
R6966,C23757,2026-09-20,2,Delivery took much longer than expected,Shipping Migration
R6967,C76903,2026-09-20,1,Still waiting for my package,Shipping Migration
R6968,C57156,2026-09-20,3,Delivery took much longer than expected,Shipping Migration
R6969,C65317,2026-09-20,1,Package arrived very late,Shipping Migration
R6970,C39212,2026-09-20,1,Delivery took much longer than expected,Shipping Migration
R6971,C41418,2026-09-20,1,Still waiting for my package,Shipping Migration
R6972,C31438,2026-09-20,3,Tracking information never updated,Shipping Migration
R6973,C19623,2026-09-20,2,Delivery took much longer than expected,Shipping Migration
R6974,C93446,2026-09-20,3,Shipping experience was disappointing,Shipping Migration
R6975,C98430,2026-09-20,1,Tracking information never updated,Shipping Migration
R6976,C99611,2026-09-20,2,Still waiting for my package,Shipping Migration
R6977,C32904,2026-09-20,1,Still waiting for my package,Shipping Migration
R6978,C97562,2026-09-20,1,Package arrived very late,Shipping Migration
R6979,C91857,2026-09-20,2,Delivery took much longer than expected,Shipping Migration
R6980,C15228,2026-09-20,2,Tracking information never updated,Shipping Migration
R6981,C98973,2026-09-20,1,Delivery took much longer than expected,Shipping Migration
R6982,C58205,2026-09-20,1,Still waiting for my package,Shipping Migration
R6983,C74990,2026-09-20,1,Package arrived very late,Shipping Migration
R6984,C93907,2026-09-20,3,Delivery took much longer than expected,Shipping Migration
R6985,C4335,2026-09-20,2,Still waiting for my package,Shipping Migration
R6986,C22069,2026-09-20,2,Shipping experience was disappointing,Shipping Migration
R6987,C16286,2026-09-20,2,Package arrived very late,Shipping Migration
R6988,C24137,2026-09-20,1,Order was delayed significantly,Shipping Migration
R6989,C95002,2026-09-20,1,Tracking information never updated,Shipping Migration
R6990,C25853,2026-09-21,1,Package arrived very late,Shipping Migration
R6991,C54087,2026-09-21,3,Shipping experience was disappointing,Shipping Migration
R6992,C25650,2026-09-21,1,Delivery took much longer than expected,Shipping Migration
R6993,C30581,2026-09-21,1,Order was delayed significantly,Shipping Migration
R6994,C81119,2026-09-21,1,Order was delayed significantly,Shipping Migration
R6995,C24237,2026-09-21,1,Still waiting for my package,Shipping Migration
R6996,C82566,2026-09-21,2,Shipping experience was disappointing,Shipping Migration
R6997,C88024,2026-09-21,3,Shipping experience was disappointing,Shipping Migration
R6998,C53277,2026-09-21,2,Still waiting for my package,Shipping Migration
R6999,C57753,2026-09-21,1,Shipping experience was disappointing,Shipping Migration
R7000,C5273,2026-09-21,1,Package arrived very late,Shipping Migration
R7001,C48763,2026-09-21,1,Tracking information never updated,Shipping Migration
R7002,C78682,2026-09-21,1,Order was delayed significantly,Shipping Migration
R7003,C54889,2026-09-21,1,Tracking information never updated,Shipping Migration
R7004,C90729,2026-09-21,1,Shipping experience was disappointing,Shipping Migration
R7005,C60400,2026-09-21,3,Package arrived very late,Shipping Migration
R7006,C57677,2026-09-21,1,Tracking information never updated,Shipping Migration
R7007,C97568,2026-09-21,1,Tracking information never updated,Shipping Migration
R7008,C20338,2026-09-21,2,Package arrived very late,Shipping Migration
R7009,C24508,2026-09-21,2,Still waiting for my package,Shipping Migration
R7010,C10087,2026-09-21,2,Shipping experience was disappointing,Shipping Migration
R7011,C39733,2026-09-21,1,Shipping experience was disappointing,Shipping Migration
R7012,C95491,2026-09-21,1,Tracking information never updated,Shipping Migration
R7013,C3880,2026-09-21,1,Package arrived very late,Shipping Migration
R7014,C35036,2026-09-21,1,Package arrived very late,Shipping Migration
R7015,C76525,2026-09-21,3,Order was delayed significantly,Shipping Migration
R7016,C73310,2026-09-21,2,Package arrived very late,Shipping Migration
R7017,C33125,2026-09-21,2,Shipping experience was disappointing,Shipping Migration
R7018,C71036,2026-09-21,2,Order was delayed significantly,Shipping Migration
R7019,C25403,2026-09-21,1,Package arrived very late,Shipping Migration
R7020,C66202,2026-09-21,3,Still waiting for my package,Shipping Migration
R7021,C76311,2026-09-21,2,Still waiting for my package,Shipping Migration
R7022,C7046,2026-09-21,3,Package arrived very late,Shipping Migration
R7023,C78880,2026-09-22,1,Still waiting for my package,Shipping Migration
R7024,C48023,2026-09-22,2,Delivery took much longer than expected,Shipping Migration
R7025,C70717,2026-09-22,3,Delivery took much longer than expected,Shipping Migration
R7026,C84566,2026-09-22,2,Shipping experience was disappointing,Shipping Migration
R7027,C1936,2026-09-22,2,Still waiting for my package,Shipping Migration
R7028,C77141,2026-09-22,1,Tracking information never updated,Shipping Migration
R7029,C94204,2026-09-22,3,Package arrived very late,Shipping Migration
R7030,C2839,2026-09-22,1,Package arrived very late,Shipping Migration
R7031,C99577,2026-09-22,2,Tracking information never updated,Shipping Migration
R7032,C91876,2026-09-22,2,Shipping experience was disappointing,Shipping Migration
R7033,C32644,2026-09-22,3,Delivery took much longer than expected,Shipping Migration
R7034,C63296,2026-09-22,1,Package arrived very late,Shipping Migration
R7035,C46895,2026-09-22,1,Shipping experience was disappointing,Shipping Migration
R7036,C52724,2026-09-22,2,Tracking information never updated,Shipping Migration
R7037,C46126,2026-09-22,1,Still waiting for my package,Shipping Migration
R7038,C97981,2026-09-22,1,Delivery took much longer than expected,Shipping Migration
R7039,C44384,2026-09-22,1,Still waiting for my package,Shipping Migration
R7040,C60942,2026-09-22,3,Delivery took much longer than expected,Shipping Migration
R7041,C5350,2026-09-22,1,Shipping experience was disappointing,Shipping Migration
R7042,C58,2026-09-22,2,Package arrived very late,Shipping Migration
R7043,C19122,2026-09-22,3,Still waiting for my package,Shipping Migration
R7044,C67819,2026-09-22,2,Still waiting for my package,Shipping Migration
R7045,C1432,2026-09-22,1,Tracking information never updated,Shipping Migration
R7046,C86128,2026-09-22,3,Still waiting for my package,Shipping Migration
R7047,C22736,2026-09-22,2,Order was delayed significantly,Shipping Migration
R7048,C85223,2026-09-22,3,Order was delayed significantly,Shipping Migration
R7049,C12637,2026-09-22,1,Package arrived very late,Shipping Migration
R7050,C28761,2026-09-22,3,Order was delayed significantly,Shipping Migration
R7051,C41483,2026-09-22,2,Tracking information never updated,Shipping Migration
R7052,C61266,2026-09-22,2,Order was delayed significantly,Shipping Migration
R7053,C34649,2026-09-22,2,Still waiting for my package,Shipping Migration
R7054,C3073,2026-09-22,2,Package arrived very late,Shipping Migration
R7055,C95769,2026-09-22,1,Tracking information never updated,Shipping Migration
R7056,C86412,2026-09-22,1,Tracking information never updated,Shipping Migration
R7057,C25121,2026-09-22,1,Order was delayed significantly,Shipping Migration
R7058,C85426,2026-09-22,3,Package arrived very late,Shipping Migration
R7059,C33922,2026-09-22,2,Shipping experience was disappointing,Shipping Migration
R7060,C18071,2026-09-22,3,Tracking information never updated,Shipping Migration
R7061,C90012,2026-09-22,1,Order was delayed significantly,Shipping Migration
R7062,C59440,2026-09-22,1,Tracking information never updated,Shipping Migration
R7063,C57957,2026-09-22,3,Package arrived very late,Shipping Migration
R7064,C57720,2026-09-22,2,Tracking information never updated,Shipping Migration
R7065,C97066,2026-09-22,1,Still waiting for my package,Shipping Migration
R7066,C50698,2026-09-22,2,Order was delayed significantly,Shipping Migration
R7067,C10273,2026-09-22,1,Tracking information never updated,Shipping Migration
R7068,C75237,2026-09-22,2,Shipping experience was disappointing,Shipping Migration
R7069,C56885,2026-09-22,1,Shipping experience was disappointing,Shipping Migration
R7070,C56479,2026-09-22,3,Package arrived very late,Shipping Migration
R7071,C20122,2026-09-22,2,Still waiting for my package,Shipping Migration
R7072,C60564,2026-09-23,1,Tracking information never updated,Shipping Migration
R7073,C92972,2026-09-23,3,Tracking information never updated,Shipping Migration
R7074,C45175,2026-09-23,1,Shipping experience was disappointing,Shipping Migration
R7075,C76789,2026-09-23,1,Delivery took much longer than expected,Shipping Migration
R7076,C11040,2026-09-23,1,Still waiting for my package,Shipping Migration
R7077,C11656,2026-09-23,1,Package arrived very late,Shipping Migration
R7078,C24631,2026-09-23,1,Tracking information never updated,Shipping Migration
R7079,C24888,2026-09-23,1,Tracking information never updated,Shipping Migration
R7080,C91069,2026-09-23,3,Order was delayed significantly,Shipping Migration
R7081,C2513,2026-09-23,3,Still waiting for my package,Shipping Migration
R7082,C35516,2026-09-23,1,Delivery took much longer than expected,Shipping Migration
R7083,C43747,2026-09-23,2,Delivery took much longer than expected,Shipping Migration
R7084,C12228,2026-09-23,2,Order was delayed significantly,Shipping Migration
R7085,C67565,2026-09-23,2,Order was delayed significantly,Shipping Migration
R7086,C18314,2026-09-23,1,Package arrived very late,Shipping Migration
R7087,C52493,2026-09-23,1,Tracking information never updated,Shipping Migration
R7088,C31071,2026-09-23,1,Shipping experience was disappointing,Shipping Migration
R7089,C96743,2026-09-23,1,Tracking information never updated,Shipping Migration
R7090,C36366,2026-09-23,3,Package arrived very late,Shipping Migration
R7091,C56725,2026-09-23,1,Tracking information never updated,Shipping Migration
R7092,C12680,2026-09-23,3,Tracking information never updated,Shipping Migration
R7093,C30366,2026-09-23,3,Still waiting for my package,Shipping Migration
R7094,C74454,2026-09-23,1,Delivery took much longer than expected,Shipping Migration
R7095,C98963,2026-09-23,3,Package arrived very late,Shipping Migration
R7096,C12292,2026-09-23,2,Still waiting for my package,Shipping Migration
R7097,C68742,2026-09-23,1,Tracking information never updated,Shipping Migration
R7098,C39480,2026-09-23,1,Shipping experience was disappointing,Shipping Migration
R7099,C68596,2026-09-23,2,Delivery took much longer than expected,Shipping Migration
R7100,C99979,2026-09-23,1,Order was delayed significantly,Shipping Migration
R7101,C52205,2026-09-23,2,Delivery took much longer than expected,Shipping Migration
R7102,C90842,2026-09-23,1,Tracking information never updated,Shipping Migration
R7103,C13384,2026-09-23,1,Shipping experience was disappointing,Shipping Migration
R7104,C26441,2026-09-23,1,Delivery took much longer than expected,Shipping Migration
R7105,C95191,2026-09-23,1,Order was delayed significantly,Shipping Migration
R7106,C10257,2026-09-23,3,Order was delayed significantly,Shipping Migration
R7107,C99827,2026-09-23,1,Delivery took much longer than expected,Shipping Migration
R7108,C1526,2026-09-23,1,Order was delayed significantly,Shipping Migration
R7109,C19508,2026-09-23,3,Still waiting for my package,Shipping Migration
R7110,C73186,2026-09-23,1,Shipping experience was disappointing,Shipping Migration
R7111,C81450,2026-09-23,2,Package arrived very late,Shipping Migration
R7112,C81166,2026-09-23,1,Tracking information never updated,Shipping Migration
R7113,C10720,2026-09-23,3,Shipping experience was disappointing,Shipping Migration
R7114,C9217,2026-09-24,2,Tracking information never updated,Shipping Migration
R7115,C50094,2026-09-24,1,Order was delayed significantly,Shipping Migration
R7116,C2439,2026-09-24,2,Tracking information never updated,Shipping Migration
R7117,C16761,2026-09-24,1,Package arrived very late,Shipping Migration
R7118,C9258,2026-09-24,2,Package arrived very late,Shipping Migration
R7119,C46574,2026-09-24,1,Tracking information never updated,Shipping Migration
R7120,C10297,2026-09-24,2,Delivery took much longer than expected,Shipping Migration
R7121,C35424,2026-09-24,1,Still waiting for my package,Shipping Migration
R7122,C62807,2026-09-24,1,Order was delayed significantly,Shipping Migration
R7123,C34342,2026-09-24,1,Order was delayed significantly,Shipping Migration
R7124,C10245,2026-09-24,3,Still waiting for my package,Shipping Migration
R7125,C28529,2026-09-24,2,Shipping experience was disappointing,Shipping Migration
R7126,C536,2026-09-24,1,Delivery took much longer than expected,Shipping Migration
R7127,C44494,2026-09-24,1,Still waiting for my package,Shipping Migration
R7128,C85018,2026-09-24,1,Package arrived very late,Shipping Migration
R7129,C66562,2026-09-24,3,Order was delayed significantly,Shipping Migration
R7130,C30193,2026-09-24,1,Still waiting for my package,Shipping Migration
R7131,C79942,2026-09-24,1,Still waiting for my package,Shipping Migration
R7132,C52511,2026-09-24,2,Delivery took much longer than expected,Shipping Migration
R7133,C56474,2026-09-24,3,Still waiting for my package,Shipping Migration
R7134,C57930,2026-09-24,2,Order was delayed significantly,Shipping Migration
R7135,C37373,2026-09-24,2,Package arrived very late,Shipping Migration
R7136,C12502,2026-09-24,1,Delivery took much longer than expected,Shipping Migration
R7137,C89361,2026-09-24,1,Still waiting for my package,Shipping Migration
R7138,C92863,2026-09-24,2,Tracking information never updated,Shipping Migration
R7139,C91862,2026-09-24,1,Package arrived very late,Shipping Migration
R7140,C26001,2026-09-24,1,Shipping experience was disappointing,Shipping Migration
R7141,C66393,2026-09-24,3,Order was delayed significantly,Shipping Migration
R7142,C69675,2026-09-24,1,Shipping experience was disappointing,Shipping Migration
R7143,C58825,2026-09-24,2,Delivery took much longer than expected,Shipping Migration
R7144,C95344,2026-09-24,2,Order was delayed significantly,Shipping Migration
R7145,C55475,2026-09-25,2,Still waiting for my package,Shipping Migration
R7146,C43810,2026-09-25,1,Shipping experience was disappointing,Shipping Migration
R7147,C96486,2026-09-25,3,Delivery took much longer than expected,Shipping Migration
R7148,C62328,2026-09-25,1,Still waiting for my package,Shipping Migration
R7149,C42968,2026-09-25,2,Shipping experience was disappointing,Shipping Migration
R7150,C68719,2026-09-25,2,Still waiting for my package,Shipping Migration
R7151,C33783,2026-09-25,2,Order was delayed significantly,Shipping Migration
R7152,C68389,2026-09-25,2,Shipping experience was disappointing,Shipping Migration
R7153,C7650,2026-09-25,3,Still waiting for my package,Shipping Migration
R7154,C90313,2026-09-25,1,Tracking information never updated,Shipping Migration
R7155,C58170,2026-09-25,1,Still waiting for my package,Shipping Migration
R7156,C74636,2026-09-25,2,Shipping experience was disappointing,Shipping Migration
R7157,C93828,2026-09-25,3,Shipping experience was disappointing,Shipping Migration
R7158,C36105,2026-09-25,1,Package arrived very late,Shipping Migration
R7159,C52446,2026-09-25,1,Package arrived very late,Shipping Migration
R7160,C98471,2026-09-25,1,Package arrived very late,Shipping Migration
R7161,C31127,2026-09-25,2,Delivery took much longer than expected,Shipping Migration
R7162,C45799,2026-09-25,1,Still waiting for my package,Shipping Migration
R7163,C95447,2026-09-25,1,Package arrived very late,Shipping Migration
R7164,C89939,2026-09-25,3,Order was delayed significantly,Shipping Migration
R7165,C24021,2026-09-25,2,Delivery took much longer than expected,Shipping Migration
R7166,C63538,2026-09-25,1,Shipping experience was disappointing,Shipping Migration
R7167,C95642,2026-09-25,3,Tracking information never updated,Shipping Migration
R7168,C19780,2026-09-25,1,Delivery took much longer than expected,Shipping Migration
R7169,C57565,2026-09-25,3,Delivery took much longer than expected,Shipping Migration
R7170,C78820,2026-09-25,1,Still waiting for my package,Shipping Migration
R7171,C93961,2026-09-25,2,Still waiting for my package,Shipping Migration
R7172,C38298,2026-09-25,1,Package arrived very late,Shipping Migration
R7173,C41349,2026-09-25,3,Delivery took much longer than expected,Shipping Migration
R7174,C95300,2026-09-25,2,Delivery took much longer than expected,Shipping Migration
R7175,C56885,2026-09-25,1,Package arrived very late,Shipping Migration
R7176,C43727,2026-09-25,1,Still waiting for my package,Shipping Migration
R7177,C71495,2026-09-26,3,Still waiting for my package,Shipping Migration
R7178,C58996,2026-09-26,2,Package arrived very late,Shipping Migration
R7179,C90689,2026-09-26,1,Shipping experience was disappointing,Shipping Migration
R7180,C29664,2026-09-26,2,Package arrived very late,Shipping Migration
R7181,C83276,2026-09-26,3,Shipping experience was disappointing,Shipping Migration
R7182,C60884,2026-09-26,3,Still waiting for my package,Shipping Migration
R7183,C98098,2026-09-26,2,Package arrived very late,Shipping Migration
R7184,C78268,2026-09-26,2,Still waiting for my package,Shipping Migration
R7185,C12977,2026-09-26,1,Delivery took much longer than expected,Shipping Migration
R7186,C45813,2026-09-26,1,Package arrived very late,Shipping Migration
R7187,C56400,2026-09-26,3,Delivery took much longer than expected,Shipping Migration
R7188,C81877,2026-09-26,1,Still waiting for my package,Shipping Migration
R7189,C55834,2026-09-26,2,Order was delayed significantly,Shipping Migration
R7190,C26014,2026-09-26,1,Delivery took much longer than expected,Shipping Migration
R7191,C45609,2026-09-26,2,Delivery took much longer than expected,Shipping Migration
R7192,C40895,2026-09-26,1,Shipping experience was disappointing,Shipping Migration
R7193,C76460,2026-09-26,1,Package arrived very late,Shipping Migration
R7194,C10936,2026-09-26,1,Still waiting for my package,Shipping Migration
R7195,C7692,2026-09-26,2,Package arrived very late,Shipping Migration
R7196,C15689,2026-09-26,2,Tracking information never updated,Shipping Migration
R7197,C3087,2026-09-26,1,Package arrived very late,Shipping Migration
R7198,C73397,2026-09-26,1,Package arrived very late,Shipping Migration
R7199,C98998,2026-09-26,1,Still waiting for my package,Shipping Migration
R7200,C10852,2026-09-26,1,Order was delayed significantly,Shipping Migration
R7201,C5294,2026-09-26,1,Package arrived very late,Shipping Migration
R7202,C67828,2026-09-26,1,Order was delayed significantly,Shipping Migration
R7203,C41971,2026-09-26,1,Order was delayed significantly,Shipping Migration
R7204,C83128,2026-09-26,1,Shipping experience was disappointing,Shipping Migration
R7205,C83599,2026-09-26,3,Delivery took much longer than expected,Shipping Migration
R7206,C80139,2026-09-26,1,Shipping experience was disappointing,Shipping Migration
R7207,C85349,2026-09-26,2,Shipping experience was disappointing,Shipping Migration
R7208,C11291,2026-09-26,3,Still waiting for my package,Shipping Migration
R7209,C52137,2026-09-26,2,Order was delayed significantly,Shipping Migration
R7210,C8223,2026-09-27,2,Order was delayed significantly,Shipping Migration
R7211,C11005,2026-09-27,2,Order was delayed significantly,Shipping Migration
R7212,C80953,2026-09-27,3,Tracking information never updated,Shipping Migration
R7213,C3186,2026-09-27,2,Delivery took much longer than expected,Shipping Migration
R7214,C54477,2026-09-27,1,Delivery took much longer than expected,Shipping Migration
R7215,C48534,2026-09-27,2,Shipping experience was disappointing,Shipping Migration
R7216,C68607,2026-09-27,2,Order was delayed significantly,Shipping Migration
R7217,C16586,2026-09-27,1,Shipping experience was disappointing,Shipping Migration
R7218,C79992,2026-09-27,2,Package arrived very late,Shipping Migration
R7219,C90300,2026-09-27,3,Order was delayed significantly,Shipping Migration
R7220,C17939,2026-09-27,1,Still waiting for my package,Shipping Migration
R7221,C46210,2026-09-27,3,Tracking information never updated,Shipping Migration
R7222,C27947,2026-09-27,2,Order was delayed significantly,Shipping Migration
R7223,C73332,2026-09-27,3,Package arrived very late,Shipping Migration
R7224,C28995,2026-09-27,1,Package arrived very late,Shipping Migration
R7225,C24936,2026-09-27,1,Tracking information never updated,Shipping Migration
R7226,C64876,2026-09-27,1,Shipping experience was disappointing,Shipping Migration
R7227,C28616,2026-09-27,3,Still waiting for my package,Shipping Migration
R7228,C34063,2026-09-27,2,Shipping experience was disappointing,Shipping Migration
R7229,C28206,2026-09-27,3,Tracking information never updated,Shipping Migration
R7230,C23751,2026-09-27,1,Order was delayed significantly,Shipping Migration
R7231,C38586,2026-09-27,2,Still waiting for my package,Shipping Migration
R7232,C76227,2026-09-27,1,Tracking information never updated,Shipping Migration
R7233,C75994,2026-09-27,1,Delivery took much longer than expected,Shipping Migration
R7234,C55179,2026-09-27,2,Order was delayed significantly,Shipping Migration
R7235,C99850,2026-09-27,1,Order was delayed significantly,Shipping Migration
R7236,C46267,2026-09-27,2,Package arrived very late,Shipping Migration
R7237,C37143,2026-09-27,1,Order was delayed significantly,Shipping Migration
R7238,C9850,2026-09-27,2,Shipping experience was disappointing,Shipping Migration
R7239,C78873,2026-09-27,1,Delivery took much longer than expected,Shipping Migration
R7240,C5052,2026-09-27,3,Delivery took much longer than expected,Shipping Migration
R7241,C16968,2026-09-27,2,Tracking information never updated,Shipping Migration
R7242,C74384,2026-09-27,1,Still waiting for my package,Shipping Migration
R7243,C63590,2026-09-27,1,Package arrived very late,Shipping Migration
R7244,C64373,2026-09-27,1,Order was delayed significantly,Shipping Migration
R7245,C69087,2026-09-27,3,Shipping experience was disappointing,Shipping Migration
R7246,C95212,2026-09-27,3,Order was delayed significantly,Shipping Migration
R7247,C26593,2026-09-27,1,Package arrived very late,Shipping Migration
R7248,C89263,2026-09-27,1,Still waiting for my package,Shipping Migration
R7249,C4559,2026-09-27,2,Tracking information never updated,Shipping Migration
R7250,C15553,2026-09-27,3,Still waiting for my package,Shipping Migration
R7251,C34648,2026-09-27,1,Package arrived very late,Shipping Migration
R7252,C21892,2026-09-27,1,Shipping experience was disappointing,Shipping Migration
R7253,C23501,2026-09-27,2,Order was delayed significantly,Shipping Migration
R7254,C50190,2026-09-27,1,Still waiting for my package,Shipping Migration
R7255,C76090,2026-09-27,3,Tracking information never updated,Shipping Migration
R7256,C24822,2026-09-28,1,Delivery took much longer than expected,Shipping Migration
R7257,C71658,2026-09-28,1,Package arrived very late,Shipping Migration
R7258,C50503,2026-09-28,2,Still waiting for my package,Shipping Migration
R7259,C89068,2026-09-28,2,Package arrived very late,Shipping Migration
R7260,C44281,2026-09-28,1,Still waiting for my package,Shipping Migration
R7261,C16916,2026-09-28,3,Still waiting for my package,Shipping Migration
R7262,C98903,2026-09-28,2,Still waiting for my package,Shipping Migration
R7263,C35678,2026-09-28,1,Shipping experience was disappointing,Shipping Migration
R7264,C67562,2026-09-28,1,Delivery took much longer than expected,Shipping Migration
R7265,C2767,2026-09-28,3,Shipping experience was disappointing,Shipping Migration
R7266,C10936,2026-09-28,1,Tracking information never updated,Shipping Migration
R7267,C29180,2026-09-28,1,Delivery took much longer than expected,Shipping Migration
R7268,C56269,2026-09-28,1,Still waiting for my package,Shipping Migration
R7269,C77819,2026-09-28,1,Tracking information never updated,Shipping Migration
R7270,C44274,2026-09-28,1,Still waiting for my package,Shipping Migration
R7271,C4611,2026-09-28,2,Tracking information never updated,Shipping Migration
R7272,C7584,2026-09-28,1,Still waiting for my package,Shipping Migration
R7273,C89258,2026-09-28,3,Still waiting for my package,Shipping Migration
R7274,C72418,2026-09-28,1,Still waiting for my package,Shipping Migration
R7275,C13230,2026-09-28,2,Tracking information never updated,Shipping Migration
R7276,C11440,2026-09-28,1,Tracking information never updated,Shipping Migration
R7277,C69361,2026-09-28,1,Package arrived very late,Shipping Migration
R7278,C15566,2026-09-28,1,Delivery took much longer than expected,Shipping Migration
R7279,C62135,2026-09-28,1,Order was delayed significantly,Shipping Migration
R7280,C99253,2026-09-28,2,Still waiting for my package,Shipping Migration
R7281,C57499,2026-09-28,3,Tracking information never updated,Shipping Migration
R7282,C42531,2026-09-28,2,Delivery took much longer than expected,Shipping Migration
R7283,C17917,2026-09-28,1,Order was delayed significantly,Shipping Migration
R7284,C65047,2026-09-28,1,Delivery took much longer than expected,Shipping Migration
R7285,C62147,2026-09-28,2,Still waiting for my package,Shipping Migration
R7286,C57147,2026-09-28,1,Tracking information never updated,Shipping Migration
R7287,C90957,2026-09-28,2,Delivery took much longer than expected,Shipping Migration
R7288,C56920,2026-09-28,1,Order was delayed significantly,Shipping Migration
R7289,C1836,2026-09-28,1,Delivery took much longer than expected,Shipping Migration
R7290,C9180,2026-09-29,1,Still waiting for my package,Shipping Migration
R7291,C99211,2026-09-29,2,Delivery took much longer than expected,Shipping Migration
R7292,C67157,2026-09-29,1,Order was delayed significantly,Shipping Migration
R7293,C53571,2026-09-29,1,Shipping experience was disappointing,Shipping Migration
R7294,C5302,2026-09-29,1,Order was delayed significantly,Shipping Migration
R7295,C8273,2026-09-29,1,Delivery took much longer than expected,Shipping Migration
R7296,C98771,2026-09-29,2,Still waiting for my package,Shipping Migration
R7297,C63441,2026-09-29,1,Order was delayed significantly,Shipping Migration
R7298,C15165,2026-09-29,1,Still waiting for my package,Shipping Migration
R7299,C83553,2026-09-29,2,Order was delayed significantly,Shipping Migration
R7300,C64951,2026-09-29,1,Delivery took much longer than expected,Shipping Migration
R7301,C72793,2026-09-29,3,Still waiting for my package,Shipping Migration
R7302,C31978,2026-09-29,3,Order was delayed significantly,Shipping Migration
R7303,C77238,2026-09-29,1,Delivery took much longer than expected,Shipping Migration
R7304,C65168,2026-09-29,1,Order was delayed significantly,Shipping Migration
R7305,C40913,2026-09-29,1,Shipping experience was disappointing,Shipping Migration
R7306,C61517,2026-09-29,1,Shipping experience was disappointing,Shipping Migration
R7307,C22152,2026-09-29,2,Tracking information never updated,Shipping Migration
R7308,C40889,2026-09-29,1,Package arrived very late,Shipping Migration
R7309,C74980,2026-09-29,1,Order was delayed significantly,Shipping Migration
R7310,C68346,2026-09-29,1,Tracking information never updated,Shipping Migration
R7311,C59118,2026-09-29,3,Package arrived very late,Shipping Migration
R7312,C26658,2026-09-29,2,Tracking information never updated,Shipping Migration
R7313,C17802,2026-09-29,1,Tracking information never updated,Shipping Migration
R7314,C5137,2026-09-29,2,Still waiting for my package,Shipping Migration
R7315,C78028,2026-09-29,3,Package arrived very late,Shipping Migration
R7316,C16407,2026-09-29,3,Tracking information never updated,Shipping Migration
R7317,C71824,2026-09-29,3,Still waiting for my package,Shipping Migration
R7318,C55620,2026-09-29,1,Package arrived very late,Shipping Migration
R7319,C34375,2026-09-29,3,Tracking information never updated,Shipping Migration
R7320,C8317,2026-09-29,1,Package arrived very late,Shipping Migration
R7321,C99988,2026-09-29,1,Shipping experience was disappointing,Shipping Migration
R7322,C90474,2026-09-30,1,Package arrived very late,Shipping Migration
R7323,C78683,2026-09-30,1,Order was delayed significantly,Shipping Migration
R7324,C3224,2026-09-30,1,Still waiting for my package,Shipping Migration
R7325,C12864,2026-09-30,3,Package arrived very late,Shipping Migration
R7326,C89625,2026-09-30,1,Delivery took much longer than expected,Shipping Migration
R7327,C89219,2026-09-30,1,Order was delayed significantly,Shipping Migration
R7328,C82963,2026-09-30,1,Shipping experience was disappointing,Shipping Migration
R7329,C22988,2026-09-30,2,Delivery took much longer than expected,Shipping Migration
R7330,C50536,2026-09-30,2,Package arrived very late,Shipping Migration
R7331,C80432,2026-09-30,2,Still waiting for my package,Shipping Migration
R7332,C57252,2026-09-30,1,Tracking information never updated,Shipping Migration
R7333,C26322,2026-09-30,3,Still waiting for my package,Shipping Migration
R7334,C71494,2026-09-30,1,Tracking information never updated,Shipping Migration
R7335,C64587,2026-09-30,1,Tracking information never updated,Shipping Migration
R7336,C83607,2026-09-30,1,Still waiting for my package,Shipping Migration
R7337,C20573,2026-09-30,2,Package arrived very late,Shipping Migration
R7338,C60862,2026-09-30,3,Shipping experience was disappointing,Shipping Migration
R7339,C75020,2026-09-30,2,Delivery took much longer than expected,Shipping Migration
R7340,C21789,2026-09-30,1,Still waiting for my package,Shipping Migration
R7341,C77851,2026-09-30,1,Order was delayed significantly,Shipping Migration
R7342,C93317,2026-09-30,3,Still waiting for my package,Shipping Migration
R7343,C13069,2026-09-30,2,Order was delayed significantly,Shipping Migration
R7344,C76594,2026-09-30,3,Package arrived very late,Shipping Migration
R7345,C63373,2026-09-30,3,Package arrived very late,Shipping Migration
R7346,C68087,2026-09-30,1,Tracking information never updated,Shipping Migration
R7347,C16624,2026-09-30,2,Delivery took much longer than expected,Shipping Migration
R7348,C64137,2026-09-30,1,Package arrived very late,Shipping Migration
R7349,C57062,2026-09-30,1,Tracking information never updated,Shipping Migration
R7350,C97323,2026-09-30,2,Still waiting for my package,Shipping Migration
R7351,C77229,2026-09-30,1,Package arrived very late,Shipping Migration
R7352,C52159,2026-09-30,3,Shipping experience was disappointing,Shipping Migration
R7353,C23462,2026-10-01,5,Great product and fast delivery,Normal Operations
R7354,C82629,2026-10-01,5,Will buy again from this store,Normal Operations
R7355,C90578,2026-10-01,4,Great product and fast delivery,Normal Operations
R7356,C12778,2026-10-01,5,Received order on time,Normal Operations
R7357,C80866,2026-10-01,5,Great product and fast delivery,Normal Operations
R7358,C91587,2026-10-01,5,Easy checkout process,Normal Operations
R7359,C80167,2026-10-01,5,Great product and fast delivery,Normal Operations
R7360,C98643,2026-10-01,4,Customer service was helpful,Normal Operations
R7361,C77028,2026-10-01,5,Excellent shopping experience,Normal Operations
R7362,C14359,2026-10-01,4,Great product and fast delivery,Normal Operations
R7363,C50322,2026-10-01,4,Great product and fast delivery,Normal Operations
R7364,C11334,2026-10-01,4,Received order on time,Normal Operations
R7365,C51363,2026-10-01,4,Customer service was helpful,Normal Operations
R7366,C81332,2026-10-01,5,Great product and fast delivery,Normal Operations
R7367,C90186,2026-10-01,5,Will buy again from this store,Normal Operations
R7368,C8349,2026-10-01,4,Excellent shopping experience,Normal Operations
R7369,C85031,2026-10-01,4,Customer service was helpful,Normal Operations
R7370,C18641,2026-10-02,4,Received order on time,Normal Operations
R7371,C1892,2026-10-02,4,Easy checkout process,Normal Operations
R7372,C52617,2026-10-02,5,Received order on time,Normal Operations
R7373,C9968,2026-10-02,5,Good quality product,Normal Operations
R7374,C93832,2026-10-02,4,Great product and fast delivery,Normal Operations
R7375,C72308,2026-10-02,5,Excellent shopping experience,Normal Operations
R7376,C55901,2026-10-02,5,Good quality product,Normal Operations
R7377,C9833,2026-10-02,5,Good quality product,Normal Operations
R7378,C84022,2026-10-02,5,Great product and fast delivery,Normal Operations
R7379,C16803,2026-10-02,5,Will buy again from this store,Normal Operations
R7380,C22160,2026-10-02,5,Very satisfied with my purchase,Normal Operations
R7381,C34520,2026-10-02,5,Good quality product,Normal Operations
R7382,C22508,2026-10-02,5,Very satisfied with my purchase,Normal Operations
R7383,C27676,2026-10-02,4,Good quality product,Normal Operations
R7384,C35471,2026-10-02,5,Will buy again from this store,Normal Operations
R7385,C14543,2026-10-02,5,Received order on time,Normal Operations
R7386,C35691,2026-10-02,5,Received order on time,Normal Operations
R7387,C85545,2026-10-02,5,Customer service was helpful,Normal Operations
R7388,C95516,2026-10-02,5,Great product and fast delivery,Normal Operations
R7389,C4226,2026-10-02,4,Good quality product,Normal Operations
R7390,C81260,2026-10-02,5,Easy checkout process,Normal Operations
R7391,C39438,2026-10-03,5,Excellent shopping experience,Normal Operations
R7392,C79838,2026-10-03,5,Very satisfied with my purchase,Normal Operations
R7393,C41169,2026-10-03,5,Will buy again from this store,Normal Operations
R7394,C71617,2026-10-03,5,Very satisfied with my purchase,Normal Operations
R7395,C11056,2026-10-03,5,Great product and fast delivery,Normal Operations
R7396,C3801,2026-10-03,5,Great product and fast delivery,Normal Operations
R7397,C26867,2026-10-03,5,Very satisfied with my purchase,Normal Operations
R7398,C98698,2026-10-03,5,Great product and fast delivery,Normal Operations
R7399,C82278,2026-10-03,5,Very satisfied with my purchase,Normal Operations
R7400,C39586,2026-10-03,4,Good quality product,Normal Operations
R7401,C31281,2026-10-03,4,Excellent shopping experience,Normal Operations
R7402,C155,2026-10-03,5,Will buy again from this store,Normal Operations
R7403,C8679,2026-10-03,4,Customer service was helpful,Normal Operations
R7404,C48748,2026-10-03,4,Customer service was helpful,Normal Operations
R7405,C47554,2026-10-03,5,Customer service was helpful,Normal Operations
R7406,C7808,2026-10-03,5,Easy checkout process,Normal Operations
R7407,C32144,2026-10-03,5,Great product and fast delivery,Normal Operations
R7408,C24716,2026-10-03,4,Great product and fast delivery,Normal Operations
R7409,C27988,2026-10-03,5,Customer service was helpful,Normal Operations
R7410,C13628,2026-10-04,4,Easy checkout process,Normal Operations
R7411,C40410,2026-10-04,5,Excellent shopping experience,Normal Operations
R7412,C61487,2026-10-04,5,Excellent shopping experience,Normal Operations
R7413,C18463,2026-10-04,5,Received order on time,Normal Operations
R7414,C38548,2026-10-04,4,Very satisfied with my purchase,Normal Operations
R7415,C82274,2026-10-04,5,Easy checkout process,Normal Operations
R7416,C52789,2026-10-04,5,Great product and fast delivery,Normal Operations
R7417,C63997,2026-10-04,4,Received order on time,Normal Operations
R7418,C10925,2026-10-04,5,Will buy again from this store,Normal Operations
R7419,C17814,2026-10-04,5,Excellent shopping experience,Normal Operations
R7420,C68957,2026-10-04,4,Good quality product,Normal Operations
R7421,C30540,2026-10-04,5,Good quality product,Normal Operations
R7422,C35675,2026-10-04,5,Received order on time,Normal Operations
R7423,C85344,2026-10-04,4,Will buy again from this store,Normal Operations
R7424,C3666,2026-10-04,5,Excellent shopping experience,Normal Operations
R7425,C55542,2026-10-05,5,Good quality product,Normal Operations
R7426,C70826,2026-10-05,5,Easy checkout process,Normal Operations
R7427,C97520,2026-10-05,5,Customer service was helpful,Normal Operations
R7428,C50412,2026-10-05,5,Great product and fast delivery,Normal Operations
R7429,C15363,2026-10-05,4,Will buy again from this store,Normal Operations
R7430,C44163,2026-10-05,4,Easy checkout process,Normal Operations
R7431,C58569,2026-10-05,5,Very satisfied with my purchase,Normal Operations
R7432,C66551,2026-10-05,5,Received order on time,Normal Operations
R7433,C45641,2026-10-05,4,Excellent shopping experience,Normal Operations
R7434,C7586,2026-10-05,4,Very satisfied with my purchase,Normal Operations
R7435,C17302,2026-10-05,4,Easy checkout process,Normal Operations
R7436,C55212,2026-10-05,5,Received order on time,Normal Operations
R7437,C57203,2026-10-05,4,Excellent shopping experience,Normal Operations
R7438,C38752,2026-10-05,5,Customer service was helpful,Normal Operations
R7439,C84565,2026-10-05,4,Very satisfied with my purchase,Normal Operations
R7440,C5703,2026-10-05,5,Customer service was helpful,Normal Operations
R7441,C98280,2026-10-05,5,Received order on time,Normal Operations
R7442,C6033,2026-10-05,5,Received order on time,Normal Operations
R7443,C48102,2026-10-05,4,Excellent shopping experience,Normal Operations
R7444,C27269,2026-10-05,4,Very satisfied with my purchase,Normal Operations
R7445,C8807,2026-10-05,5,Very satisfied with my purchase,Normal Operations
R7446,C35778,2026-10-06,4,Good quality product,Normal Operations
R7447,C36828,2026-10-06,5,Received order on time,Normal Operations
R7448,C68447,2026-10-06,5,Very satisfied with my purchase,Normal Operations
R7449,C91651,2026-10-06,5,Easy checkout process,Normal Operations
R7450,C44930,2026-10-06,4,Will buy again from this store,Normal Operations
R7451,C45820,2026-10-06,5,Will buy again from this store,Normal Operations
R7452,C13055,2026-10-06,5,Easy checkout process,Normal Operations
R7453,C26251,2026-10-06,4,Customer service was helpful,Normal Operations
R7454,C71124,2026-10-06,5,Very satisfied with my purchase,Normal Operations
R7455,C56866,2026-10-06,4,Will buy again from this store,Normal Operations
R7456,C76341,2026-10-06,5,Great product and fast delivery,Normal Operations
R7457,C358,2026-10-06,4,Received order on time,Normal Operations
R7458,C54255,2026-10-06,4,Customer service was helpful,Normal Operations
R7459,C94177,2026-10-06,4,Great product and fast delivery,Normal Operations
R7460,C85479,2026-10-06,4,Easy checkout process,Normal Operations
R7461,C4448,2026-10-06,4,Good quality product,Normal Operations
R7462,C49290,2026-10-06,5,Received order on time,Normal Operations
R7463,C24719,2026-10-07,5,Will buy again from this store,Normal Operations
R7464,C60978,2026-10-07,5,Will buy again from this store,Normal Operations
R7465,C30263,2026-10-07,5,Very satisfied with my purchase,Normal Operations
R7466,C34788,2026-10-07,4,Customer service was helpful,Normal Operations
R7467,C50345,2026-10-07,5,Customer service was helpful,Normal Operations
R7468,C97465,2026-10-07,5,Excellent shopping experience,Normal Operations
R7469,C60065,2026-10-07,5,Very satisfied with my purchase,Normal Operations
R7470,C31280,2026-10-07,4,Customer service was helpful,Normal Operations
R7471,C68774,2026-10-07,5,Very satisfied with my purchase,Normal Operations
R7472,C44955,2026-10-07,5,Received order on time,Normal Operations
R7473,C56813,2026-10-07,5,Very satisfied with my purchase,Normal Operations
R7474,C66630,2026-10-07,4,Excellent shopping experience,Normal Operations
R7475,C21874,2026-10-07,4,Very satisfied with my purchase,Normal Operations
R7476,C20527,2026-10-07,5,Good quality product,Normal Operations
R7477,C16007,2026-10-07,5,Excellent shopping experience,Normal Operations
R7478,C42524,2026-10-07,4,Received order on time,Normal Operations
R7479,C52785,2026-10-07,5,Easy checkout process,Normal Operations
R7480,C17947,2026-10-07,4,Very satisfied with my purchase,Normal Operations
R7481,C29405,2026-10-07,5,Will buy again from this store,Normal Operations
R7482,C15429,2026-10-07,5,Excellent shopping experience,Normal Operations
R7483,C64373,2026-10-07,4,Customer service was helpful,Normal Operations
R7484,C85505,2026-10-08,5,Received order on time,Normal Operations
R7485,C76024,2026-10-08,4,Very satisfied with my purchase,Normal Operations
R7486,C81824,2026-10-08,5,Received order on time,Normal Operations
R7487,C47977,2026-10-08,4,Very satisfied with my purchase,Normal Operations
R7488,C51517,2026-10-08,5,Received order on time,Normal Operations
R7489,C19690,2026-10-08,4,Great product and fast delivery,Normal Operations
R7490,C35389,2026-10-08,5,Will buy again from this store,Normal Operations
R7491,C25790,2026-10-08,5,Will buy again from this store,Normal Operations
R7492,C89290,2026-10-08,4,Great product and fast delivery,Normal Operations
R7493,C91628,2026-10-08,4,Easy checkout process,Normal Operations
R7494,C91124,2026-10-08,5,Easy checkout process,Normal Operations
R7495,C52564,2026-10-08,4,Good quality product,Normal Operations
R7496,C86841,2026-10-08,5,Customer service was helpful,Normal Operations
R7497,C94836,2026-10-08,5,Easy checkout process,Normal Operations
R7498,C33757,2026-10-08,4,Received order on time,Normal Operations
R7499,C81340,2026-10-08,5,Easy checkout process,Normal Operations
R7500,C6089,2026-10-08,5,Great product and fast delivery,Normal Operations
R7501,C61389,2026-10-08,4,Excellent shopping experience,Normal Operations
R7502,C16221,2026-10-08,5,Will buy again from this store,Normal Operations
R7503,C46382,2026-10-08,5,Will buy again from this store,Normal Operations
R7504,C18947,2026-10-09,5,Received order on time,Normal Operations
R7505,C61532,2026-10-09,5,Good quality product,Normal Operations
R7506,C24441,2026-10-09,4,Easy checkout process,Normal Operations
R7507,C21789,2026-10-09,5,Customer service was helpful,Normal Operations
R7508,C52290,2026-10-09,4,Easy checkout process,Normal Operations
R7509,C7800,2026-10-09,5,Received order on time,Normal Operations
R7510,C82923,2026-10-09,5,Good quality product,Normal Operations
R7511,C25148,2026-10-09,4,Will buy again from this store,Normal Operations
R7512,C20915,2026-10-09,5,Very satisfied with my purchase,Normal Operations
R7513,C88590,2026-10-09,5,Received order on time,Normal Operations
R7514,C46899,2026-10-09,5,Excellent shopping experience,Normal Operations
R7515,C76032,2026-10-09,5,Will buy again from this store,Normal Operations
R7516,C40276,2026-10-09,5,Easy checkout process,Normal Operations
R7517,C33946,2026-10-09,4,Good quality product,Normal Operations
R7518,C76611,2026-10-09,4,Customer service was helpful,Normal Operations
R7519,C88198,2026-10-10,5,Will buy again from this store,Normal Operations
R7520,C61798,2026-10-10,5,Received order on time,Normal Operations
R7521,C82055,2026-10-10,5,Excellent shopping experience,Normal Operations
R7522,C60052,2026-10-10,4,Easy checkout process,Normal Operations
R7523,C75205,2026-10-10,5,Customer service was helpful,Normal Operations
R7524,C75769,2026-10-10,4,Will buy again from this store,Normal Operations
R7525,C25569,2026-10-10,5,Will buy again from this store,Normal Operations
R7526,C83817,2026-10-10,5,Received order on time,Normal Operations
R7527,C88613,2026-10-10,5,Excellent shopping experience,Normal Operations
R7528,C23334,2026-10-10,5,Very satisfied with my purchase,Normal Operations
R7529,C38876,2026-10-10,5,Will buy again from this store,Normal Operations
R7530,C61827,2026-10-10,4,Will buy again from this store,Normal Operations
R7531,C78846,2026-10-10,4,Great product and fast delivery,Normal Operations
R7532,C73747,2026-10-10,5,Very satisfied with my purchase,Normal Operations
R7533,C53907,2026-10-10,4,Customer service was helpful,Normal Operations
R7534,C4699,2026-10-10,5,Excellent shopping experience,Normal Operations
R7535,C795,2026-10-10,4,Will buy again from this store,Normal Operations
R7536,C98894,2026-10-10,5,Customer service was helpful,Normal Operations
R7537,C58085,2026-10-10,4,Customer service was helpful,Normal Operations
R7538,C7378,2026-10-10,4,Received order on time,Normal Operations
R7539,C74584,2026-10-10,5,Very satisfied with my purchase,Normal Operations
R7540,C18278,2026-10-10,4,Excellent shopping experience,Normal Operations
R7541,C27803,2026-10-11,5,Easy checkout process,Normal Operations
R7542,C69815,2026-10-11,4,Excellent shopping experience,Normal Operations
R7543,C7501,2026-10-11,4,Customer service was helpful,Normal Operations
R7544,C58813,2026-10-11,5,Will buy again from this store,Normal Operations
R7545,C19942,2026-10-11,5,Easy checkout process,Normal Operations
R7546,C41542,2026-10-11,4,Excellent shopping experience,Normal Operations
R7547,C23951,2026-10-11,4,Received order on time,Normal Operations
R7548,C66507,2026-10-11,5,Very satisfied with my purchase,Normal Operations
R7549,C82866,2026-10-11,4,Will buy again from this store,Normal Operations
R7550,C34264,2026-10-11,4,Great product and fast delivery,Normal Operations
R7551,C28795,2026-10-11,5,Will buy again from this store,Normal Operations
R7552,C15162,2026-10-11,5,Received order on time,Normal Operations
R7553,C85382,2026-10-11,5,Customer service was helpful,Normal Operations
R7554,C32002,2026-10-11,5,Very satisfied with my purchase,Normal Operations
R7555,C53106,2026-10-11,5,Great product and fast delivery,Normal Operations
R7556,C90349,2026-10-11,5,Good quality product,Normal Operations
R7557,C98902,2026-10-11,5,Received order on time,Normal Operations
R7558,C30977,2026-10-12,5,Great product and fast delivery,Normal Operations
R7559,C3329,2026-10-12,5,Received order on time,Normal Operations
R7560,C3281,2026-10-12,4,Good quality product,Normal Operations
R7561,C50227,2026-10-12,4,Received order on time,Normal Operations
R7562,C95130,2026-10-12,4,Customer service was helpful,Normal Operations
R7563,C82284,2026-10-12,5,Customer service was helpful,Normal Operations
R7564,C76369,2026-10-12,4,Customer service was helpful,Normal Operations
R7565,C22850,2026-10-12,5,Very satisfied with my purchase,Normal Operations
R7566,C30179,2026-10-12,5,Will buy again from this store,Normal Operations
R7567,C51135,2026-10-12,5,Excellent shopping experience,Normal Operations
R7568,C86379,2026-10-12,5,Customer service was helpful,Normal Operations
R7569,C72077,2026-10-12,5,Will buy again from this store,Normal Operations
R7570,C92065,2026-10-12,5,Easy checkout process,Normal Operations
R7571,C47629,2026-10-12,4,Easy checkout process,Normal Operations
R7572,C40740,2026-10-12,4,Customer service was helpful,Normal Operations
R7573,C46922,2026-10-12,5,Easy checkout process,Normal Operations
R7574,C23582,2026-10-12,4,Great product and fast delivery,Normal Operations
R7575,C36295,2026-10-12,4,Great product and fast delivery,Normal Operations
R7576,C94,2026-10-12,5,Excellent shopping experience,Normal Operations
R7577,C16473,2026-10-12,5,Easy checkout process,Normal Operations
R7578,C88058,2026-10-12,4,Excellent shopping experience,Normal Operations
R7579,C83751,2026-10-13,5,Very satisfied with my purchase,Normal Operations
R7580,C16939,2026-10-13,5,Very satisfied with my purchase,Normal Operations
R7581,C39688,2026-10-13,4,Good quality product,Normal Operations
R7582,C37311,2026-10-13,5,Excellent shopping experience,Normal Operations
R7583,C13404,2026-10-13,5,Great product and fast delivery,Normal Operations
R7584,C99133,2026-10-13,4,Excellent shopping experience,Normal Operations
R7585,C90215,2026-10-13,5,Customer service was helpful,Normal Operations
R7586,C53240,2026-10-13,4,Great product and fast delivery,Normal Operations
R7587,C62772,2026-10-13,5,Will buy again from this store,Normal Operations
R7588,C72322,2026-10-13,5,Customer service was helpful,Normal Operations
R7589,C4656,2026-10-13,4,Customer service was helpful,Normal Operations
R7590,C72455,2026-10-13,4,Easy checkout process,Normal Operations
R7591,C65897,2026-10-13,5,Good quality product,Normal Operations
R7592,C13751,2026-10-13,4,Very satisfied with my purchase,Normal Operations
R7593,C26166,2026-10-13,4,Received order on time,Normal Operations
R7594,C3515,2026-10-13,5,Very satisfied with my purchase,Normal Operations
R7595,C97502,2026-10-13,5,Customer service was helpful,Normal Operations
R7596,C394,2026-10-13,5,Will buy again from this store,Normal Operations
R7597,C27956,2026-10-13,4,Excellent shopping experience,Normal Operations
R7598,C65431,2026-10-13,5,Good quality product,Normal Operations
R7599,C1714,2026-10-14,4,Great product and fast delivery,Normal Operations
R7600,C80730,2026-10-14,5,Good quality product,Normal Operations
R7601,C94765,2026-10-14,5,Received order on time,Normal Operations
R7602,C72982,2026-10-14,4,Very satisfied with my purchase,Normal Operations
R7603,C65574,2026-10-14,4,Will buy again from this store,Normal Operations
R7604,C31077,2026-10-14,4,Great product and fast delivery,Normal Operations
R7605,C25095,2026-10-14,5,Customer service was helpful,Normal Operations
R7606,C80215,2026-10-14,5,Excellent shopping experience,Normal Operations
R7607,C34163,2026-10-14,5,Great product and fast delivery,Normal Operations
R7608,C38459,2026-10-14,5,Very satisfied with my purchase,Normal Operations
R7609,C74175,2026-10-14,5,Easy checkout process,Normal Operations
R7610,C17384,2026-10-14,5,Excellent shopping experience,Normal Operations
R7611,C57400,2026-10-14,5,Customer service was helpful,Normal Operations
R7612,C11378,2026-10-14,5,Great product and fast delivery,Normal Operations
R7613,C14871,2026-10-14,5,Will buy again from this store,Normal Operations
R7614,C67640,2026-10-14,5,Will buy again from this store,Normal Operations
R7615,C72127,2026-10-14,4,Received order on time,Normal Operations
R7616,C2922,2026-10-14,4,Good quality product,Normal Operations
R7617,C30329,2026-10-14,4,Great product and fast delivery,Normal Operations
R7618,C99141,2026-10-14,5,Good quality product,Normal Operations
R7619,C9029,2026-10-14,4,Customer service was helpful,Normal Operations
R7620,C88628,2026-10-14,4,Very satisfied with my purchase,Normal Operations
R7621,C25974,2026-10-14,5,Great product and fast delivery,Normal Operations
R7622,C44391,2026-10-14,5,Customer service was helpful,Normal Operations
R7623,C14064,2026-10-15,5,Excellent shopping experience,Normal Operations
R7624,C81920,2026-10-15,4,Easy checkout process,Normal Operations
R7625,C98096,2026-10-15,4,Very satisfied with my purchase,Normal Operations
R7626,C72965,2026-10-15,5,Will buy again from this store,Normal Operations
R7627,C84449,2026-10-15,5,Very satisfied with my purchase,Normal Operations
R7628,C27729,2026-10-15,4,Very satisfied with my purchase,Normal Operations
R7629,C49090,2026-10-15,4,Easy checkout process,Normal Operations
R7630,C84258,2026-10-15,5,Good quality product,Normal Operations
R7631,C99260,2026-10-15,4,Good quality product,Normal Operations
R7632,C83450,2026-10-15,4,Excellent shopping experience,Normal Operations
R7633,C92526,2026-10-15,5,Received order on time,Normal Operations
R7634,C48437,2026-10-15,5,Excellent shopping experience,Normal Operations
R7635,C91030,2026-10-15,5,Very satisfied with my purchase,Normal Operations
R7636,C7132,2026-10-15,4,Excellent shopping experience,Normal Operations
R7637,C87494,2026-10-15,5,Customer service was helpful,Normal Operations
R7638,C54599,2026-10-15,5,Great product and fast delivery,Normal Operations
R7639,C69908,2026-10-15,5,Good quality product,Normal Operations
R7640,C23008,2026-10-15,5,Received order on time,Normal Operations
R7641,C88603,2026-10-16,4,Easy checkout process,Normal Operations
R7642,C22212,2026-10-16,4,Very satisfied with my purchase,Normal Operations
R7643,C97136,2026-10-16,4,Received order on time,Normal Operations
R7644,C70289,2026-10-16,4,Very satisfied with my purchase,Normal Operations
R7645,C48660,2026-10-16,4,Easy checkout process,Normal Operations
R7646,C28286,2026-10-16,5,Very satisfied with my purchase,Normal Operations
R7647,C40290,2026-10-16,5,Customer service was helpful,Normal Operations
R7648,C25258,2026-10-16,5,Will buy again from this store,Normal Operations
R7649,C44222,2026-10-16,4,Customer service was helpful,Normal Operations
R7650,C34636,2026-10-16,5,Easy checkout process,Normal Operations
R7651,C19208,2026-10-16,5,Excellent shopping experience,Normal Operations
R7652,C55259,2026-10-16,4,Good quality product,Normal Operations
R7653,C42982,2026-10-16,4,Customer service was helpful,Normal Operations
R7654,C57783,2026-10-16,5,Easy checkout process,Normal Operations
R7655,C73564,2026-10-16,5,Will buy again from this store,Normal Operations
R7656,C87058,2026-10-17,4,Excellent shopping experience,Normal Operations
R7657,C32993,2026-10-17,5,Received order on time,Normal Operations
R7658,C8578,2026-10-17,4,Very satisfied with my purchase,Normal Operations
R7659,C77701,2026-10-17,5,Great product and fast delivery,Normal Operations
R7660,C96807,2026-10-17,5,Excellent shopping experience,Normal Operations
R7661,C79067,2026-10-17,4,Excellent shopping experience,Normal Operations
R7662,C9670,2026-10-17,4,Easy checkout process,Normal Operations
R7663,C21630,2026-10-17,5,Will buy again from this store,Normal Operations
R7664,C46008,2026-10-17,5,Easy checkout process,Normal Operations
R7665,C3858,2026-10-17,5,Great product and fast delivery,Normal Operations
R7666,C89008,2026-10-17,4,Received order on time,Normal Operations
R7667,C34512,2026-10-17,5,Excellent shopping experience,Normal Operations
R7668,C69153,2026-10-17,5,Received order on time,Normal Operations
R7669,C43233,2026-10-17,5,Will buy again from this store,Normal Operations
R7670,C63863,2026-10-17,4,Customer service was helpful,Normal Operations
R7671,C30037,2026-10-17,5,Will buy again from this store,Normal Operations
R7672,C28334,2026-10-17,4,Great product and fast delivery,Normal Operations
R7673,C97331,2026-10-17,5,Very satisfied with my purchase,Normal Operations
R7674,C45268,2026-10-18,5,Good quality product,Normal Operations
R7675,C72455,2026-10-18,5,Will buy again from this store,Normal Operations
R7676,C65299,2026-10-18,5,Easy checkout process,Normal Operations
R7677,C54717,2026-10-18,4,Very satisfied with my purchase,Normal Operations
R7678,C45742,2026-10-18,4,Will buy again from this store,Normal Operations
R7679,C42681,2026-10-18,4,Will buy again from this store,Normal Operations
R7680,C21763,2026-10-18,4,Easy checkout process,Normal Operations
R7681,C51549,2026-10-18,5,Excellent shopping experience,Normal Operations
R7682,C92675,2026-10-18,5,Good quality product,Normal Operations
R7683,C67798,2026-10-18,5,Great product and fast delivery,Normal Operations
R7684,C51458,2026-10-18,4,Excellent shopping experience,Normal Operations
R7685,C63009,2026-10-18,5,Received order on time,Normal Operations
R7686,C66534,2026-10-18,4,Great product and fast delivery,Normal Operations
R7687,C57943,2026-10-18,4,Received order on time,Normal Operations
R7688,C35855,2026-10-18,4,Received order on time,Normal Operations
R7689,C17106,2026-10-18,5,Very satisfied with my purchase,Normal Operations
R7690,C81566,2026-10-18,5,Customer service was helpful,Normal Operations
R7691,C31602,2026-10-18,4,Good quality product,Normal Operations
R7692,C78702,2026-10-18,5,Excellent shopping experience,Normal Operations
R7693,C16206,2026-10-18,5,Great product and fast delivery,Normal Operations
R7694,C77356,2026-10-18,5,Excellent shopping experience,Normal Operations
R7695,C6953,2026-10-18,4,Received order on time,Normal Operations
R7696,C5392,2026-10-18,4,Excellent shopping experience,Normal Operations
R7697,C58354,2026-10-19,4,Good quality product,Normal Operations
R7698,C49635,2026-10-19,5,Good quality product,Normal Operations
R7699,C40206,2026-10-19,4,Great product and fast delivery,Normal Operations
R7700,C91218,2026-10-19,5,Received order on time,Normal Operations
R7701,C15431,2026-10-19,4,Very satisfied with my purchase,Normal Operations
R7702,C19919,2026-10-19,5,Customer service was helpful,Normal Operations
R7703,C31189,2026-10-19,5,Great product and fast delivery,Normal Operations
R7704,C14980,2026-10-19,5,Customer service was helpful,Normal Operations
R7705,C32625,2026-10-19,4,Great product and fast delivery,Normal Operations
R7706,C40432,2026-10-19,5,Great product and fast delivery,Normal Operations
R7707,C17879,2026-10-19,5,Received order on time,Normal Operations
R7708,C77839,2026-10-19,5,Customer service was helpful,Normal Operations
R7709,C1084,2026-10-19,4,Great product and fast delivery,Normal Operations
R7710,C57110,2026-10-19,4,Good quality product,Normal Operations
R7711,C59302,2026-10-19,4,Easy checkout process,Normal Operations
R7712,C46213,2026-10-19,5,Excellent shopping experience,Normal Operations
R7713,C71387,2026-10-19,4,Good quality product,Normal Operations
R7714,C78256,2026-10-19,4,Good quality product,Normal Operations
R7715,C82559,2026-10-19,5,Excellent shopping experience,Normal Operations
R7716,C46874,2026-10-20,4,Good quality product,Normal Operations
R7717,C79672,2026-10-20,4,Good quality product,Normal Operations
R7718,C94673,2026-10-20,5,Very satisfied with my purchase,Normal Operations
R7719,C99333,2026-10-20,5,Will buy again from this store,Normal Operations
R7720,C49988,2026-10-20,4,Very satisfied with my purchase,Normal Operations
R7721,C35503,2026-10-20,5,Received order on time,Normal Operations
R7722,C7305,2026-10-20,5,Received order on time,Normal Operations
R7723,C9496,2026-10-20,5,Excellent shopping experience,Normal Operations
R7724,C44545,2026-10-20,4,Received order on time,Normal Operations
R7725,C33994,2026-10-20,4,Received order on time,Normal Operations
R7726,C9994,2026-10-20,5,Received order on time,Normal Operations
R7727,C32641,2026-10-20,5,Excellent shopping experience,Normal Operations
R7728,C1786,2026-10-20,5,Very satisfied with my purchase,Normal Operations
R7729,C64400,2026-10-20,5,Easy checkout process,Normal Operations
R7730,C85381,2026-10-20,5,Good quality product,Normal Operations
R7731,C97223,2026-10-20,5,Good quality product,Normal Operations
R7732,C34262,2026-10-20,5,Will buy again from this store,Normal Operations
R7733,C42381,2026-10-20,4,Will buy again from this store,Normal Operations
R7734,C27012,2026-10-20,4,Excellent shopping experience,Normal Operations
R7735,C18448,2026-10-20,4,Received order on time,Normal Operations
R7736,C75878,2026-10-20,5,Good quality product,Normal Operations
R7737,C64584,2026-10-20,4,Excellent shopping experience,Normal Operations
R7738,C12018,2026-10-20,4,Great product and fast delivery,Normal Operations
R7739,C58937,2026-10-20,4,Excellent shopping experience,Normal Operations
R7740,C79757,2026-10-21,5,Customer service was helpful,Normal Operations
R7741,C58216,2026-10-21,4,Easy checkout process,Normal Operations
R7742,C76845,2026-10-21,5,Easy checkout process,Normal Operations
R7743,C10307,2026-10-21,5,Excellent shopping experience,Normal Operations
R7744,C80846,2026-10-21,5,Good quality product,Normal Operations
R7745,C18224,2026-10-21,5,Easy checkout process,Normal Operations
R7746,C70890,2026-10-21,4,Excellent shopping experience,Normal Operations
R7747,C32477,2026-10-21,5,Very satisfied with my purchase,Normal Operations
R7748,C12912,2026-10-21,5,Very satisfied with my purchase,Normal Operations
R7749,C5214,2026-10-21,5,Great product and fast delivery,Normal Operations
R7750,C27941,2026-10-21,5,Customer service was helpful,Normal Operations
R7751,C88902,2026-10-21,5,Will buy again from this store,Normal Operations
R7752,C61605,2026-10-21,5,Good quality product,Normal Operations
R7753,C67346,2026-10-21,5,Good quality product,Normal Operations
R7754,C96186,2026-10-21,4,Easy checkout process,Normal Operations
R7755,C14867,2026-10-22,5,Received order on time,Normal Operations
R7756,C94064,2026-10-22,5,Very satisfied with my purchase,Normal Operations
R7757,C68770,2026-10-22,4,Very satisfied with my purchase,Normal Operations
R7758,C5203,2026-10-22,5,Excellent shopping experience,Normal Operations
R7759,C65328,2026-10-22,5,Received order on time,Normal Operations
R7760,C49241,2026-10-22,5,Very satisfied with my purchase,Normal Operations
R7761,C32545,2026-10-22,4,Will buy again from this store,Normal Operations
R7762,C81177,2026-10-22,5,Great product and fast delivery,Normal Operations
R7763,C48900,2026-10-22,4,Very satisfied with my purchase,Normal Operations
R7764,C33034,2026-10-22,4,Received order on time,Normal Operations
R7765,C42775,2026-10-22,5,Easy checkout process,Normal Operations
R7766,C4815,2026-10-22,5,Great product and fast delivery,Normal Operations
R7767,C23764,2026-10-22,4,Great product and fast delivery,Normal Operations
R7768,C49869,2026-10-22,5,Great product and fast delivery,Normal Operations
R7769,C74905,2026-10-22,5,Great product and fast delivery,Normal Operations
R7770,C96543,2026-10-22,5,Excellent shopping experience,Normal Operations
R7771,C79440,2026-10-22,4,Good quality product,Normal Operations
R7772,C70174,2026-10-22,5,Will buy again from this store,Normal Operations
R7773,C34118,2026-10-22,4,Easy checkout process,Normal Operations
R7774,C62138,2026-10-22,4,Easy checkout process,Normal Operations
R7775,C79429,2026-10-22,5,Great product and fast delivery,Normal Operations
R7776,C79599,2026-10-22,4,Excellent shopping experience,Normal Operations
R7777,C7783,2026-10-22,5,Received order on time,Normal Operations
R7778,C70876,2026-10-22,5,Great product and fast delivery,Normal Operations
R7779,C58397,2026-10-23,4,Will buy again from this store,Normal Operations
R7780,C48630,2026-10-23,4,Very satisfied with my purchase,Normal Operations
R7781,C79974,2026-10-23,5,Excellent shopping experience,Normal Operations
R7782,C23512,2026-10-23,5,Easy checkout process,Normal Operations
R7783,C97017,2026-10-23,4,Customer service was helpful,Normal Operations
R7784,C90869,2026-10-23,4,Received order on time,Normal Operations
R7785,C69891,2026-10-23,4,Customer service was helpful,Normal Operations
R7786,C35285,2026-10-23,5,Will buy again from this store,Normal Operations
R7787,C98226,2026-10-23,4,Great product and fast delivery,Normal Operations
R7788,C37977,2026-10-23,5,Customer service was helpful,Normal Operations
R7789,C76238,2026-10-23,5,Easy checkout process,Normal Operations
R7790,C94853,2026-10-23,4,Received order on time,Normal Operations
R7791,C81864,2026-10-23,5,Great product and fast delivery,Normal Operations
R7792,C76016,2026-10-23,4,Excellent shopping experience,Normal Operations
R7793,C23090,2026-10-23,5,Great product and fast delivery,Normal Operations
R7794,C73917,2026-10-23,4,Customer service was helpful,Normal Operations
R7795,C3878,2026-10-23,5,Customer service was helpful,Normal Operations
R7796,C31819,2026-10-23,5,Will buy again from this store,Normal Operations
R7797,C48181,2026-10-23,4,Good quality product,Normal Operations
R7798,C98778,2026-10-23,4,Customer service was helpful,Normal Operations
R7799,C26621,2026-10-23,5,Customer service was helpful,Normal Operations
R7800,C12664,2026-10-23,5,Customer service was helpful,Normal Operations
R7801,C17620,2026-10-23,5,Will buy again from this store,Normal Operations
R7802,C27489,2026-10-23,5,Will buy again from this store,Normal Operations
R7803,C72171,2026-10-24,4,Very satisfied with my purchase,Normal Operations
R7804,C34230,2026-10-24,5,Great product and fast delivery,Normal Operations
R7805,C15848,2026-10-24,5,Customer service was helpful,Normal Operations
R7806,C4844,2026-10-24,4,Received order on time,Normal Operations
R7807,C51662,2026-10-24,4,Received order on time,Normal Operations
R7808,C72969,2026-10-24,4,Very satisfied with my purchase,Normal Operations
R7809,C76731,2026-10-24,5,Customer service was helpful,Normal Operations
R7810,C7405,2026-10-24,5,Will buy again from this store,Normal Operations
R7811,C85924,2026-10-24,5,Good quality product,Normal Operations
R7812,C60664,2026-10-24,5,Excellent shopping experience,Normal Operations
R7813,C95620,2026-10-24,5,Easy checkout process,Normal Operations
R7814,C68525,2026-10-24,4,Very satisfied with my purchase,Normal Operations
R7815,C75325,2026-10-24,4,Good quality product,Normal Operations
R7816,C9972,2026-10-24,5,Easy checkout process,Normal Operations
R7817,C6488,2026-10-24,5,Good quality product,Normal Operations
R7818,C77989,2026-10-24,4,Customer service was helpful,Normal Operations
R7819,C84785,2026-10-25,5,Will buy again from this store,Normal Operations
R7820,C58677,2026-10-25,5,Excellent shopping experience,Normal Operations
R7821,C55912,2026-10-25,4,Received order on time,Normal Operations
R7822,C83873,2026-10-25,5,Will buy again from this store,Normal Operations
R7823,C13902,2026-10-25,5,Good quality product,Normal Operations
R7824,C35688,2026-10-25,4,Customer service was helpful,Normal Operations
R7825,C31853,2026-10-25,4,Very satisfied with my purchase,Normal Operations
R7826,C64203,2026-10-25,5,Good quality product,Normal Operations
R7827,C93531,2026-10-25,5,Will buy again from this store,Normal Operations
R7828,C70271,2026-10-25,5,Excellent shopping experience,Normal Operations
R7829,C44328,2026-10-25,5,Very satisfied with my purchase,Normal Operations
R7830,C18410,2026-10-25,4,Excellent shopping experience,Normal Operations
R7831,C15328,2026-10-25,5,Very satisfied with my purchase,Normal Operations
R7832,C91909,2026-10-25,4,Great product and fast delivery,Normal Operations
R7833,C44960,2026-10-25,5,Easy checkout process,Normal Operations
R7834,C76348,2026-10-25,5,Good quality product,Normal Operations
R7835,C48094,2026-10-25,5,Very satisfied with my purchase,Normal Operations
R7836,C53517,2026-10-25,5,Great product and fast delivery,Normal Operations
R7837,C40850,2026-10-25,5,Received order on time,Normal Operations
R7838,C90931,2026-10-25,4,Customer service was helpful,Normal Operations
R7839,C90471,2026-10-25,5,Very satisfied with my purchase,Normal Operations
R7840,C95024,2026-10-25,4,Excellent shopping experience,Normal Operations
R7841,C87164,2026-10-25,5,Will buy again from this store,Normal Operations
R7842,C49574,2026-10-26,5,Good quality product,Normal Operations
R7843,C15353,2026-10-26,4,Will buy again from this store,Normal Operations
R7844,C68684,2026-10-26,4,Customer service was helpful,Normal Operations
R7845,C82306,2026-10-26,4,Excellent shopping experience,Normal Operations
R7846,C46557,2026-10-26,4,Very satisfied with my purchase,Normal Operations
R7847,C39884,2026-10-26,4,Will buy again from this store,Normal Operations
R7848,C74328,2026-10-26,4,Will buy again from this store,Normal Operations
R7849,C85969,2026-10-26,5,Great product and fast delivery,Normal Operations
R7850,C85078,2026-10-26,5,Customer service was helpful,Normal Operations
R7851,C70820,2026-10-26,5,Customer service was helpful,Normal Operations
R7852,C72942,2026-10-26,5,Will buy again from this store,Normal Operations
R7853,C17646,2026-10-26,5,Very satisfied with my purchase,Normal Operations
R7854,C50735,2026-10-26,5,Very satisfied with my purchase,Normal Operations
R7855,C60915,2026-10-26,4,Customer service was helpful,Normal Operations
R7856,C43347,2026-10-26,4,Easy checkout process,Normal Operations
R7857,C44829,2026-10-26,4,Easy checkout process,Normal Operations
R7858,C74218,2026-10-26,5,Good quality product,Normal Operations
R7859,C38919,2026-10-26,5,Good quality product,Normal Operations
R7860,C27786,2026-10-26,5,Great product and fast delivery,Normal Operations
R7861,C25179,2026-10-26,4,Very satisfied with my purchase,Normal Operations
R7862,C14053,2026-10-26,4,Easy checkout process,Normal Operations
R7863,C328,2026-10-26,5,Easy checkout process,Normal Operations
R7864,C8049,2026-10-27,5,Very satisfied with my purchase,Normal Operations
R7865,C57542,2026-10-27,4,Will buy again from this store,Normal Operations
R7866,C13226,2026-10-27,5,Will buy again from this store,Normal Operations
R7867,C13532,2026-10-27,5,Customer service was helpful,Normal Operations
R7868,C24792,2026-10-27,5,Will buy again from this store,Normal Operations
R7869,C13473,2026-10-27,5,Customer service was helpful,Normal Operations
R7870,C66454,2026-10-27,5,Customer service was helpful,Normal Operations
R7871,C38218,2026-10-27,5,Good quality product,Normal Operations
R7872,C68348,2026-10-27,4,Easy checkout process,Normal Operations
R7873,C74827,2026-10-27,5,Good quality product,Normal Operations
R7874,C24699,2026-10-27,5,Very satisfied with my purchase,Normal Operations
R7875,C60406,2026-10-27,4,Good quality product,Normal Operations
R7876,C69562,2026-10-27,5,Excellent shopping experience,Normal Operations
R7877,C3655,2026-10-27,4,Good quality product,Normal Operations
R7878,C38037,2026-10-27,5,Good quality product,Normal Operations
R7879,C62120,2026-10-27,4,Very satisfied with my purchase,Normal Operations
R7880,C15988,2026-10-27,5,Great product and fast delivery,Normal Operations
R7881,C54479,2026-10-27,5,Will buy again from this store,Normal Operations
R7882,C62233,2026-10-27,5,Great product and fast delivery,Normal Operations
R7883,C66025,2026-10-27,4,Great product and fast delivery,Normal Operations
R7884,C52274,2026-10-27,4,Customer service was helpful,Normal Operations
R7885,C93185,2026-10-27,4,Customer service was helpful,Normal Operations
R7886,C74109,2026-10-28,5,Excellent shopping experience,Normal Operations
R7887,C89038,2026-10-28,5,Excellent shopping experience,Normal Operations
R7888,C25776,2026-10-28,4,Will buy again from this store,Normal Operations
R7889,C58452,2026-10-28,5,Great product and fast delivery,Normal Operations
R7890,C24003,2026-10-28,5,Will buy again from this store,Normal Operations
R7891,C66154,2026-10-28,5,Will buy again from this store,Normal Operations
R7892,C84676,2026-10-28,4,Good quality product,Normal Operations
R7893,C19694,2026-10-28,5,Customer service was helpful,Normal Operations
R7894,C16091,2026-10-28,5,Great product and fast delivery,Normal Operations
R7895,C32228,2026-10-28,4,Great product and fast delivery,Normal Operations
R7896,C75970,2026-10-28,5,Good quality product,Normal Operations
R7897,C24521,2026-10-28,4,Received order on time,Normal Operations
R7898,C69364,2026-10-28,4,Great product and fast delivery,Normal Operations
R7899,C32195,2026-10-28,4,Received order on time,Normal Operations
R7900,C93551,2026-10-28,4,Customer service was helpful,Normal Operations
R7901,C39841,2026-10-28,4,Customer service was helpful,Normal Operations
R7902,C34820,2026-10-28,5,Great product and fast delivery,Normal Operations
R7903,C41705,2026-10-28,4,Very satisfied with my purchase,Normal Operations
R7904,C80988,2026-10-28,5,Excellent shopping experience,Normal Operations
R7905,C18227,2026-10-28,4,Good quality product,Normal Operations
R7906,C19047,2026-10-28,4,Easy checkout process,Normal Operations
R7907,C21911,2026-10-28,5,Easy checkout process,Normal Operations
R7908,C61473,2026-10-28,5,Customer service was helpful,Normal Operations
R7909,C45336,2026-10-28,5,Easy checkout process,Normal Operations
R7910,C54823,2026-10-29,4,Excellent shopping experience,Normal Operations
R7911,C99323,2026-10-29,4,Good quality product,Normal Operations
R7912,C68204,2026-10-29,4,Very satisfied with my purchase,Normal Operations
R7913,C5231,2026-10-29,4,Great product and fast delivery,Normal Operations
R7914,C67083,2026-10-29,5,Great product and fast delivery,Normal Operations
R7915,C51316,2026-10-29,5,Easy checkout process,Normal Operations
R7916,C15641,2026-10-29,5,Good quality product,Normal Operations
R7917,C60527,2026-10-29,5,Good quality product,Normal Operations
R7918,C58901,2026-10-29,5,Will buy again from this store,Normal Operations
R7919,C83577,2026-10-29,5,Customer service was helpful,Normal Operations
R7920,C8584,2026-10-29,5,Received order on time,Normal Operations
R7921,C61430,2026-10-29,4,Excellent shopping experience,Normal Operations
R7922,C28942,2026-10-29,5,Great product and fast delivery,Normal Operations
R7923,C38574,2026-10-29,5,Will buy again from this store,Normal Operations
R7924,C58421,2026-10-29,5,Very satisfied with my purchase,Normal Operations
R7925,C45681,2026-10-29,4,Will buy again from this store,Normal Operations
R7926,C33489,2026-10-29,5,Good quality product,Normal Operations
R7927,C37868,2026-10-29,4,Received order on time,Normal Operations
R7928,C5058,2026-10-29,5,Great product and fast delivery,Normal Operations
R7929,C61277,2026-10-29,5,Easy checkout process,Normal Operations
R7930,C6675,2026-10-29,5,Good quality product,Normal Operations
R7931,C16218,2026-10-29,5,Received order on time,Normal Operations
R7932,C87182,2026-10-30,5,Very satisfied with my purchase,Normal Operations
R7933,C13544,2026-10-30,5,Received order on time,Normal Operations
R7934,C38460,2026-10-30,5,Great product and fast delivery,Normal Operations
R7935,C69735,2026-10-30,5,Received order on time,Normal Operations
R7936,C69742,2026-10-30,5,Received order on time,Normal Operations
R7937,C5592,2026-10-30,4,Excellent shopping experience,Normal Operations
R7938,C60435,2026-10-30,4,Excellent shopping experience,Normal Operations
R7939,C66298,2026-10-30,5,Will buy again from this store,Normal Operations
R7940,C97732,2026-10-30,4,Will buy again from this store,Normal Operations
R7941,C76662,2026-10-30,5,Customer service was helpful,Normal Operations
R7942,C90122,2026-10-30,4,Customer service was helpful,Normal Operations
R7943,C26239,2026-10-30,5,Very satisfied with my purchase,Normal Operations
R7944,C77222,2026-10-30,5,Received order on time,Normal Operations
R7945,C15773,2026-10-30,5,Easy checkout process,Normal Operations
R7946,C54980,2026-10-30,5,Customer service was helpful,Normal Operations
R7947,C64552,2026-10-30,4,Great product and fast delivery,Normal Operations
R7948,C6229,2026-10-30,5,Very satisfied with my purchase,Normal Operations
R7949,C76592,2026-10-30,4,Will buy again from this store,Normal Operations
R7950,C85185,2026-10-30,5,Customer service was helpful,Normal Operations
R7951,C21748,2026-10-30,5,Good quality product,Normal Operations
R7952,C11283,2026-10-31,5,Easy checkout process,Normal Operations
R7953,C65323,2026-10-31,5,Will buy again from this store,Normal Operations
R7954,C35501,2026-10-31,5,Good quality product,Normal Operations
R7955,C25461,2026-10-31,4,Great product and fast delivery,Normal Operations
R7956,C93929,2026-10-31,5,Received order on time,Normal Operations
R7957,C1375,2026-10-31,4,Very satisfied with my purchase,Normal Operations
R7958,C13428,2026-10-31,5,Easy checkout process,Normal Operations
R7959,C24272,2026-10-31,4,Easy checkout process,Normal Operations
R7960,C25260,2026-10-31,5,Good quality product,Normal Operations
R7961,C19145,2026-10-31,5,Good quality product,Normal Operations
R7962,C55093,2026-10-31,5,Will buy again from this store,Normal Operations
R7963,C44457,2026-10-31,4,Good quality product,Normal Operations
R7964,C11570,2026-10-31,4,Good quality product,Normal Operations
R7965,C78652,2026-10-31,5,Customer service was helpful,Normal Operations
R7966,C27004,2026-10-31,5,Excellent shopping experience,Normal Operations
R7967,C24730,2026-10-31,5,Will buy again from this store,Normal Operations
R7968,C38719,2026-10-31,5,Great product and fast delivery,Normal Operations
R7969,C14142,2026-10-31,4,Excellent shopping experience,Normal Operations
R7970,C6631,2026-11-01,4,Excellent shopping experience,Normal Operations
R7971,C23071,2026-11-01,5,Very satisfied with my purchase,Normal Operations
R7972,C90936,2026-11-01,4,Great product and fast delivery,Normal Operations
R7973,C12012,2026-11-01,5,Very satisfied with my purchase,Normal Operations
R7974,C53271,2026-11-01,5,Excellent shopping experience,Normal Operations
R7975,C44551,2026-11-01,5,Received order on time,Normal Operations
R7976,C51333,2026-11-01,5,Excellent shopping experience,Normal Operations
R7977,C43553,2026-11-01,5,Excellent shopping experience,Normal Operations
R7978,C74862,2026-11-01,5,Customer service was helpful,Normal Operations
R7979,C26952,2026-11-01,5,Great product and fast delivery,Normal Operations
R7980,C84352,2026-11-01,4,Customer service was helpful,Normal Operations
R7981,C42398,2026-11-01,5,Received order on time,Normal Operations
R7982,C81070,2026-11-01,4,Very satisfied with my purchase,Normal Operations
R7983,C1317,2026-11-01,4,Will buy again from this store,Normal Operations
R7984,C66221,2026-11-01,5,Good quality product,Normal Operations
R7985,C77272,2026-11-01,5,Good quality product,Normal Operations
R7986,C8080,2026-11-02,5,Very satisfied with my purchase,Normal Operations
R7987,C35863,2026-11-02,5,Will buy again from this store,Normal Operations
R7988,C73119,2026-11-02,4,Very satisfied with my purchase,Normal Operations
R7989,C54577,2026-11-02,5,Good quality product,Normal Operations
R7990,C52237,2026-11-02,5,Great product and fast delivery,Normal Operations
R7991,C85917,2026-11-02,5,Received order on time,Normal Operations
R7992,C8901,2026-11-02,5,Good quality product,Normal Operations
R7993,C15015,2026-11-02,5,Very satisfied with my purchase,Normal Operations
R7994,C95469,2026-11-02,5,Received order on time,Normal Operations
R7995,C85800,2026-11-02,5,Received order on time,Normal Operations
R7996,C39460,2026-11-02,5,Great product and fast delivery,Normal Operations
R7997,C1238,2026-11-02,4,Very satisfied with my purchase,Normal Operations
R7998,C52196,2026-11-02,5,Received order on time,Normal Operations
R7999,C5294,2026-11-02,4,Great product and fast delivery,Normal Operations
R8000,C96530,2026-11-02,4,Easy checkout process,Normal Operations
R8001,C78848,2026-11-02,4,Received order on time,Normal Operations
R8002,C49616,2026-11-03,4,Customer service was helpful,Normal Operations
R8003,C98755,2026-11-03,4,Good quality product,Normal Operations
R8004,C52775,2026-11-03,4,Received order on time,Normal Operations
R8005,C53919,2026-11-03,4,Good quality product,Normal Operations
R8006,C66799,2026-11-03,4,Excellent shopping experience,Normal Operations
R8007,C58397,2026-11-03,5,Will buy again from this store,Normal Operations
R8008,C12652,2026-11-03,5,Great product and fast delivery,Normal Operations
R8009,C66084,2026-11-03,5,Very satisfied with my purchase,Normal Operations
R8010,C54758,2026-11-03,5,Received order on time,Normal Operations
R8011,C52137,2026-11-03,4,Good quality product,Normal Operations
R8012,C22237,2026-11-03,5,Easy checkout process,Normal Operations
R8013,C13265,2026-11-03,4,Received order on time,Normal Operations
R8014,C34559,2026-11-03,4,Good quality product,Normal Operations
R8015,C45214,2026-11-03,5,Excellent shopping experience,Normal Operations
R8016,C35917,2026-11-03,5,Will buy again from this store,Normal Operations
R8017,C84476,2026-11-04,4,Very satisfied with my purchase,Normal Operations
R8018,C2483,2026-11-04,5,Good quality product,Normal Operations
R8019,C79212,2026-11-04,4,Received order on time,Normal Operations
R8020,C79387,2026-11-04,4,Good quality product,Normal Operations
R8021,C34423,2026-11-04,5,Good quality product,Normal Operations
R8022,C11312,2026-11-04,4,Received order on time,Normal Operations
R8023,C39580,2026-11-04,5,Very satisfied with my purchase,Normal Operations
R8024,C48515,2026-11-04,5,Customer service was helpful,Normal Operations
R8025,C34564,2026-11-04,4,Will buy again from this store,Normal Operations
R8026,C28091,2026-11-04,5,Great product and fast delivery,Normal Operations
R8027,C26655,2026-11-04,5,Will buy again from this store,Normal Operations
R8028,C38914,2026-11-04,5,Customer service was helpful,Normal Operations
R8029,C90258,2026-11-04,5,Great product and fast delivery,Normal Operations
R8030,C28876,2026-11-04,4,Easy checkout process,Normal Operations
R8031,C10299,2026-11-04,4,Easy checkout process,Normal Operations
R8032,C63655,2026-11-04,5,Great product and fast delivery,Normal Operations
R8033,C48002,2026-11-04,5,Great product and fast delivery,Normal Operations
R8034,C48918,2026-11-04,5,Customer service was helpful,Normal Operations
R8035,C91296,2026-11-04,5,Good quality product,Normal Operations
R8036,C24410,2026-11-04,5,Great product and fast delivery,Normal Operations
R8037,C40543,2026-11-04,5,Customer service was helpful,Normal Operations
R8038,C25837,2026-11-04,5,Good quality product,Normal Operations
R8039,C15176,2026-11-04,5,Easy checkout process,Normal Operations
R8040,C12168,2026-11-05,4,Excellent shopping experience,Normal Operations
R8041,C66557,2026-11-05,4,Excellent shopping experience,Normal Operations
R8042,C10486,2026-11-05,5,Very satisfied with my purchase,Normal Operations
R8043,C8803,2026-11-05,5,Easy checkout process,Normal Operations
R8044,C48299,2026-11-05,5,Great product and fast delivery,Normal Operations
R8045,C91146,2026-11-05,5,Very satisfied with my purchase,Normal Operations
R8046,C52486,2026-11-05,4,Excellent shopping experience,Normal Operations
R8047,C37670,2026-11-05,4,Good quality product,Normal Operations
R8048,C2083,2026-11-05,5,Great product and fast delivery,Normal Operations
R8049,C86507,2026-11-05,5,Customer service was helpful,Normal Operations
R8050,C98565,2026-11-05,4,Received order on time,Normal Operations
R8051,C92888,2026-11-05,4,Good quality product,Normal Operations
R8052,C66552,2026-11-05,5,Customer service was helpful,Normal Operations
R8053,C54471,2026-11-05,4,Very satisfied with my purchase,Normal Operations
R8054,C80809,2026-11-05,5,Easy checkout process,Normal Operations
R8055,C67636,2026-11-05,5,Will buy again from this store,Normal Operations
R8056,C60362,2026-11-05,4,Easy checkout process,Normal Operations
R8057,C24642,2026-11-05,4,Good quality product,Normal Operations
R8058,C15202,2026-11-06,5,Excellent shopping experience,Normal Operations
R8059,C78347,2026-11-06,5,Customer service was helpful,Normal Operations
R8060,C19580,2026-11-06,4,Good quality product,Normal Operations
R8061,C8948,2026-11-06,5,Received order on time,Normal Operations
R8062,C46924,2026-11-06,5,Very satisfied with my purchase,Normal Operations
R8063,C66918,2026-11-06,4,Easy checkout process,Normal Operations
R8064,C27564,2026-11-06,5,Easy checkout process,Normal Operations
R8065,C46577,2026-11-06,4,Good quality product,Normal Operations
R8066,C9516,2026-11-06,4,Will buy again from this store,Normal Operations
R8067,C2425,2026-11-06,4,Excellent shopping experience,Normal Operations
R8068,C59596,2026-11-06,5,Great product and fast delivery,Normal Operations
R8069,C23032,2026-11-06,4,Easy checkout process,Normal Operations
R8070,C26379,2026-11-06,4,Great product and fast delivery,Normal Operations
R8071,C14451,2026-11-06,5,Will buy again from this store,Normal Operations
R8072,C42029,2026-11-06,5,Excellent shopping experience,Normal Operations
R8073,C30111,2026-11-06,5,Will buy again from this store,Normal Operations
R8074,C1947,2026-11-06,5,Great product and fast delivery,Normal Operations
R8075,C91982,2026-11-06,5,Will buy again from this store,Normal Operations
R8076,C44652,2026-11-06,5,Good quality product,Normal Operations
R8077,C38683,2026-11-06,4,Very satisfied with my purchase,Normal Operations
R8078,C41133,2026-11-06,5,Will buy again from this store,Normal Operations
R8079,C85062,2026-11-06,5,Customer service was helpful,Normal Operations
R8080,C23747,2026-11-06,5,Easy checkout process,Normal Operations
R8081,C67582,2026-11-06,5,Good quality product,Normal Operations
R8082,C47144,2026-11-07,5,Good quality product,Normal Operations
R8083,C34321,2026-11-07,5,Good quality product,Normal Operations
R8084,C99129,2026-11-07,5,Great product and fast delivery,Normal Operations
R8085,C71115,2026-11-07,4,Good quality product,Normal Operations
R8086,C61241,2026-11-07,5,Great product and fast delivery,Normal Operations
R8087,C66474,2026-11-07,5,Customer service was helpful,Normal Operations
R8088,C425,2026-11-07,5,Customer service was helpful,Normal Operations
R8089,C96879,2026-11-07,5,Easy checkout process,Normal Operations
R8090,C27787,2026-11-07,5,Excellent shopping experience,Normal Operations
R8091,C1268,2026-11-07,4,Good quality product,Normal Operations
R8092,C19651,2026-11-07,4,Great product and fast delivery,Normal Operations
R8093,C89050,2026-11-07,5,Excellent shopping experience,Normal Operations
R8094,C44900,2026-11-07,4,Very satisfied with my purchase,Normal Operations
R8095,C67959,2026-11-07,4,Good quality product,Normal Operations
R8096,C77569,2026-11-07,4,Easy checkout process,Normal Operations
R8097,C28016,2026-11-07,5,Good quality product,Normal Operations
R8098,C95638,2026-11-07,4,Will buy again from this store,Normal Operations
R8099,C93407,2026-11-07,4,Easy checkout process,Normal Operations
R8100,C35170,2026-11-07,5,Received order on time,Normal Operations
R8101,C15964,2026-11-07,4,Very satisfied with my purchase,Normal Operations
R8102,C56401,2026-11-07,4,Easy checkout process,Normal Operations
R8103,C50712,2026-11-07,5,Received order on time,Normal Operations
R8104,C93581,2026-11-07,5,Received order on time,Normal Operations
R8105,C7298,2026-11-08,5,Easy checkout process,Normal Operations
R8106,C57220,2026-11-08,4,Received order on time,Normal Operations
R8107,C24449,2026-11-08,5,Received order on time,Normal Operations
R8108,C56438,2026-11-08,4,Great product and fast delivery,Normal Operations
R8109,C77094,2026-11-08,5,Received order on time,Normal Operations
R8110,C99318,2026-11-08,5,Great product and fast delivery,Normal Operations
R8111,C74892,2026-11-08,5,Good quality product,Normal Operations
R8112,C71827,2026-11-08,5,Customer service was helpful,Normal Operations
R8113,C37596,2026-11-08,5,Good quality product,Normal Operations
R8114,C50930,2026-11-08,4,Great product and fast delivery,Normal Operations
R8115,C97655,2026-11-08,5,Received order on time,Normal Operations
R8116,C78962,2026-11-08,5,Received order on time,Normal Operations
R8117,C25407,2026-11-08,4,Customer service was helpful,Normal Operations
R8118,C96124,2026-11-08,5,Great product and fast delivery,Normal Operations
R8119,C54870,2026-11-08,5,Excellent shopping experience,Normal Operations
R8120,C24542,2026-11-08,4,Will buy again from this store,Normal Operations
R8121,C44777,2026-11-08,4,Excellent shopping experience,Normal Operations
R8122,C11171,2026-11-08,4,Received order on time,Normal Operations
R8123,C36109,2026-11-09,4,Good quality product,Normal Operations
R8124,C68972,2026-11-09,4,Excellent shopping experience,Normal Operations
R8125,C87720,2026-11-09,5,Received order on time,Normal Operations
R8126,C88599,2026-11-09,4,Very satisfied with my purchase,Normal Operations
R8127,C4555,2026-11-09,5,Will buy again from this store,Normal Operations
R8128,C50140,2026-11-09,5,Excellent shopping experience,Normal Operations
R8129,C83036,2026-11-09,5,Received order on time,Normal Operations
R8130,C27701,2026-11-09,4,Good quality product,Normal Operations
R8131,C26628,2026-11-09,5,Will buy again from this store,Normal Operations
R8132,C79945,2026-11-09,4,Great product and fast delivery,Normal Operations
R8133,C33739,2026-11-09,5,Great product and fast delivery,Normal Operations
R8134,C98512,2026-11-09,5,Good quality product,Normal Operations
R8135,C58127,2026-11-09,5,Received order on time,Normal Operations
R8136,C34528,2026-11-09,5,Great product and fast delivery,Normal Operations
R8137,C56913,2026-11-09,5,Easy checkout process,Normal Operations
R8138,C14699,2026-11-09,4,Received order on time,Normal Operations
R8139,C58133,2026-11-09,5,Good quality product,Normal Operations
R8140,C11037,2026-11-09,5,Received order on time,Normal Operations
R8141,C19352,2026-11-09,4,Excellent shopping experience,Normal Operations
R8142,C27189,2026-11-09,5,Will buy again from this store,Normal Operations
R8143,C67853,2026-11-09,4,Good quality product,Normal Operations
R8144,C73674,2026-11-10,4,Customer service was helpful,Normal Operations
R8145,C35752,2026-11-10,4,Customer service was helpful,Normal Operations
R8146,C46876,2026-11-10,5,Very satisfied with my purchase,Normal Operations
R8147,C43421,2026-11-10,5,Will buy again from this store,Normal Operations
R8148,C54665,2026-11-10,5,Received order on time,Normal Operations
R8149,C75476,2026-11-10,5,Customer service was helpful,Normal Operations
R8150,C13177,2026-11-10,4,Very satisfied with my purchase,Normal Operations
R8151,C27573,2026-11-10,4,Good quality product,Normal Operations
R8152,C25643,2026-11-10,5,Great product and fast delivery,Normal Operations
R8153,C60118,2026-11-10,5,Received order on time,Normal Operations
R8154,C82204,2026-11-10,4,Good quality product,Normal Operations
R8155,C48353,2026-11-10,4,Good quality product,Normal Operations
R8156,C78756,2026-11-10,4,Great product and fast delivery,Normal Operations
R8157,C36844,2026-11-10,5,Easy checkout process,Normal Operations
R8158,C87658,2026-11-10,5,Easy checkout process,Normal Operations
R8159,C30159,2026-11-10,5,Great product and fast delivery,Normal Operations
R8160,C12993,2026-11-10,5,Great product and fast delivery,Normal Operations
R8161,C16757,2026-11-10,5,Customer service was helpful,Normal Operations
R8162,C84812,2026-11-11,5,Will buy again from this store,Normal Operations
R8163,C19704,2026-11-11,5,Easy checkout process,Normal Operations
R8164,C66359,2026-11-11,4,Very satisfied with my purchase,Normal Operations
R8165,C81080,2026-11-11,4,Very satisfied with my purchase,Normal Operations
R8166,C13500,2026-11-11,5,Received order on time,Normal Operations
R8167,C75654,2026-11-11,5,Great product and fast delivery,Normal Operations
R8168,C69530,2026-11-11,4,Very satisfied with my purchase,Normal Operations
R8169,C79875,2026-11-11,4,Customer service was helpful,Normal Operations
R8170,C92227,2026-11-11,5,Very satisfied with my purchase,Normal Operations
R8171,C22626,2026-11-11,5,Great product and fast delivery,Normal Operations
R8172,C16472,2026-11-11,5,Great product and fast delivery,Normal Operations
R8173,C76688,2026-11-11,5,Received order on time,Normal Operations
R8174,C65525,2026-11-11,4,Easy checkout process,Normal Operations
R8175,C75867,2026-11-11,4,Received order on time,Normal Operations
R8176,C64109,2026-11-11,5,Customer service was helpful,Normal Operations
R8177,C43051,2026-11-11,5,Will buy again from this store,Normal Operations
R8178,C59868,2026-11-11,5,Great product and fast delivery,Normal Operations
R8179,C49366,2026-11-11,5,Very satisfied with my purchase,Normal Operations
R8180,C64121,2026-11-12,5,Great product and fast delivery,Normal Operations
R8181,C51561,2026-11-12,4,Good quality product,Normal Operations
R8182,C28834,2026-11-12,4,Excellent shopping experience,Normal Operations
R8183,C51748,2026-11-12,4,Great product and fast delivery,Normal Operations
R8184,C75828,2026-11-12,5,Very satisfied with my purchase,Normal Operations
R8185,C55388,2026-11-12,5,Will buy again from this store,Normal Operations
R8186,C1635,2026-11-12,4,Easy checkout process,Normal Operations
R8187,C4077,2026-11-12,4,Received order on time,Normal Operations
R8188,C25932,2026-11-12,5,Customer service was helpful,Normal Operations
R8189,C88620,2026-11-12,4,Will buy again from this store,Normal Operations
R8190,C90813,2026-11-12,5,Excellent shopping experience,Normal Operations
R8191,C79799,2026-11-12,4,Customer service was helpful,Normal Operations
R8192,C22417,2026-11-12,4,Excellent shopping experience,Normal Operations
R8193,C93080,2026-11-12,5,Customer service was helpful,Normal Operations
R8194,C4759,2026-11-12,4,Great product and fast delivery,Normal Operations
R8195,C65139,2026-11-12,5,Customer service was helpful,Normal Operations
R8196,C40559,2026-11-12,4,Easy checkout process,Normal Operations
R8197,C93440,2026-11-12,5,Good quality product,Normal Operations
R8198,C37040,2026-11-12,5,Very satisfied with my purchase,Normal Operations
R8199,C5462,2026-11-13,5,Easy checkout process,Normal Operations
R8200,C5732,2026-11-13,4,Will buy again from this store,Normal Operations
R8201,C94139,2026-11-13,4,Good quality product,Normal Operations
R8202,C79436,2026-11-13,5,Customer service was helpful,Normal Operations
R8203,C10248,2026-11-13,5,Easy checkout process,Normal Operations
R8204,C26039,2026-11-13,5,Customer service was helpful,Normal Operations
R8205,C64655,2026-11-13,4,Easy checkout process,Normal Operations
R8206,C52634,2026-11-13,5,Very satisfied with my purchase,Normal Operations
R8207,C18115,2026-11-13,5,Easy checkout process,Normal Operations
R8208,C59342,2026-11-13,5,Received order on time,Normal Operations
R8209,C76489,2026-11-13,5,Excellent shopping experience,Normal Operations
R8210,C90258,2026-11-13,5,Very satisfied with my purchase,Normal Operations
R8211,C63154,2026-11-13,5,Received order on time,Normal Operations
R8212,C17671,2026-11-13,4,Good quality product,Normal Operations
R8213,C61440,2026-11-13,5,Customer service was helpful,Normal Operations
R8214,C23811,2026-11-13,4,Will buy again from this store,Normal Operations
R8215,C45589,2026-11-13,4,Good quality product,Normal Operations
R8216,C19716,2026-11-13,5,Very satisfied with my purchase,Normal Operations
R8217,C94787,2026-11-14,5,Will buy again from this store,Normal Operations
R8218,C14466,2026-11-14,5,Very satisfied with my purchase,Normal Operations
R8219,C16641,2026-11-14,4,Excellent shopping experience,Normal Operations
R8220,C17802,2026-11-14,4,Will buy again from this store,Normal Operations
R8221,C29554,2026-11-14,4,Great product and fast delivery,Normal Operations
R8222,C18937,2026-11-14,5,Easy checkout process,Normal Operations
R8223,C86654,2026-11-14,4,Excellent shopping experience,Normal Operations
R8224,C47603,2026-11-14,5,Great product and fast delivery,Normal Operations
R8225,C3659,2026-11-14,5,Good quality product,Normal Operations
R8226,C37549,2026-11-14,5,Will buy again from this store,Normal Operations
R8227,C22547,2026-11-14,4,Good quality product,Normal Operations
R8228,C37166,2026-11-14,4,Easy checkout process,Normal Operations
R8229,C56821,2026-11-14,5,Good quality product,Normal Operations
R8230,C80359,2026-11-14,4,Received order on time,Normal Operations
R8231,C36480,2026-11-14,5,Great product and fast delivery,Normal Operations
R8232,C39907,2026-11-14,4,Will buy again from this store,Normal Operations
R8233,C42606,2026-11-14,4,Received order on time,Normal Operations
R8234,C46124,2026-11-15,4,Great product and fast delivery,Normal Operations
R8235,C14865,2026-11-15,4,Customer service was helpful,Normal Operations
R8236,C56094,2026-11-15,5,Great product and fast delivery,Normal Operations
R8237,C17306,2026-11-15,5,Very satisfied with my purchase,Normal Operations
R8238,C85916,2026-11-15,4,Easy checkout process,Normal Operations
R8239,C70943,2026-11-15,5,Great product and fast delivery,Normal Operations
R8240,C12851,2026-11-15,5,Very satisfied with my purchase,Normal Operations
R8241,C26645,2026-11-15,4,Excellent shopping experience,Normal Operations
R8242,C58492,2026-11-15,5,Will buy again from this store,Normal Operations
R8243,C75342,2026-11-15,4,Good quality product,Normal Operations
R8244,C44509,2026-11-15,4,Excellent shopping experience,Normal Operations
R8245,C29512,2026-11-15,5,Customer service was helpful,Normal Operations
R8246,C10003,2026-11-15,5,Customer service was helpful,Normal Operations
R8247,C64669,2026-11-15,5,Easy checkout process,Normal Operations
R8248,C66878,2026-11-15,4,Great product and fast delivery,Normal Operations
R8249,C14526,2026-11-15,4,Very satisfied with my purchase,Normal Operations
R8250,C94162,2026-11-15,5,Received order on time,Normal Operations
R8251,C80484,2026-11-15,5,Received order on time,Normal Operations
R8252,C72054,2026-11-15,5,Received order on time,Normal Operations
R8253,C29061,2026-11-15,5,Will buy again from this store,Normal Operations
R8254,C13791,2026-11-15,5,Great product and fast delivery,Normal Operations
R8255,C43740,2026-11-16,5,Received order on time,Normal Operations
R8256,C55615,2026-11-16,5,Good quality product,Normal Operations
R8257,C75441,2026-11-16,5,Easy checkout process,Normal Operations
R8258,C77953,2026-11-16,4,Excellent shopping experience,Normal Operations
R8259,C14004,2026-11-16,4,Excellent shopping experience,Normal Operations
R8260,C41254,2026-11-16,5,Received order on time,Normal Operations
R8261,C93871,2026-11-16,4,Received order on time,Normal Operations
R8262,C87232,2026-11-16,5,Good quality product,Normal Operations
R8263,C32717,2026-11-16,5,Will buy again from this store,Normal Operations
R8264,C85347,2026-11-16,4,Great product and fast delivery,Normal Operations
R8265,C22845,2026-11-16,5,Great product and fast delivery,Normal Operations
R8266,C82783,2026-11-16,5,Great product and fast delivery,Normal Operations
R8267,C52647,2026-11-16,5,Great product and fast delivery,Normal Operations
R8268,C87973,2026-11-16,5,Very satisfied with my purchase,Normal Operations
R8269,C81230,2026-11-16,5,Will buy again from this store,Normal Operations
R8270,C39768,2026-11-16,5,Good quality product,Normal Operations
R8271,C50623,2026-11-16,5,Easy checkout process,Normal Operations
R8272,C66919,2026-11-16,5,Received order on time,Normal Operations
R8273,C39883,2026-11-17,4,Easy checkout process,Normal Operations
R8274,C71534,2026-11-17,4,Customer service was helpful,Normal Operations
R8275,C80072,2026-11-17,5,Will buy again from this store,Normal Operations
R8276,C77666,2026-11-17,4,Great product and fast delivery,Normal Operations
R8277,C29403,2026-11-17,4,Will buy again from this store,Normal Operations
R8278,C59093,2026-11-17,5,Will buy again from this store,Normal Operations
R8279,C25224,2026-11-17,4,Very satisfied with my purchase,Normal Operations
R8280,C97682,2026-11-17,5,Excellent shopping experience,Normal Operations
R8281,C12768,2026-11-17,5,Good quality product,Normal Operations
R8282,C48778,2026-11-17,5,Excellent shopping experience,Normal Operations
R8283,C49967,2026-11-17,5,Easy checkout process,Normal Operations
R8284,C16516,2026-11-17,4,Very satisfied with my purchase,Normal Operations
R8285,C3574,2026-11-17,5,Customer service was helpful,Normal Operations
R8286,C91522,2026-11-17,4,Very satisfied with my purchase,Normal Operations
R8287,C49095,2026-11-17,5,Received order on time,Normal Operations
R8288,C45611,2026-11-17,4,Will buy again from this store,Normal Operations
R8289,C43899,2026-11-17,4,Very satisfied with my purchase,Normal Operations
R8290,C47612,2026-11-17,4,Very satisfied with my purchase,Normal Operations
R8291,C77552,2026-11-17,4,Great product and fast delivery,Normal Operations
R8292,C11892,2026-11-18,5,Will buy again from this store,Normal Operations
R8293,C50295,2026-11-18,4,Easy checkout process,Normal Operations
R8294,C87473,2026-11-18,5,Good quality product,Normal Operations
R8295,C45033,2026-11-18,4,Customer service was helpful,Normal Operations
R8296,C42862,2026-11-18,4,Received order on time,Normal Operations
R8297,C63253,2026-11-18,5,Easy checkout process,Normal Operations
R8298,C35456,2026-11-18,5,Received order on time,Normal Operations
R8299,C88455,2026-11-18,5,Great product and fast delivery,Normal Operations
R8300,C34048,2026-11-18,4,Excellent shopping experience,Normal Operations
R8301,C5165,2026-11-18,5,Easy checkout process,Normal Operations
R8302,C84689,2026-11-18,5,Customer service was helpful,Normal Operations
R8303,C68877,2026-11-18,5,Excellent shopping experience,Normal Operations
R8304,C33044,2026-11-18,5,Received order on time,Normal Operations
R8305,C66251,2026-11-18,5,Customer service was helpful,Normal Operations
R8306,C52879,2026-11-18,4,Customer service was helpful,Normal Operations
R8307,C37,2026-11-19,5,Great product and fast delivery,Normal Operations
R8308,C10274,2026-11-19,5,Easy checkout process,Normal Operations
R8309,C76940,2026-11-19,5,Customer service was helpful,Normal Operations
R8310,C82902,2026-11-19,4,Very satisfied with my purchase,Normal Operations
R8311,C32920,2026-11-19,5,Great product and fast delivery,Normal Operations
R8312,C57944,2026-11-19,4,Excellent shopping experience,Normal Operations
R8313,C18643,2026-11-19,4,Easy checkout process,Normal Operations
R8314,C24226,2026-11-19,4,Will buy again from this store,Normal Operations
R8315,C66108,2026-11-19,5,Customer service was helpful,Normal Operations
R8316,C60911,2026-11-19,5,Easy checkout process,Normal Operations
R8317,C42000,2026-11-19,4,Great product and fast delivery,Normal Operations
R8318,C49323,2026-11-19,4,Excellent shopping experience,Normal Operations
R8319,C47063,2026-11-19,5,Will buy again from this store,Normal Operations
R8320,C53831,2026-11-19,4,Very satisfied with my purchase,Normal Operations
R8321,C13134,2026-11-19,5,Excellent shopping experience,Normal Operations
R8322,C92502,2026-11-19,4,Excellent shopping experience,Normal Operations
R8323,C42586,2026-11-19,5,Excellent shopping experience,Normal Operations
R8324,C12522,2026-11-19,5,Customer service was helpful,Normal Operations
R8325,C21087,2026-11-20,4,Great product and fast delivery,Normal Operations
R8326,C95676,2026-11-20,5,Received order on time,Normal Operations
R8327,C19886,2026-11-20,5,Customer service was helpful,Normal Operations
R8328,C52690,2026-11-20,5,Received order on time,Normal Operations
R8329,C16089,2026-11-20,5,Customer service was helpful,Normal Operations
R8330,C4287,2026-11-20,5,Excellent shopping experience,Normal Operations
R8331,C5606,2026-11-20,5,Received order on time,Normal Operations
R8332,C44542,2026-11-20,5,Good quality product,Normal Operations
R8333,C12171,2026-11-20,4,Very satisfied with my purchase,Normal Operations
R8334,C97011,2026-11-20,5,Very satisfied with my purchase,Normal Operations
R8335,C23815,2026-11-20,5,Excellent shopping experience,Normal Operations
R8336,C8435,2026-11-20,4,Will buy again from this store,Normal Operations
R8337,C40695,2026-11-20,5,Customer service was helpful,Normal Operations
R8338,C12070,2026-11-20,5,Easy checkout process,Normal Operations
R8339,C88971,2026-11-20,4,Customer service was helpful,Normal Operations
R8340,C33458,2026-11-20,5,Excellent shopping experience,Normal Operations
R8341,C11933,2026-11-20,5,Customer service was helpful,Normal Operations
R8342,C13293,2026-11-20,4,Good quality product,Normal Operations
R8343,C72945,2026-11-20,4,Will buy again from this store,Normal Operations
R8344,C80774,2026-11-20,5,Customer service was helpful,Normal Operations
R8345,C92098,2026-11-20,5,Excellent shopping experience,Normal Operations
R8346,C88374,2026-11-21,4,Very satisfied with my purchase,Normal Operations
R8347,C91932,2026-11-21,5,Great product and fast delivery,Normal Operations
R8348,C65828,2026-11-21,5,Will buy again from this store,Normal Operations
R8349,C97014,2026-11-21,5,Customer service was helpful,Normal Operations
R8350,C95370,2026-11-21,5,Very satisfied with my purchase,Normal Operations
R8351,C12269,2026-11-21,4,Very satisfied with my purchase,Normal Operations
R8352,C11234,2026-11-21,5,Good quality product,Normal Operations
R8353,C40327,2026-11-21,4,Received order on time,Normal Operations
R8354,C19466,2026-11-21,4,Will buy again from this store,Normal Operations
R8355,C60504,2026-11-21,4,Customer service was helpful,Normal Operations
R8356,C93519,2026-11-21,5,Easy checkout process,Normal Operations
R8357,C12843,2026-11-21,5,Customer service was helpful,Normal Operations
R8358,C2977,2026-11-21,5,Received order on time,Normal Operations
R8359,C41388,2026-11-21,5,Easy checkout process,Normal Operations
R8360,C22624,2026-11-21,5,Customer service was helpful,Normal Operations
R8361,C45940,2026-11-21,4,Customer service was helpful,Normal Operations
R8362,C12892,2026-11-21,5,Very satisfied with my purchase,Normal Operations
R8363,C44292,2026-11-22,4,Excellent shopping experience,Normal Operations
R8364,C40226,2026-11-22,5,Great product and fast delivery,Normal Operations
R8365,C56343,2026-11-22,5,Customer service was helpful,Normal Operations
R8366,C91375,2026-11-22,4,Great product and fast delivery,Normal Operations
R8367,C90288,2026-11-22,5,Customer service was helpful,Normal Operations
R8368,C75046,2026-11-22,5,Good quality product,Normal Operations
R8369,C89861,2026-11-22,5,Good quality product,Normal Operations
R8370,C98638,2026-11-22,5,Received order on time,Normal Operations
R8371,C19330,2026-11-22,5,Will buy again from this store,Normal Operations
R8372,C12411,2026-11-22,4,Easy checkout process,Normal Operations
R8373,C37704,2026-11-22,4,Easy checkout process,Normal Operations
R8374,C2685,2026-11-22,4,Will buy again from this store,Normal Operations
R8375,C20827,2026-11-22,4,Customer service was helpful,Normal Operations
R8376,C62289,2026-11-22,4,Good quality product,Normal Operations
R8377,C56069,2026-11-22,5,Excellent shopping experience,Normal Operations
R8378,C25618,2026-11-22,4,Excellent shopping experience,Normal Operations
R8379,C26251,2026-11-22,4,Easy checkout process,Normal Operations
R8380,C60533,2026-11-22,4,Will buy again from this store,Normal Operations
R8381,C31980,2026-11-22,5,Received order on time,Normal Operations
R8382,C89852,2026-11-22,4,Will buy again from this store,Normal Operations
R8383,C34755,2026-11-22,4,Easy checkout process,Normal Operations
R8384,C79952,2026-11-23,5,Received order on time,Normal Operations
R8385,C56415,2026-11-23,5,Easy checkout process,Normal Operations
R8386,C32692,2026-11-23,5,Will buy again from this store,Normal Operations
R8387,C3045,2026-11-23,5,Received order on time,Normal Operations
R8388,C21546,2026-11-23,4,Received order on time,Normal Operations
R8389,C93908,2026-11-23,4,Good quality product,Normal Operations
R8390,C75653,2026-11-23,5,Will buy again from this store,Normal Operations
R8391,C96941,2026-11-23,4,Great product and fast delivery,Normal Operations
R8392,C97686,2026-11-23,5,Good quality product,Normal Operations
R8393,C41535,2026-11-23,4,Very satisfied with my purchase,Normal Operations
R8394,C76370,2026-11-23,5,Good quality product,Normal Operations
R8395,C7489,2026-11-23,5,Very satisfied with my purchase,Normal Operations
R8396,C7939,2026-11-23,5,Customer service was helpful,Normal Operations
R8397,C52636,2026-11-23,4,Excellent shopping experience,Normal Operations
R8398,C49935,2026-11-23,4,Received order on time,Normal Operations
R8399,C53320,2026-11-23,5,Customer service was helpful,Normal Operations
R8400,C40798,2026-11-23,5,Very satisfied with my purchase,Normal Operations
R8401,C82300,2026-11-23,5,Easy checkout process,Normal Operations
R8402,C6887,2026-11-23,5,Very satisfied with my purchase,Normal Operations
R8403,C67720,2026-11-23,5,Customer service was helpful,Normal Operations
R8404,C85840,2026-11-23,4,Customer service was helpful,Normal Operations
R8405,C2567,2026-11-23,5,Great product and fast delivery,Normal Operations
R8406,C31697,2026-11-23,5,Will buy again from this store,Normal Operations
R8407,C50638,2026-11-24,5,Will buy again from this store,Normal Operations
R8408,C66501,2026-11-24,4,Excellent shopping experience,Normal Operations
R8409,C2674,2026-11-24,4,Received order on time,Normal Operations
R8410,C10625,2026-11-24,5,Very satisfied with my purchase,Normal Operations
R8411,C34609,2026-11-24,4,Good quality product,Normal Operations
R8412,C63504,2026-11-24,4,Excellent shopping experience,Normal Operations
R8413,C96876,2026-11-24,4,Good quality product,Normal Operations
R8414,C51539,2026-11-24,5,Received order on time,Normal Operations
R8415,C20244,2026-11-24,4,Customer service was helpful,Normal Operations
R8416,C69232,2026-11-24,4,Excellent shopping experience,Normal Operations
R8417,C72779,2026-11-24,4,Great product and fast delivery,Normal Operations
R8418,C20002,2026-11-24,4,Very satisfied with my purchase,Normal Operations
R8419,C63884,2026-11-24,4,Good quality product,Normal Operations
R8420,C15835,2026-11-24,5,Customer service was helpful,Normal Operations
R8421,C29544,2026-11-24,4,Customer service was helpful,Normal Operations
R8422,C60674,2026-11-24,4,Easy checkout process,Normal Operations
R8423,C54005,2026-11-24,5,Good quality product,Normal Operations
R8424,C98104,2026-11-25,5,Customer service was helpful,Normal Operations
R8425,C97408,2026-11-25,4,Very satisfied with my purchase,Normal Operations
R8426,C26013,2026-11-25,5,Very satisfied with my purchase,Normal Operations
R8427,C21695,2026-11-25,5,Great product and fast delivery,Normal Operations
R8428,C32836,2026-11-25,5,Good quality product,Normal Operations
R8429,C29546,2026-11-25,4,Excellent shopping experience,Normal Operations
R8430,C73856,2026-11-25,4,Easy checkout process,Normal Operations
R8431,C97765,2026-11-25,4,Will buy again from this store,Normal Operations
R8432,C85659,2026-11-25,4,Received order on time,Normal Operations
R8433,C63536,2026-11-25,4,Good quality product,Normal Operations
R8434,C98363,2026-11-25,5,Excellent shopping experience,Normal Operations
R8435,C4508,2026-11-25,4,Great product and fast delivery,Normal Operations
R8436,C15476,2026-11-25,5,Excellent shopping experience,Normal Operations
R8437,C92815,2026-11-25,5,Excellent shopping experience,Normal Operations
R8438,C40186,2026-11-25,5,Good quality product,Normal Operations
R8439,C96683,2026-11-25,5,Customer service was helpful,Normal Operations
R8440,C55536,2026-11-25,4,Excellent shopping experience,Normal Operations
R8441,C63691,2026-11-25,4,Easy checkout process,Normal Operations
R8442,C63561,2026-11-25,4,Good quality product,Normal Operations
R8443,C48865,2026-11-25,5,Very satisfied with my purchase,Normal Operations
R8444,C28211,2026-11-25,4,Very satisfied with my purchase,Normal Operations
R8445,C2963,2026-11-25,4,Great product and fast delivery,Normal Operations
R8446,C94674,2026-11-25,4,Will buy again from this store,Normal Operations
R8447,C45322,2026-11-25,5,Great product and fast delivery,Normal Operations
R8448,C43862,2026-11-26,4,Very satisfied with my purchase,Normal Operations
R8449,C44964,2026-11-26,5,Good quality product,Normal Operations
R8450,C20734,2026-11-26,5,Received order on time,Normal Operations
R8451,C79019,2026-11-26,5,Will buy again from this store,Normal Operations
R8452,C7086,2026-11-26,4,Excellent shopping experience,Normal Operations
R8453,C37576,2026-11-26,5,Excellent shopping experience,Normal Operations
R8454,C59151,2026-11-26,5,Very satisfied with my purchase,Normal Operations
R8455,C35272,2026-11-26,4,Good quality product,Normal Operations
R8456,C13139,2026-11-26,5,Easy checkout process,Normal Operations
R8457,C28813,2026-11-26,5,Very satisfied with my purchase,Normal Operations
R8458,C24487,2026-11-26,5,Customer service was helpful,Normal Operations
R8459,C39267,2026-11-26,4,Excellent shopping experience,Normal Operations
R8460,C77732,2026-11-26,5,Good quality product,Normal Operations
R8461,C34487,2026-11-26,4,Easy checkout process,Normal Operations
R8462,C48815,2026-11-26,5,Good quality product,Normal Operations
R8463,C43163,2026-11-26,5,Very satisfied with my purchase,Normal Operations
R8464,C34851,2026-11-26,5,Good quality product,Normal Operations
R8465,C15059,2026-11-26,5,Customer service was helpful,Normal Operations
R8466,C65821,2026-11-26,4,Very satisfied with my purchase,Normal Operations
R8467,C84195,2026-11-26,4,Customer service was helpful,Normal Operations
R8468,C91704,2026-11-26,4,Received order on time,Normal Operations
R8469,C97485,2026-11-27,5,Will buy again from this store,Normal Operations
R8470,C24733,2026-11-27,4,Easy checkout process,Normal Operations
R8471,C5721,2026-11-27,5,Excellent shopping experience,Normal Operations
R8472,C5154,2026-11-27,4,Received order on time,Normal Operations
R8473,C84834,2026-11-27,4,Easy checkout process,Normal Operations
R8474,C95170,2026-11-27,5,Received order on time,Normal Operations
R8475,C56578,2026-11-27,4,Great product and fast delivery,Normal Operations
R8476,C87703,2026-11-27,5,Received order on time,Normal Operations
R8477,C55156,2026-11-27,5,Customer service was helpful,Normal Operations
R8478,C69712,2026-11-27,5,Received order on time,Normal Operations
R8479,C79153,2026-11-27,5,Easy checkout process,Normal Operations
R8480,C70747,2026-11-27,5,Very satisfied with my purchase,Normal Operations
R8481,C15994,2026-11-27,5,Customer service was helpful,Normal Operations
R8482,C80460,2026-11-27,5,Received order on time,Normal Operations
R8483,C89623,2026-11-27,5,Good quality product,Normal Operations
R8484,C47710,2026-11-27,5,Good quality product,Normal Operations
R8485,C54525,2026-11-27,4,Great product and fast delivery,Normal Operations
R8486,C46479,2026-11-27,5,Very satisfied with my purchase,Normal Operations
R8487,C48545,2026-11-27,4,Great product and fast delivery,Normal Operations
R8488,C19785,2026-11-27,5,Great product and fast delivery,Normal Operations
R8489,C77679,2026-11-28,5,Customer service was helpful,Normal Operations
R8490,C71588,2026-11-28,4,Will buy again from this store,Normal Operations
R8491,C59318,2026-11-28,5,Great product and fast delivery,Normal Operations
R8492,C39356,2026-11-28,5,Received order on time,Normal Operations
R8493,C74617,2026-11-28,5,Good quality product,Normal Operations
R8494,C8339,2026-11-28,4,Received order on time,Normal Operations
R8495,C78672,2026-11-28,5,Good quality product,Normal Operations
R8496,C75039,2026-11-28,5,Will buy again from this store,Normal Operations
R8497,C73099,2026-11-28,5,Good quality product,Normal Operations
R8498,C64263,2026-11-28,5,Received order on time,Normal Operations
R8499,C545,2026-11-28,5,Great product and fast delivery,Normal Operations
R8500,C50383,2026-11-28,5,Great product and fast delivery,Normal Operations
R8501,C13334,2026-11-28,5,Customer service was helpful,Normal Operations
R8502,C22448,2026-11-28,5,Customer service was helpful,Normal Operations
R8503,C82991,2026-11-28,5,Very satisfied with my purchase,Normal Operations
R8504,C47061,2026-11-28,5,Easy checkout process,Normal Operations
R8505,C2635,2026-11-28,5,Good quality product,Normal Operations
R8506,C74529,2026-11-28,4,Easy checkout process,Normal Operations
R8507,C77703,2026-11-29,5,Very satisfied with my purchase,Normal Operations
R8508,C60713,2026-11-29,4,Excellent shopping experience,Normal Operations
R8509,C3847,2026-11-29,5,Very satisfied with my purchase,Normal Operations
R8510,C42155,2026-11-29,4,Received order on time,Normal Operations
R8511,C56629,2026-11-29,5,Great product and fast delivery,Normal Operations
R8512,C27387,2026-11-29,5,Very satisfied with my purchase,Normal Operations
R8513,C34714,2026-11-29,4,Great product and fast delivery,Normal Operations
R8514,C77482,2026-11-29,5,Easy checkout process,Normal Operations
R8515,C14976,2026-11-29,5,Very satisfied with my purchase,Normal Operations
R8516,C12106,2026-11-29,5,Excellent shopping experience,Normal Operations
R8517,C80775,2026-11-29,4,Very satisfied with my purchase,Normal Operations
R8518,C61265,2026-11-29,4,Good quality product,Normal Operations
R8519,C17823,2026-11-29,4,Good quality product,Normal Operations
R8520,C84301,2026-11-29,4,Great product and fast delivery,Normal Operations
R8521,C4425,2026-11-29,4,Great product and fast delivery,Normal Operations
R8522,C29470,2026-11-29,5,Will buy again from this store,Normal Operations
R8523,C89447,2026-11-29,5,Very satisfied with my purchase,Normal Operations
R8524,C35176,2026-11-29,5,Very satisfied with my purchase,Normal Operations
R8525,C32209,2026-11-29,5,Excellent shopping experience,Normal Operations
R8526,C59896,2026-11-30,4,Good quality product,Normal Operations
R8527,C42581,2026-11-30,5,Very satisfied with my purchase,Normal Operations
R8528,C38200,2026-11-30,4,Customer service was helpful,Normal Operations
R8529,C52288,2026-11-30,4,Received order on time,Normal Operations
R8530,C82159,2026-11-30,4,Good quality product,Normal Operations
R8531,C44311,2026-11-30,4,Good quality product,Normal Operations
R8532,C91599,2026-11-30,4,Great product and fast delivery,Normal Operations
R8533,C38181,2026-11-30,5,Very satisfied with my purchase,Normal Operations
R8534,C57506,2026-11-30,4,Very satisfied with my purchase,Normal Operations
R8535,C79303,2026-11-30,4,Customer service was helpful,Normal Operations
R8536,C8324,2026-11-30,5,Good quality product,Normal Operations
R8537,C91355,2026-11-30,5,Excellent shopping experience,Normal Operations
R8538,C84077,2026-11-30,4,Great product and fast delivery,Normal Operations
R8539,C97244,2026-11-30,4,Very satisfied with my purchase,Normal Operations
R8540,C42020,2026-11-30,5,Easy checkout process,Normal Operations
R8541,C54891,2026-11-30,5,Great product and fast delivery,Normal Operations
R8542,C59433,2026-11-30,5,Will buy again from this store,Normal Operations
R8543,C64256,2026-12-01,4,Good quality product,Normal Operations
R8544,C6222,2026-12-01,5,Very satisfied with my purchase,Normal Operations
R8545,C85188,2026-12-01,5,Customer service was helpful,Normal Operations
R8546,C68236,2026-12-01,5,Excellent shopping experience,Normal Operations
R8547,C373,2026-12-01,5,Very satisfied with my purchase,Normal Operations
R8548,C18899,2026-12-01,5,Received order on time,Normal Operations
R8549,C9608,2026-12-01,5,Received order on time,Normal Operations
R8550,C5384,2026-12-01,5,Great product and fast delivery,Normal Operations
R8551,C9838,2026-12-01,5,Will buy again from this store,Normal Operations
R8552,C73529,2026-12-01,4,Customer service was helpful,Normal Operations
R8553,C78894,2026-12-01,5,Excellent shopping experience,Normal Operations
R8554,C13370,2026-12-01,4,Customer service was helpful,Normal Operations
R8555,C75825,2026-12-01,4,Good quality product,Normal Operations
R8556,C18065,2026-12-01,4,Easy checkout process,Normal Operations
R8557,C2058,2026-12-01,4,Will buy again from this store,Normal Operations
R8558,C14560,2026-12-01,4,Excellent shopping experience,Normal Operations
R8559,C65739,2026-12-01,4,Good quality product,Normal Operations
R8560,C75074,2026-12-01,4,Very satisfied with my purchase,Normal Operations
R8561,C65545,2026-12-01,4,Excellent shopping experience,Normal Operations
R8562,C99340,2026-12-02,5,Good quality product,Normal Operations
R8563,C20101,2026-12-02,5,Received order on time,Normal Operations
R8564,C61646,2026-12-02,4,Received order on time,Normal Operations
R8565,C4841,2026-12-02,5,Will buy again from this store,Normal Operations
R8566,C48106,2026-12-02,5,Great product and fast delivery,Normal Operations
R8567,C24920,2026-12-02,5,Received order on time,Normal Operations
R8568,C97807,2026-12-02,4,Great product and fast delivery,Normal Operations
R8569,C67435,2026-12-02,5,Customer service was helpful,Normal Operations
R8570,C24775,2026-12-02,5,Received order on time,Normal Operations
R8571,C90586,2026-12-02,4,Great product and fast delivery,Normal Operations
R8572,C82512,2026-12-02,5,Good quality product,Normal Operations
R8573,C13270,2026-12-02,5,Received order on time,Normal Operations
R8574,C7662,2026-12-02,4,Excellent shopping experience,Normal Operations
R8575,C60615,2026-12-02,5,Received order on time,Normal Operations
R8576,C85931,2026-12-02,5,Received order on time,Normal Operations
R8577,C53001,2026-12-02,4,Received order on time,Normal Operations
R8578,C833,2026-12-02,5,Very satisfied with my purchase,Normal Operations
R8579,C3493,2026-12-02,4,Easy checkout process,Normal Operations
R8580,C34140,2026-12-03,5,Great product and fast delivery,Normal Operations
R8581,C27536,2026-12-03,4,Easy checkout process,Normal Operations
R8582,C69811,2026-12-03,5,Will buy again from this store,Normal Operations
R8583,C95396,2026-12-03,5,Customer service was helpful,Normal Operations
R8584,C57841,2026-12-03,4,Excellent shopping experience,Normal Operations
R8585,C61914,2026-12-03,4,Good quality product,Normal Operations
R8586,C46679,2026-12-03,5,Good quality product,Normal Operations
R8587,C77355,2026-12-03,5,Great product and fast delivery,Normal Operations
R8588,C63429,2026-12-03,4,Received order on time,Normal Operations
R8589,C8753,2026-12-03,5,Good quality product,Normal Operations
R8590,C59851,2026-12-03,5,Will buy again from this store,Normal Operations
R8591,C12658,2026-12-03,5,Customer service was helpful,Normal Operations
R8592,C46432,2026-12-03,5,Received order on time,Normal Operations
R8593,C42181,2026-12-03,4,Excellent shopping experience,Normal Operations
R8594,C7944,2026-12-03,4,Good quality product,Normal Operations
R8595,C99410,2026-12-03,5,Easy checkout process,Normal Operations
R8596,C10113,2026-12-03,5,Great product and fast delivery,Normal Operations
R8597,C76898,2026-12-03,5,Will buy again from this store,Normal Operations
R8598,C32206,2026-12-03,4,Will buy again from this store,Normal Operations
R8599,C36099,2026-12-03,5,Excellent shopping experience,Normal Operations
R8600,C22075,2026-12-03,4,Customer service was helpful,Normal Operations
R8601,C96321,2026-12-04,4,Received order on time,Normal Operations
R8602,C64703,2026-12-04,5,Excellent shopping experience,Normal Operations
R8603,C79298,2026-12-04,4,Customer service was helpful,Normal Operations
R8604,C1377,2026-12-04,4,Will buy again from this store,Normal Operations
R8605,C72354,2026-12-04,4,Received order on time,Normal Operations
R8606,C59798,2026-12-04,4,Customer service was helpful,Normal Operations
R8607,C27665,2026-12-04,5,Received order on time,Normal Operations
R8608,C17763,2026-12-04,5,Good quality product,Normal Operations
R8609,C37044,2026-12-04,5,Great product and fast delivery,Normal Operations
R8610,C10557,2026-12-04,4,Easy checkout process,Normal Operations
R8611,C10005,2026-12-04,5,Received order on time,Normal Operations
R8612,C62001,2026-12-04,4,Good quality product,Normal Operations
R8613,C45996,2026-12-04,5,Good quality product,Normal Operations
R8614,C61970,2026-12-04,4,Will buy again from this store,Normal Operations
R8615,C34320,2026-12-04,5,Good quality product,Normal Operations
R8616,C81545,2026-12-04,4,Easy checkout process,Normal Operations
R8617,C45285,2026-12-04,4,Very satisfied with my purchase,Normal Operations
R8618,C60812,2026-12-04,4,Easy checkout process,Normal Operations
R8619,C53627,2026-12-04,5,Will buy again from this store,Normal Operations
R8620,C93805,2026-12-04,5,Easy checkout process,Normal Operations
R8621,C99210,2026-12-04,5,Excellent shopping experience,Normal Operations
R8622,C47770,2026-12-04,5,Excellent shopping experience,Normal Operations
R8623,C55879,2026-12-04,5,Easy checkout process,Normal Operations
R8624,C85992,2026-12-04,5,Good quality product,Normal Operations
R8625,C45603,2026-12-05,5,Very satisfied with my purchase,Normal Operations
R8626,C16939,2026-12-05,4,Very satisfied with my purchase,Normal Operations
R8627,C43535,2026-12-05,4,Received order on time,Normal Operations
R8628,C28186,2026-12-05,4,Great product and fast delivery,Normal Operations
R8629,C86489,2026-12-05,4,Will buy again from this store,Normal Operations
R8630,C19844,2026-12-05,5,Easy checkout process,Normal Operations
R8631,C61610,2026-12-05,5,Excellent shopping experience,Normal Operations
R8632,C80197,2026-12-05,5,Very satisfied with my purchase,Normal Operations
R8633,C70273,2026-12-05,5,Excellent shopping experience,Normal Operations
R8634,C14868,2026-12-05,5,Excellent shopping experience,Normal Operations
R8635,C58528,2026-12-05,4,Very satisfied with my purchase,Normal Operations
R8636,C10857,2026-12-05,4,Excellent shopping experience,Normal Operations
R8637,C60952,2026-12-05,5,Received order on time,Normal Operations
R8638,C92206,2026-12-05,4,Good quality product,Normal Operations
R8639,C69099,2026-12-05,5,Great product and fast delivery,Normal Operations
R8640,C36390,2026-12-05,5,Customer service was helpful,Normal Operations
R8641,C20898,2026-12-05,4,Customer service was helpful,Normal Operations
R8642,C87237,2026-12-05,5,Will buy again from this store,Normal Operations
R8643,C52585,2026-12-05,5,Will buy again from this store,Normal Operations
R8644,C67778,2026-12-05,5,Good quality product,Normal Operations
R8645,C60875,2026-12-05,5,Customer service was helpful,Normal Operations
R8646,C71981,2026-12-05,4,Customer service was helpful,Normal Operations
R8647,C70401,2026-12-06,5,Will buy again from this store,Normal Operations
R8648,C84260,2026-12-06,5,Good quality product,Normal Operations
R8649,C1208,2026-12-06,5,Customer service was helpful,Normal Operations
R8650,C52098,2026-12-06,4,Easy checkout process,Normal Operations
R8651,C53592,2026-12-06,4,Very satisfied with my purchase,Normal Operations
R8652,C77314,2026-12-06,4,Will buy again from this store,Normal Operations
R8653,C62100,2026-12-06,4,Excellent shopping experience,Normal Operations
R8654,C78406,2026-12-06,5,Will buy again from this store,Normal Operations
R8655,C44803,2026-12-06,4,Will buy again from this store,Normal Operations
R8656,C1899,2026-12-06,5,Customer service was helpful,Normal Operations
R8657,C99930,2026-12-06,4,Will buy again from this store,Normal Operations
R8658,C36124,2026-12-06,5,Will buy again from this store,Normal Operations
R8659,C4903,2026-12-06,5,Customer service was helpful,Normal Operations
R8660,C64844,2026-12-06,5,Easy checkout process,Normal Operations
R8661,C46815,2026-12-06,4,Good quality product,Normal Operations
R8662,C32801,2026-12-06,4,Excellent shopping experience,Normal Operations
R8663,C97678,2026-12-06,4,Easy checkout process,Normal Operations
R8664,C71714,2026-12-06,4,Good quality product,Normal Operations
R8665,C60446,2026-12-06,4,Customer service was helpful,Normal Operations
R8666,C84148,2026-12-06,5,Great product and fast delivery,Normal Operations
R8667,C78562,2026-12-06,5,Excellent shopping experience,Normal Operations
R8668,C6640,2026-12-06,5,Great product and fast delivery,Normal Operations
R8669,C88374,2026-12-07,4,Excellent shopping experience,Normal Operations
R8670,C8419,2026-12-07,4,Very satisfied with my purchase,Normal Operations
R8671,C79920,2026-12-07,5,Easy checkout process,Normal Operations
R8672,C32925,2026-12-07,5,Will buy again from this store,Normal Operations
R8673,C98100,2026-12-07,5,Customer service was helpful,Normal Operations
R8674,C22792,2026-12-07,5,Very satisfied with my purchase,Normal Operations
R8675,C16638,2026-12-07,4,Great product and fast delivery,Normal Operations
R8676,C23878,2026-12-07,4,Very satisfied with my purchase,Normal Operations
R8677,C93349,2026-12-07,5,Excellent shopping experience,Normal Operations
R8678,C41768,2026-12-07,4,Very satisfied with my purchase,Normal Operations
R8679,C58566,2026-12-07,4,Great product and fast delivery,Normal Operations
R8680,C23092,2026-12-07,4,Very satisfied with my purchase,Normal Operations
R8681,C74608,2026-12-07,4,Great product and fast delivery,Normal Operations
R8682,C2064,2026-12-07,5,Great product and fast delivery,Normal Operations
R8683,C1126,2026-12-07,5,Great product and fast delivery,Normal Operations
R8684,C78331,2026-12-07,4,Excellent shopping experience,Normal Operations
R8685,C1691,2026-12-07,5,Easy checkout process,Normal Operations
R8686,C88561,2026-12-08,5,Good quality product,Normal Operations
R8687,C37215,2026-12-08,5,Very satisfied with my purchase,Normal Operations
R8688,C2809,2026-12-08,4,Very satisfied with my purchase,Normal Operations
R8689,C62168,2026-12-08,4,Received order on time,Normal Operations
R8690,C32338,2026-12-08,4,Customer service was helpful,Normal Operations
R8691,C63830,2026-12-08,5,Very satisfied with my purchase,Normal Operations
R8692,C12966,2026-12-08,5,Excellent shopping experience,Normal Operations
R8693,C49230,2026-12-08,4,Good quality product,Normal Operations
R8694,C68724,2026-12-08,5,Will buy again from this store,Normal Operations
R8695,C99094,2026-12-08,5,Very satisfied with my purchase,Normal Operations
R8696,C39442,2026-12-08,4,Received order on time,Normal Operations
R8697,C91604,2026-12-08,4,Received order on time,Normal Operations
R8698,C3063,2026-12-08,4,Received order on time,Normal Operations
R8699,C83991,2026-12-08,5,Good quality product,Normal Operations
R8700,C95090,2026-12-08,4,Excellent shopping experience,Normal Operations
R8701,C71494,2026-12-08,4,Will buy again from this store,Normal Operations
R8702,C34735,2026-12-08,5,Will buy again from this store,Normal Operations
R8703,C84171,2026-12-08,5,Good quality product,Normal Operations
R8704,C34783,2026-12-09,5,Received order on time,Normal Operations
R8705,C91081,2026-12-09,4,Great product and fast delivery,Normal Operations
R8706,C99109,2026-12-09,5,Very satisfied with my purchase,Normal Operations
R8707,C33153,2026-12-09,5,Customer service was helpful,Normal Operations
R8708,C16397,2026-12-09,4,Good quality product,Normal Operations
R8709,C5404,2026-12-09,4,Customer service was helpful,Normal Operations
R8710,C77896,2026-12-09,5,Good quality product,Normal Operations
R8711,C75594,2026-12-09,4,Received order on time,Normal Operations
R8712,C70515,2026-12-09,5,Good quality product,Normal Operations
R8713,C77168,2026-12-09,5,Great product and fast delivery,Normal Operations
R8714,C13824,2026-12-09,5,Very satisfied with my purchase,Normal Operations
R8715,C31052,2026-12-09,5,Great product and fast delivery,Normal Operations
R8716,C33470,2026-12-09,5,Received order on time,Normal Operations
R8717,C93378,2026-12-09,5,Good quality product,Normal Operations
R8718,C43407,2026-12-09,5,Good quality product,Normal Operations
R8719,C19607,2026-12-09,4,Easy checkout process,Normal Operations
R8720,C73655,2026-12-09,4,Will buy again from this store,Normal Operations
R8721,C57255,2026-12-09,4,Will buy again from this store,Normal Operations
R8722,C74071,2026-12-09,5,Customer service was helpful,Normal Operations
R8723,C3256,2026-12-09,5,Very satisfied with my purchase,Normal Operations
R8724,C5335,2026-12-09,5,Customer service was helpful,Normal Operations
R8725,C39709,2026-12-09,5,Excellent shopping experience,Normal Operations
R8726,C16030,2026-12-10,4,Easy checkout process,Normal Operations
R8727,C77043,2026-12-10,4,Customer service was helpful,Normal Operations
R8728,C88720,2026-12-10,4,Great product and fast delivery,Normal Operations
R8729,C47783,2026-12-10,5,Received order on time,Normal Operations
R8730,C22714,2026-12-10,4,Customer service was helpful,Normal Operations
R8731,C32560,2026-12-10,5,Received order on time,Normal Operations
R8732,C31363,2026-12-10,5,Excellent shopping experience,Normal Operations
R8733,C79923,2026-12-10,5,Good quality product,Normal Operations
R8734,C15317,2026-12-10,4,Easy checkout process,Normal Operations
R8735,C93729,2026-12-10,4,Will buy again from this store,Normal Operations
R8736,C76804,2026-12-10,5,Very satisfied with my purchase,Normal Operations
R8737,C53750,2026-12-10,5,Excellent shopping experience,Normal Operations
R8738,C99428,2026-12-10,5,Customer service was helpful,Normal Operations
R8739,C88856,2026-12-10,4,Customer service was helpful,Normal Operations
R8740,C84645,2026-12-10,5,Good quality product,Normal Operations
R8741,C53015,2026-12-10,5,Excellent shopping experience,Normal Operations
R8742,C7026,2026-12-10,5,Easy checkout process,Normal Operations
R8743,C61157,2026-12-10,4,Very satisfied with my purchase,Normal Operations
R8744,C3464,2026-12-10,4,Very satisfied with my purchase,Normal Operations
R8745,C14076,2026-12-10,5,Received order on time,Normal Operations
R8746,C16011,2026-12-10,5,Very satisfied with my purchase,Normal Operations
R8747,C36446,2026-12-10,4,Excellent shopping experience,Normal Operations
R8748,C32230,2026-12-10,5,Received order on time,Normal Operations
R8749,C85951,2026-12-10,4,Easy checkout process,Normal Operations
R8750,C93435,2026-12-11,4,Very satisfied with my purchase,Normal Operations
R8751,C3519,2026-12-11,4,Customer service was helpful,Normal Operations
R8752,C5379,2026-12-11,5,Customer service was helpful,Normal Operations
R8753,C79713,2026-12-11,5,Easy checkout process,Normal Operations
R8754,C46994,2026-12-11,5,Good quality product,Normal Operations
R8755,C96339,2026-12-11,4,Great product and fast delivery,Normal Operations
R8756,C94386,2026-12-11,4,Good quality product,Normal Operations
R8757,C19099,2026-12-11,4,Excellent shopping experience,Normal Operations
R8758,C71505,2026-12-11,4,Customer service was helpful,Normal Operations
R8759,C28271,2026-12-11,4,Great product and fast delivery,Normal Operations
R8760,C6388,2026-12-11,5,Will buy again from this store,Normal Operations
R8761,C30094,2026-12-11,5,Easy checkout process,Normal Operations
R8762,C68147,2026-12-11,5,Good quality product,Normal Operations
R8763,C4805,2026-12-11,5,Excellent shopping experience,Normal Operations
R8764,C51760,2026-12-11,5,Easy checkout process,Normal Operations
R8765,C63535,2026-12-11,5,Excellent shopping experience,Normal Operations
R8766,C40966,2026-12-11,4,Good quality product,Normal Operations
R8767,C85264,2026-12-11,4,Easy checkout process,Normal Operations
R8768,C85331,2026-12-11,4,Will buy again from this store,Normal Operations
R8769,C70633,2026-12-12,5,Excellent shopping experience,Normal Operations
R8770,C72210,2026-12-12,5,Customer service was helpful,Normal Operations
R8771,C45042,2026-12-12,4,Customer service was helpful,Normal Operations
R8772,C70673,2026-12-12,5,Easy checkout process,Normal Operations
R8773,C74091,2026-12-12,5,Excellent shopping experience,Normal Operations
R8774,C16909,2026-12-12,5,Excellent shopping experience,Normal Operations
R8775,C74148,2026-12-12,4,Customer service was helpful,Normal Operations
R8776,C69401,2026-12-12,4,Excellent shopping experience,Normal Operations
R8777,C72808,2026-12-12,5,Received order on time,Normal Operations
R8778,C31132,2026-12-12,5,Good quality product,Normal Operations
R8779,C67371,2026-12-12,4,Easy checkout process,Normal Operations
R8780,C53284,2026-12-12,5,Excellent shopping experience,Normal Operations
R8781,C2354,2026-12-12,5,Customer service was helpful,Normal Operations
R8782,C8204,2026-12-12,4,Customer service was helpful,Normal Operations
R8783,C35926,2026-12-12,4,Easy checkout process,Normal Operations
R8784,C17341,2026-12-12,5,Easy checkout process,Normal Operations
R8785,C44595,2026-12-12,4,Easy checkout process,Normal Operations
R8786,C88962,2026-12-12,4,Will buy again from this store,Normal Operations
R8787,C97163,2026-12-12,4,Received order on time,Normal Operations
R8788,C51956,2026-12-12,5,Excellent shopping experience,Normal Operations
R8789,C53847,2026-12-13,5,Great product and fast delivery,Normal Operations
R8790,C89768,2026-12-13,4,Excellent shopping experience,Normal Operations
R8791,C38393,2026-12-13,5,Customer service was helpful,Normal Operations
R8792,C15230,2026-12-13,5,Will buy again from this store,Normal Operations
R8793,C89999,2026-12-13,4,Good quality product,Normal Operations
R8794,C5586,2026-12-13,4,Customer service was helpful,Normal Operations
R8795,C57211,2026-12-13,5,Easy checkout process,Normal Operations
R8796,C5457,2026-12-13,5,Received order on time,Normal Operations
R8797,C37290,2026-12-13,4,Very satisfied with my purchase,Normal Operations
R8798,C14100,2026-12-13,4,Will buy again from this store,Normal Operations
R8799,C57164,2026-12-13,5,Very satisfied with my purchase,Normal Operations
R8800,C95609,2026-12-13,5,Will buy again from this store,Normal Operations
R8801,C9860,2026-12-13,5,Received order on time,Normal Operations
R8802,C78736,2026-12-13,5,Customer service was helpful,Normal Operations
R8803,C57825,2026-12-13,5,Customer service was helpful,Normal Operations
R8804,C9947,2026-12-14,5,Good quality product,Normal Operations
R8805,C85177,2026-12-14,5,Great product and fast delivery,Normal Operations
R8806,C33291,2026-12-14,5,Will buy again from this store,Normal Operations
R8807,C4838,2026-12-14,4,Good quality product,Normal Operations
R8808,C97158,2026-12-14,4,Excellent shopping experience,Normal Operations
R8809,C62547,2026-12-14,4,Received order on time,Normal Operations
R8810,C36389,2026-12-14,5,Easy checkout process,Normal Operations
R8811,C79844,2026-12-14,5,Will buy again from this store,Normal Operations
R8812,C86258,2026-12-14,4,Very satisfied with my purchase,Normal Operations
R8813,C48847,2026-12-14,5,Easy checkout process,Normal Operations
R8814,C63731,2026-12-14,5,Good quality product,Normal Operations
R8815,C27949,2026-12-14,4,Received order on time,Normal Operations
R8816,C23116,2026-12-14,4,Good quality product,Normal Operations
R8817,C47084,2026-12-14,5,Great product and fast delivery,Normal Operations
R8818,C2018,2026-12-14,5,Excellent shopping experience,Normal Operations
R8819,C50510,2026-12-14,5,Will buy again from this store,Normal Operations
R8820,C89318,2026-12-14,5,Received order on time,Normal Operations
R8821,C40024,2026-12-14,4,Will buy again from this store,Normal Operations
R8822,C36625,2026-12-14,5,Great product and fast delivery,Normal Operations
R8823,C93089,2026-12-14,5,Easy checkout process,Normal Operations
R8824,C44697,2026-12-14,4,Good quality product,Normal Operations
R8825,C24942,2026-12-14,5,Easy checkout process,Normal Operations
R8826,C59348,2026-12-14,4,Received order on time,Normal Operations
R8827,C90381,2026-12-15,4,Excellent shopping experience,Normal Operations
R8828,C13590,2026-12-15,5,Customer service was helpful,Normal Operations
R8829,C235,2026-12-15,5,Great product and fast delivery,Normal Operations
R8830,C2401,2026-12-15,5,Easy checkout process,Normal Operations
R8831,C89472,2026-12-15,5,Excellent shopping experience,Normal Operations
R8832,C25016,2026-12-15,4,Very satisfied with my purchase,Normal Operations
R8833,C95080,2026-12-15,5,Customer service was helpful,Normal Operations
R8834,C49186,2026-12-15,5,Easy checkout process,Normal Operations
R8835,C78656,2026-12-15,4,Great product and fast delivery,Normal Operations
R8836,C74190,2026-12-15,4,Good quality product,Normal Operations
R8837,C67411,2026-12-15,5,Great product and fast delivery,Normal Operations
R8838,C48988,2026-12-15,4,Will buy again from this store,Normal Operations
R8839,C15803,2026-12-15,4,Great product and fast delivery,Normal Operations
R8840,C87190,2026-12-15,5,Easy checkout process,Normal Operations
R8841,C43389,2026-12-15,4,Will buy again from this store,Normal Operations
R8842,C5737,2026-12-15,4,Great product and fast delivery,Normal Operations
R8843,C47166,2026-12-15,5,Excellent shopping experience,Normal Operations
R8844,C28822,2026-12-15,5,Easy checkout process,Normal Operations
R8845,C71745,2026-12-15,4,Very satisfied with my purchase,Normal Operations
R8846,C76630,2026-12-15,5,Good quality product,Normal Operations
R8847,C32022,2026-12-16,5,Customer service was helpful,Normal Operations
R8848,C41129,2026-12-16,4,Will buy again from this store,Normal Operations
R8849,C75463,2026-12-16,5,Easy checkout process,Normal Operations
R8850,C37211,2026-12-16,5,Received order on time,Normal Operations
R8851,C17661,2026-12-16,5,Easy checkout process,Normal Operations
R8852,C4809,2026-12-16,4,Excellent shopping experience,Normal Operations
R8853,C33352,2026-12-16,5,Good quality product,Normal Operations
R8854,C74675,2026-12-16,5,Customer service was helpful,Normal Operations
R8855,C92984,2026-12-16,5,Will buy again from this store,Normal Operations
R8856,C38640,2026-12-16,5,Received order on time,Normal Operations
R8857,C74945,2026-12-16,5,Good quality product,Normal Operations
R8858,C12414,2026-12-16,5,Received order on time,Normal Operations
R8859,C23072,2026-12-16,4,Easy checkout process,Normal Operations
R8860,C82307,2026-12-16,5,Very satisfied with my purchase,Normal Operations
R8861,C5214,2026-12-16,4,Received order on time,Normal Operations
R8862,C75067,2026-12-17,5,Received order on time,Normal Operations
R8863,C49505,2026-12-17,5,Great product and fast delivery,Normal Operations
R8864,C34071,2026-12-17,4,Good quality product,Normal Operations
R8865,C79272,2026-12-17,4,Very satisfied with my purchase,Normal Operations
R8866,C79504,2026-12-17,4,Excellent shopping experience,Normal Operations
R8867,C85551,2026-12-17,5,Good quality product,Normal Operations
R8868,C28386,2026-12-17,5,Customer service was helpful,Normal Operations
R8869,C93020,2026-12-17,4,Received order on time,Normal Operations
R8870,C42019,2026-12-17,4,Very satisfied with my purchase,Normal Operations
R8871,C95379,2026-12-17,4,Customer service was helpful,Normal Operations
R8872,C87944,2026-12-17,5,Great product and fast delivery,Normal Operations
R8873,C10071,2026-12-17,5,Excellent shopping experience,Normal Operations
R8874,C16617,2026-12-17,5,Excellent shopping experience,Normal Operations
R8875,C798,2026-12-17,5,Very satisfied with my purchase,Normal Operations
R8876,C47755,2026-12-17,5,Excellent shopping experience,Normal Operations
R8877,C12670,2026-12-17,4,Good quality product,Normal Operations
R8878,C28788,2026-12-17,5,Will buy again from this store,Normal Operations
R8879,C50616,2026-12-17,5,Good quality product,Normal Operations
R8880,C37640,2026-12-17,5,Easy checkout process,Normal Operations
R8881,C24745,2026-12-17,5,Easy checkout process,Normal Operations
R8882,C56965,2026-12-17,5,Customer service was helpful,Normal Operations
R8883,C82495,2026-12-17,4,Customer service was helpful,Normal Operations
R8884,C69561,2026-12-18,5,Customer service was helpful,Normal Operations
R8885,C67657,2026-12-18,5,Good quality product,Normal Operations
R8886,C5878,2026-12-18,4,Excellent shopping experience,Normal Operations
R8887,C91574,2026-12-18,5,Great product and fast delivery,Normal Operations
R8888,C66501,2026-12-18,5,Will buy again from this store,Normal Operations
R8889,C35572,2026-12-18,5,Customer service was helpful,Normal Operations
R8890,C87158,2026-12-18,4,Will buy again from this store,Normal Operations
R8891,C57204,2026-12-18,5,Excellent shopping experience,Normal Operations
R8892,C72650,2026-12-18,5,Very satisfied with my purchase,Normal Operations
R8893,C24993,2026-12-18,4,Customer service was helpful,Normal Operations
R8894,C55449,2026-12-18,5,Easy checkout process,Normal Operations
R8895,C42707,2026-12-18,4,Will buy again from this store,Normal Operations
R8896,C76588,2026-12-18,5,Very satisfied with my purchase,Normal Operations
R8897,C50005,2026-12-18,5,Easy checkout process,Normal Operations
R8898,C6378,2026-12-18,4,Easy checkout process,Normal Operations
R8899,C48557,2026-12-19,5,Very satisfied with my purchase,Normal Operations
R8900,C2261,2026-12-19,4,Customer service was helpful,Normal Operations
R8901,C50061,2026-12-19,5,Received order on time,Normal Operations
R8902,C65311,2026-12-19,5,Excellent shopping experience,Normal Operations
R8903,C22255,2026-12-19,5,Excellent shopping experience,Normal Operations
R8904,C99022,2026-12-19,4,Good quality product,Normal Operations
R8905,C56367,2026-12-19,4,Excellent shopping experience,Normal Operations
R8906,C93768,2026-12-19,4,Easy checkout process,Normal Operations
R8907,C83376,2026-12-19,5,Customer service was helpful,Normal Operations
R8908,C53383,2026-12-19,5,Excellent shopping experience,Normal Operations
R8909,C23584,2026-12-19,5,Received order on time,Normal Operations
R8910,C42282,2026-12-19,4,Excellent shopping experience,Normal Operations
R8911,C77781,2026-12-19,4,Will buy again from this store,Normal Operations
R8912,C11719,2026-12-19,5,Good quality product,Normal Operations
R8913,C43998,2026-12-19,4,Great product and fast delivery,Normal Operations
R8914,C26491,2026-12-19,4,Good quality product,Normal Operations
R8915,C41002,2026-12-19,5,Excellent shopping experience,Normal Operations
R8916,C52686,2026-12-19,5,Great product and fast delivery,Normal Operations
R8917,C89548,2026-12-19,5,Easy checkout process,Normal Operations
R8918,C27000,2026-12-19,5,Easy checkout process,Normal Operations
R8919,C86799,2026-12-19,5,Easy checkout process,Normal Operations
R8920,C54355,2026-12-19,5,Easy checkout process,Normal Operations
R8921,C67188,2026-12-20,4,Easy checkout process,Normal Operations
R8922,C65031,2026-12-20,4,Excellent shopping experience,Normal Operations
R8923,C18395,2026-12-20,5,Excellent shopping experience,Normal Operations
R8924,C26470,2026-12-20,4,Will buy again from this store,Normal Operations
R8925,C5493,2026-12-20,5,Excellent shopping experience,Normal Operations
R8926,C68803,2026-12-20,4,Received order on time,Normal Operations
R8927,C39783,2026-12-20,4,Excellent shopping experience,Normal Operations
R8928,C44056,2026-12-20,4,Will buy again from this store,Normal Operations
R8929,C14838,2026-12-20,4,Received order on time,Normal Operations
R8930,C17276,2026-12-20,4,Easy checkout process,Normal Operations
R8931,C51793,2026-12-20,4,Will buy again from this store,Normal Operations
R8932,C84254,2026-12-20,5,Customer service was helpful,Normal Operations
R8933,C24960,2026-12-20,4,Easy checkout process,Normal Operations
R8934,C65197,2026-12-20,5,Easy checkout process,Normal Operations
R8935,C37209,2026-12-20,4,Received order on time,Normal Operations
R8936,C6983,2026-12-20,5,Will buy again from this store,Normal Operations
R8937,C15317,2026-12-20,5,Will buy again from this store,Normal Operations
R8938,C93939,2026-12-20,4,Good quality product,Normal Operations
R8939,C2937,2026-12-20,5,Customer service was helpful,Normal Operations
R8940,C6710,2026-12-20,4,Great product and fast delivery,Normal Operations
R8941,C39385,2026-12-20,5,Customer service was helpful,Normal Operations
R8942,C24189,2026-12-21,5,Will buy again from this store,Normal Operations
R8943,C32287,2026-12-21,5,Very satisfied with my purchase,Normal Operations
R8944,C41050,2026-12-21,5,Very satisfied with my purchase,Normal Operations
R8945,C69727,2026-12-21,5,Very satisfied with my purchase,Normal Operations
R8946,C23938,2026-12-21,4,Customer service was helpful,Normal Operations
R8947,C3961,2026-12-21,5,Easy checkout process,Normal Operations
R8948,C65534,2026-12-21,5,Easy checkout process,Normal Operations
R8949,C62336,2026-12-21,5,Customer service was helpful,Normal Operations
R8950,C59978,2026-12-21,5,Will buy again from this store,Normal Operations
R8951,C7989,2026-12-21,4,Received order on time,Normal Operations
R8952,C23075,2026-12-21,4,Easy checkout process,Normal Operations
R8953,C25181,2026-12-21,5,Customer service was helpful,Normal Operations
R8954,C42675,2026-12-21,5,Good quality product,Normal Operations
R8955,C35392,2026-12-21,4,Great product and fast delivery,Normal Operations
R8956,C25237,2026-12-21,5,Received order on time,Normal Operations
R8957,C70292,2026-12-21,5,Very satisfied with my purchase,Normal Operations
R8958,C41867,2026-12-21,5,Received order on time,Normal Operations
R8959,C96792,2026-12-21,4,Will buy again from this store,Normal Operations
R8960,C97151,2026-12-22,4,Great product and fast delivery,Normal Operations
R8961,C8716,2026-12-22,5,Easy checkout process,Normal Operations
R8962,C14784,2026-12-22,4,Very satisfied with my purchase,Normal Operations
R8963,C40681,2026-12-22,4,Customer service was helpful,Normal Operations
R8964,C99614,2026-12-22,4,Received order on time,Normal Operations
R8965,C27112,2026-12-22,5,Easy checkout process,Normal Operations
R8966,C10727,2026-12-22,4,Customer service was helpful,Normal Operations
R8967,C65682,2026-12-22,5,Great product and fast delivery,Normal Operations
R8968,C91740,2026-12-22,5,Good quality product,Normal Operations
R8969,C69135,2026-12-22,4,Received order on time,Normal Operations
R8970,C47985,2026-12-22,5,Will buy again from this store,Normal Operations
R8971,C44875,2026-12-22,4,Customer service was helpful,Normal Operations
R8972,C71092,2026-12-22,5,Very satisfied with my purchase,Normal Operations
R8973,C92902,2026-12-22,4,Will buy again from this store,Normal Operations
R8974,C9869,2026-12-22,4,Received order on time,Normal Operations
R8975,C60465,2026-12-22,4,Easy checkout process,Normal Operations
R8976,C70715,2026-12-22,5,Good quality product,Normal Operations
R8977,C20354,2026-12-22,5,Customer service was helpful,Normal Operations
R8978,C22273,2026-12-22,5,Good quality product,Normal Operations
R8979,C35163,2026-12-22,5,Good quality product,Normal Operations
R8980,C58505,2026-12-22,5,Received order on time,Normal Operations
R8981,C56937,2026-12-23,4,Will buy again from this store,Normal Operations
R8982,C54463,2026-12-23,5,Customer service was helpful,Normal Operations
R8983,C16111,2026-12-23,5,Customer service was helpful,Normal Operations
R8984,C28531,2026-12-23,4,Great product and fast delivery,Normal Operations
R8985,C94261,2026-12-23,4,Very satisfied with my purchase,Normal Operations
R8986,C79853,2026-12-23,5,Very satisfied with my purchase,Normal Operations
R8987,C99685,2026-12-23,4,Will buy again from this store,Normal Operations
R8988,C41990,2026-12-23,5,Customer service was helpful,Normal Operations
R8989,C71638,2026-12-23,4,Very satisfied with my purchase,Normal Operations
R8990,C33547,2026-12-23,4,Will buy again from this store,Normal Operations
R8991,C23271,2026-12-23,4,Received order on time,Normal Operations
R8992,C65318,2026-12-23,5,Excellent shopping experience,Normal Operations
R8993,C62595,2026-12-23,4,Very satisfied with my purchase,Normal Operations
R8994,C84154,2026-12-23,4,Great product and fast delivery,Normal Operations
R8995,C79511,2026-12-23,4,Good quality product,Normal Operations
R8996,C76160,2026-12-23,5,Will buy again from this store,Normal Operations
R8997,C68703,2026-12-24,4,Very satisfied with my purchase,Normal Operations
R8998,C98604,2026-12-24,5,Very satisfied with my purchase,Normal Operations
R8999,C98868,2026-12-24,4,Easy checkout process,Normal Operations
R9000,C31306,2026-12-24,5,Excellent shopping experience,Normal Operations
R9001,C96396,2026-12-24,5,Customer service was helpful,Normal Operations
R9002,C75765,2026-12-24,5,Easy checkout process,Normal Operations
R9003,C47382,2026-12-24,4,Easy checkout process,Normal Operations
R9004,C29908,2026-12-24,4,Received order on time,Normal Operations
R9005,C87568,2026-12-24,4,Will buy again from this store,Normal Operations
R9006,C4556,2026-12-24,4,Will buy again from this store,Normal Operations
R9007,C4189,2026-12-24,5,Will buy again from this store,Normal Operations
R9008,C3089,2026-12-24,4,Good quality product,Normal Operations
R9009,C66024,2026-12-24,5,Customer service was helpful,Normal Operations
R9010,C58093,2026-12-24,5,Very satisfied with my purchase,Normal Operations
R9011,C83088,2026-12-24,5,Very satisfied with my purchase,Normal Operations
R9012,C86393,2026-12-24,5,Excellent shopping experience,Normal Operations
R9013,C66020,2026-12-24,4,Received order on time,Normal Operations
R9014,C64275,2026-12-24,4,Received order on time,Normal Operations
R9015,C18158,2026-12-25,4,Very satisfied with my purchase,Normal Operations
R9016,C83986,2026-12-25,5,Customer service was helpful,Normal Operations
R9017,C14930,2026-12-25,5,Received order on time,Normal Operations
R9018,C75532,2026-12-25,4,Good quality product,Normal Operations
R9019,C66931,2026-12-25,5,Will buy again from this store,Normal Operations
R9020,C85840,2026-12-25,4,Great product and fast delivery,Normal Operations
R9021,C24505,2026-12-25,4,Excellent shopping experience,Normal Operations
R9022,C84424,2026-12-25,5,Good quality product,Normal Operations
R9023,C22976,2026-12-25,4,Very satisfied with my purchase,Normal Operations
R9024,C19460,2026-12-25,5,Excellent shopping experience,Normal Operations
R9025,C79396,2026-12-25,4,Received order on time,Normal Operations
R9026,C27944,2026-12-25,4,Customer service was helpful,Normal Operations
R9027,C51051,2026-12-25,4,Will buy again from this store,Normal Operations
R9028,C96897,2026-12-25,4,Excellent shopping experience,Normal Operations
R9029,C69486,2026-12-25,4,Great product and fast delivery,Normal Operations
R9030,C89360,2026-12-25,5,Received order on time,Normal Operations
R9031,C14788,2026-12-25,5,Great product and fast delivery,Normal Operations
R9032,C13304,2026-12-25,5,Easy checkout process,Normal Operations
R9033,C69514,2026-12-25,5,Easy checkout process,Normal Operations
R9034,C31228,2026-12-25,4,Good quality product,Normal Operations
R9035,C7792,2026-12-25,4,Good quality product,Normal Operations
R9036,C37442,2026-12-25,5,Very satisfied with my purchase,Normal Operations
R9037,C56053,2026-12-26,5,Good quality product,Normal Operations
R9038,C51195,2026-12-26,5,Received order on time,Normal Operations
R9039,C72026,2026-12-26,4,Good quality product,Normal Operations
R9040,C94148,2026-12-26,5,Very satisfied with my purchase,Normal Operations
R9041,C5665,2026-12-26,5,Great product and fast delivery,Normal Operations
R9042,C5380,2026-12-26,4,Received order on time,Normal Operations
R9043,C31537,2026-12-26,5,Excellent shopping experience,Normal Operations
R9044,C96650,2026-12-26,5,Will buy again from this store,Normal Operations
R9045,C49303,2026-12-26,4,Easy checkout process,Normal Operations
R9046,C9071,2026-12-26,5,Excellent shopping experience,Normal Operations
R9047,C14134,2026-12-26,4,Will buy again from this store,Normal Operations
R9048,C77116,2026-12-26,4,Received order on time,Normal Operations
R9049,C21872,2026-12-26,5,Very satisfied with my purchase,Normal Operations
R9050,C92439,2026-12-26,5,Will buy again from this store,Normal Operations
R9051,C79433,2026-12-26,5,Will buy again from this store,Normal Operations
R9052,C94188,2026-12-26,4,Very satisfied with my purchase,Normal Operations
R9053,C18516,2026-12-27,5,Great product and fast delivery,Normal Operations
R9054,C13793,2026-12-27,5,Excellent shopping experience,Normal Operations
R9055,C32545,2026-12-27,4,Will buy again from this store,Normal Operations
R9056,C23666,2026-12-27,4,Will buy again from this store,Normal Operations
R9057,C99638,2026-12-27,4,Customer service was helpful,Normal Operations
R9058,C68873,2026-12-27,4,Received order on time,Normal Operations
R9059,C36156,2026-12-27,5,Very satisfied with my purchase,Normal Operations
R9060,C67968,2026-12-27,5,Excellent shopping experience,Normal Operations
R9061,C8508,2026-12-27,4,Great product and fast delivery,Normal Operations
R9062,C47403,2026-12-27,5,Will buy again from this store,Normal Operations
R9063,C47755,2026-12-27,4,Easy checkout process,Normal Operations
R9064,C7047,2026-12-27,4,Very satisfied with my purchase,Normal Operations
R9065,C83999,2026-12-27,4,Customer service was helpful,Normal Operations
R9066,C20936,2026-12-27,5,Will buy again from this store,Normal Operations
R9067,C46990,2026-12-27,4,Very satisfied with my purchase,Normal Operations
R9068,C68862,2026-12-28,5,Will buy again from this store,Normal Operations
R9069,C44838,2026-12-28,5,Received order on time,Normal Operations
R9070,C57804,2026-12-28,4,Easy checkout process,Normal Operations
R9071,C61440,2026-12-28,4,Will buy again from this store,Normal Operations
R9072,C83957,2026-12-28,5,Good quality product,Normal Operations
R9073,C34513,2026-12-28,5,Easy checkout process,Normal Operations
R9074,C1178,2026-12-28,5,Will buy again from this store,Normal Operations
R9075,C59699,2026-12-28,5,Excellent shopping experience,Normal Operations
R9076,C93790,2026-12-28,5,Will buy again from this store,Normal Operations
R9077,C61447,2026-12-28,5,Very satisfied with my purchase,Normal Operations
R9078,C69981,2026-12-28,5,Excellent shopping experience,Normal Operations
R9079,C59867,2026-12-28,5,Good quality product,Normal Operations
R9080,C65098,2026-12-28,5,Received order on time,Normal Operations
R9081,C26991,2026-12-28,5,Great product and fast delivery,Normal Operations
R9082,C61496,2026-12-28,4,Excellent shopping experience,Normal Operations
R9083,C94572,2026-12-28,4,Excellent shopping experience,Normal Operations
R9084,C72620,2026-12-28,5,Customer service was helpful,Normal Operations
R9085,C49888,2026-12-28,5,Great product and fast delivery,Normal Operations
R9086,C86640,2026-12-28,5,Received order on time,Normal Operations
R9087,C21644,2026-12-29,4,Good quality product,Normal Operations
R9088,C10335,2026-12-29,5,Good quality product,Normal Operations
R9089,C790,2026-12-29,5,Great product and fast delivery,Normal Operations
R9090,C36980,2026-12-29,5,Very satisfied with my purchase,Normal Operations
R9091,C861,2026-12-29,5,Will buy again from this store,Normal Operations
R9092,C5871,2026-12-29,4,Easy checkout process,Normal Operations
R9093,C97802,2026-12-29,5,Very satisfied with my purchase,Normal Operations
R9094,C67297,2026-12-29,4,Great product and fast delivery,Normal Operations
R9095,C77703,2026-12-29,5,Easy checkout process,Normal Operations
R9096,C76052,2026-12-29,5,Customer service was helpful,Normal Operations
R9097,C52997,2026-12-29,5,Excellent shopping experience,Normal Operations
R9098,C78555,2026-12-29,4,Will buy again from this store,Normal Operations
R9099,C21238,2026-12-29,5,Great product and fast delivery,Normal Operations
R9100,C3448,2026-12-29,5,Will buy again from this store,Normal Operations
R9101,C36560,2026-12-29,4,Great product and fast delivery,Normal Operations
R9102,C10191,2026-12-30,5,Great product and fast delivery,Normal Operations
R9103,C71797,2026-12-30,4,Easy checkout process,Normal Operations
R9104,C42342,2026-12-30,4,Easy checkout process,Normal Operations
R9105,C43782,2026-12-30,5,Very satisfied with my purchase,Normal Operations
R9106,C97075,2026-12-30,5,Excellent shopping experience,Normal Operations
R9107,C4617,2026-12-30,5,Excellent shopping experience,Normal Operations
R9108,C90298,2026-12-30,4,Good quality product,Normal Operations
R9109,C9535,2026-12-30,5,Very satisfied with my purchase,Normal Operations
R9110,C51210,2026-12-30,4,Excellent shopping experience,Normal Operations
R9111,C44378,2026-12-30,4,Great product and fast delivery,Normal Operations
R9112,C73745,2026-12-30,5,Excellent shopping experience,Normal Operations
R9113,C82851,2026-12-30,4,Will buy again from this store,Normal Operations
R9114,C64207,2026-12-30,4,Easy checkout process,Normal Operations
R9115,C90515,2026-12-30,4,Good quality product,Normal Operations
R9116,C17906,2026-12-30,5,Easy checkout process,Normal Operations
R9117,C51340,2026-12-30,4,Easy checkout process,Normal Operations
R9118,C46324,2026-12-30,4,Great product and fast delivery,Normal Operations
R9119,C5055,2026-12-30,4,Good quality product,Normal Operations
R9120,C63305,2026-12-30,4,Good quality product,Normal Operations
R9121,C70950,2026-12-30,4,Will buy again from this store,Normal Operations
R9122,C39679,2026-12-30,4,Customer service was helpful,Normal Operations
R9123,C12030,2026-12-30,5,Very satisfied with my purchase,Normal Operations
R9124,C69369,2026-12-30,5,Will buy again from this store,Normal Operations
R9125,C43043,2026-12-30,5,Received order on time,Normal Operations
R9126,C55919,2026-12-31,4,Good quality product,Normal Operations
R9127,C68883,2026-12-31,4,Excellent shopping experience,Normal Operations
R9128,C47260,2026-12-31,5,Customer service was helpful,Normal Operations
R9129,C10536,2026-12-31,4,Will buy again from this store,Normal Operations
R9130,C69701,2026-12-31,5,Great product and fast delivery,Normal Operations
R9131,C88641,2026-12-31,5,Customer service was helpful,Normal Operations
R9132,C72250,2026-12-31,5,Very satisfied with my purchase,Normal Operations
R9133,C73569,2026-12-31,5,Received order on time,Normal Operations
R9134,C84455,2026-12-31,4,Received order on time,Normal Operations
R9135,C11290,2026-12-31,4,Will buy again from this store,Normal Operations
R9136,C70698,2026-12-31,4,Great product and fast delivery,Normal Operations
R9137,C49224,2026-12-31,4,Good quality product,Normal Operations
R9138,C71775,2026-12-31,5,Excellent shopping experience,Normal Operations
R9139,C15675,2026-12-31,5,Easy checkout process,Normal Operations
R9140,C577,2026-12-31,5,Good quality product,Normal Operations
R9141,C98265,2026-12-31,5,Excellent shopping experience,Normal Operations
R9142,C39652,2026-12-31,5,Received order on time,Normal Operations
R9143,C38908,2026-12-31,5,Received order on time,Normal Operations
R9144,C78502,2026-12-31,4,Great product and fast delivery,Normal Operations
R9145,C26179,2026-12-31,5,Very satisfied with my purchase,Normal Operations
