ticket_id,customer_id,date,issue_type,priority,description,source_event
T1,C76821,2026-01-01,Return Request,Low,Customer wants to return product,Normal Operations
T2,C37195,2026-01-01,Product Inquiry,Medium,Inquiry regarding product availability,Normal Operations
T3,C67222,2026-01-01,Account Question,Low,Account related inquiry,Normal Operations
T4,C67970,2026-01-01,Return Request,Low,Return process inquiry,Normal Operations
T5,C53708,2026-01-01,Account Question,Medium,Question regarding account settings,Normal Operations
T6,C25659,2026-01-01,Account Question,Low,Question regarding account settings,Normal Operations
T7,C65726,2026-01-01,Return Request,Low,Need assistance with return,Normal Operations
T8,C66804,2026-01-01,Product Inquiry,Medium,Inquiry regarding product availability,Normal Operations
T9,C3891,2026-01-01,Product Inquiry,Medium,Question about product specifications,Normal Operations
T10,C87314,2026-01-01,Refund Request,High,Requesting refund for recent purchase,Normal Operations
T11,C73970,2026-01-01,Return Request,Low,Return process inquiry,Normal Operations
T12,C23484,2026-01-01,Order Tracking,Low,Need tracking information,Normal Operations
T13,C80078,2026-01-01,Account Question,Low,Account related inquiry,Normal Operations
T14,C66558,2026-01-01,Order Tracking,Medium,Unable to track order,Normal Operations
T15,C9693,2026-01-02,Return Request,High,Return process inquiry,Normal Operations
T16,C37066,2026-01-02,Order Tracking,High,Unable to track order,Normal Operations
T17,C89790,2026-01-02,Return Request,Low,Customer wants to return product,Normal Operations
T18,C82799,2026-01-02,Account Question,High,Unable to update account information,Normal Operations
T19,C86780,2026-01-02,Order Tracking,Medium,Need tracking information,Normal Operations
T20,C38045,2026-01-02,Account Question,High,Question regarding account settings,Normal Operations
T21,C40775,2026-01-02,Refund Request,Medium,Customer requested refund,Normal Operations
T22,C5259,2026-01-02,Refund Request,Low,Requesting refund for recent purchase,Normal Operations
T23,C12667,2026-01-02,Product Inquiry,Low,Inquiry regarding product availability,Normal Operations
T24,C52252,2026-01-03,Order Tracking,High,Need tracking information,Normal Operations
T25,C52257,2026-01-03,Return Request,Low,Return process inquiry,Normal Operations
T26,C84652,2026-01-03,Account Question,Medium,Account related inquiry,Normal Operations
T27,C70593,2026-01-03,Product Inquiry,Low,Inquiry regarding product availability,Normal Operations
T28,C82949,2026-01-03,Product Inquiry,Medium,Question about product specifications,Normal Operations
T29,C207,2026-01-03,Product Inquiry,Medium,Question about product specifications,Normal Operations
T30,C50016,2026-01-03,Order Tracking,Medium,Need tracking information,Normal Operations
T31,C87940,2026-01-03,Return Request,High,Customer wants to return product,Normal Operations
T32,C33828,2026-01-03,Account Question,High,Account related inquiry,Normal Operations
T33,C22300,2026-01-03,Product Inquiry,High,Inquiry regarding product availability,Normal Operations
T34,C49081,2026-01-03,Account Question,Low,Unable to update account information,Normal Operations
T35,C42942,2026-01-03,Return Request,Medium,Return process inquiry,Normal Operations
T36,C15708,2026-01-03,Order Tracking,Low,Order status not updated,Normal Operations
T37,C66843,2026-01-03,Refund Request,Medium,Customer requested refund,Normal Operations
T38,C9475,2026-01-04,Account Question,Low,Question regarding account settings,Normal Operations
T39,C3749,2026-01-04,Product Inquiry,Medium,Question about product specifications,Normal Operations
T40,C73531,2026-01-04,Order Tracking,Low,Order status not updated,Normal Operations
T41,C51006,2026-01-04,Refund Request,High,Customer requested refund,Normal Operations
T42,C65319,2026-01-04,Return Request,Medium,Return process inquiry,Normal Operations
T43,C85617,2026-01-04,Refund Request,High,Customer requested refund,Normal Operations
T44,C94210,2026-01-04,Product Inquiry,Medium,Question about product specifications,Normal Operations
T45,C55681,2026-01-04,Account Question,Low,Question regarding account settings,Normal Operations
T46,C50860,2026-01-04,Order Tracking,Medium,Need tracking information,Normal Operations
T47,C98507,2026-01-04,Return Request,Low,Need assistance with return,Normal Operations
T48,C37158,2026-01-04,Refund Request,Low,Requesting refund for recent purchase,Normal Operations
T49,C89046,2026-01-05,Order Tracking,Medium,Unable to track order,Normal Operations
T50,C42108,2026-01-05,Refund Request,Medium,Customer requested refund,Normal Operations
T51,C49812,2026-01-05,Account Question,Low,Account related inquiry,Normal Operations
T52,C34755,2026-01-05,Return Request,High,Need assistance with return,Normal Operations
T53,C83764,2026-01-05,Return Request,High,Need assistance with return,Normal Operations
T54,C1803,2026-01-05,Order Tracking,Low,Need tracking information,Normal Operations
T55,C47255,2026-01-05,Refund Request,Medium,Refund not processed,Normal Operations
T56,C16647,2026-01-05,Order Tracking,Medium,Order status not updated,Normal Operations
T57,C16372,2026-01-05,Order Tracking,Medium,Need tracking information,Normal Operations
T58,C20933,2026-01-05,Order Tracking,High,Need tracking information,Normal Operations
T59,C43017,2026-01-05,Product Inquiry,Low,Inquiry regarding product availability,Normal Operations
T60,C59041,2026-01-06,Product Inquiry,Medium,Need more product information,Normal Operations
T61,C32712,2026-01-06,Product Inquiry,Medium,Question about product specifications,Normal Operations
T62,C48355,2026-01-06,Return Request,Low,Return process inquiry,Normal Operations
T63,C2201,2026-01-06,Refund Request,Low,Requesting refund for recent purchase,Normal Operations
T64,C2870,2026-01-06,Order Tracking,Medium,Unable to track order,Normal Operations
T65,C94180,2026-01-06,Account Question,Medium,Question regarding account settings,Normal Operations
T66,C91413,2026-01-06,Refund Request,Low,Refund not processed,Normal Operations
T67,C70272,2026-01-06,Product Inquiry,Medium,Question about product specifications,Normal Operations
T68,C40819,2026-01-06,Return Request,Medium,Need assistance with return,Normal Operations
T69,C76214,2026-01-06,Account Question,High,Account related inquiry,Normal Operations
T70,C54046,2026-01-07,Order Tracking,Medium,Need tracking information,Normal Operations
T71,C93180,2026-01-07,Refund Request,Medium,Customer requested refund,Normal Operations
T72,C73745,2026-01-07,Product Inquiry,High,Inquiry regarding product availability,Normal Operations
T73,C36213,2026-01-07,Account Question,High,Unable to update account information,Normal Operations
T74,C33829,2026-01-07,Return Request,High,Customer wants to return product,Normal Operations
T75,C45237,2026-01-07,Refund Request,Medium,Refund not processed,Normal Operations
T76,C65727,2026-01-07,Return Request,Low,Customer wants to return product,Normal Operations
T77,C26642,2026-01-07,Refund Request,Medium,Requesting refund for recent purchase,Normal Operations
T78,C51886,2026-01-07,Order Tracking,Low,Order status not updated,Normal Operations
T79,C82075,2026-01-07,Order Tracking,Low,Order status not updated,Normal Operations
T80,C78070,2026-01-08,Refund Request,Low,Customer requested refund,Normal Operations
T81,C19191,2026-01-08,Account Question,Medium,Unable to update account information,Normal Operations
T82,C10648,2026-01-08,Order Tracking,High,Need tracking information,Normal Operations
T83,C89913,2026-01-08,Order Tracking,Medium,Order status not updated,Normal Operations
T84,C77576,2026-01-08,Return Request,Medium,Customer wants to return product,Normal Operations
T85,C55767,2026-01-08,Return Request,Low,Need assistance with return,Normal Operations
T86,C10967,2026-01-08,Order Tracking,Medium,Unable to track order,Normal Operations
T87,C52922,2026-01-08,Product Inquiry,Medium,Question about product specifications,Normal Operations
T88,C55610,2026-01-08,Account Question,High,Unable to update account information,Normal Operations
T89,C53007,2026-01-09,Return Request,Low,Return process inquiry,Normal Operations
T90,C80136,2026-01-09,Return Request,Medium,Customer wants to return product,Normal Operations
T91,C87143,2026-01-09,Return Request,Low,Customer wants to return product,Normal Operations
T92,C69679,2026-01-09,Account Question,Medium,Unable to update account information,Normal Operations
T93,C17020,2026-01-09,Return Request,Medium,Customer wants to return product,Normal Operations
T94,C73848,2026-01-09,Product Inquiry,Low,Question about product specifications,Normal Operations
T95,C25946,2026-01-09,Return Request,Low,Return process inquiry,Normal Operations
T96,C51991,2026-01-09,Account Question,Medium,Unable to update account information,Normal Operations
T97,C66618,2026-01-10,Account Question,High,Question regarding account settings,Normal Operations
T98,C5238,2026-01-10,Order Tracking,Medium,Unable to track order,Normal Operations
T99,C3344,2026-01-10,Account Question,Medium,Question regarding account settings,Normal Operations
T100,C59639,2026-01-10,Account Question,Low,Unable to update account information,Normal Operations
T101,C13285,2026-01-10,Order Tracking,Low,Order status not updated,Normal Operations
T102,C9436,2026-01-10,Account Question,Low,Unable to update account information,Normal Operations
T103,C95982,2026-01-10,Refund Request,High,Refund not processed,Normal Operations
T104,C35248,2026-01-10,Account Question,High,Unable to update account information,Normal Operations
T105,C56574,2026-01-10,Return Request,Medium,Customer wants to return product,Normal Operations
T106,C79606,2026-01-10,Order Tracking,Medium,Unable to track order,Normal Operations
T107,C65418,2026-01-10,Order Tracking,Medium,Order status not updated,Normal Operations
T108,C16365,2026-01-11,Refund Request,Low,Customer requested refund,Normal Operations
T109,C49116,2026-01-11,Order Tracking,Medium,Need tracking information,Normal Operations
T110,C11939,2026-01-11,Product Inquiry,Medium,Need more product information,Normal Operations
T111,C93611,2026-01-11,Refund Request,High,Customer requested refund,Normal Operations
T112,C38305,2026-01-11,Product Inquiry,Medium,Question about product specifications,Normal Operations
T113,C86028,2026-01-11,Product Inquiry,Low,Question about product specifications,Normal Operations
T114,C92659,2026-01-11,Order Tracking,Medium,Need tracking information,Normal Operations
T115,C25352,2026-01-11,Refund Request,Low,Refund not processed,Normal Operations
T116,C76798,2026-01-11,Order Tracking,High,Unable to track order,Normal Operations
T117,C89589,2026-01-12,Return Request,Low,Return process inquiry,Normal Operations
T118,C7544,2026-01-12,Product Inquiry,Medium,Question about product specifications,Normal Operations
T119,C92921,2026-01-12,Account Question,Medium,Question regarding account settings,Normal Operations
T120,C35736,2026-01-12,Account Question,High,Question regarding account settings,Normal Operations
T121,C86000,2026-01-12,Refund Request,Low,Requesting refund for recent purchase,Normal Operations
T122,C34912,2026-01-12,Refund Request,Low,Requesting refund for recent purchase,Normal Operations
T123,C20151,2026-01-12,Account Question,Medium,Question regarding account settings,Normal Operations
T124,C21353,2026-01-12,Refund Request,Low,Requesting refund for recent purchase,Normal Operations
T125,C50518,2026-01-13,Return Request,Low,Customer wants to return product,Normal Operations
T126,C79460,2026-01-13,Product Inquiry,Low,Question about product specifications,Normal Operations
T127,C36940,2026-01-13,Refund Request,Low,Requesting refund for recent purchase,Normal Operations
T128,C51935,2026-01-13,Return Request,High,Return process inquiry,Normal Operations
T129,C5487,2026-01-13,Product Inquiry,Low,Need more product information,Normal Operations
T130,C89113,2026-01-13,Account Question,Medium,Account related inquiry,Normal Operations
T131,C60567,2026-01-13,Account Question,Medium,Question regarding account settings,Normal Operations
T132,C21546,2026-01-13,Account Question,High,Question regarding account settings,Normal Operations
T133,C23715,2026-01-14,Order Tracking,High,Need tracking information,Normal Operations
T134,C6802,2026-01-14,Product Inquiry,High,Inquiry regarding product availability,Normal Operations
T135,C82874,2026-01-14,Refund Request,Medium,Refund not processed,Normal Operations
T136,C1543,2026-01-14,Account Question,Medium,Unable to update account information,Normal Operations
T137,C93106,2026-01-14,Order Tracking,High,Need tracking information,Normal Operations
T138,C88093,2026-01-14,Order Tracking,Low,Need tracking information,Normal Operations
T139,C26433,2026-01-14,Product Inquiry,High,Question about product specifications,Normal Operations
T140,C40263,2026-01-14,Refund Request,High,Requesting refund for recent purchase,Normal Operations
T141,C89340,2026-01-14,Return Request,Low,Return process inquiry,Normal Operations
T142,C26791,2026-01-14,Account Question,Medium,Unable to update account information,Normal Operations
T143,C94247,2026-01-14,Order Tracking,Medium,Order status not updated,Normal Operations
T144,C86770,2026-01-14,Account Question,Medium,Question regarding account settings,Normal Operations
T145,C25471,2026-01-14,Order Tracking,Medium,Need tracking information,Normal Operations
T146,C80220,2026-01-15,Product Inquiry,High,Question about product specifications,Normal Operations
T147,C23961,2026-01-15,Return Request,High,Customer wants to return product,Normal Operations
T148,C67642,2026-01-15,Account Question,Low,Unable to update account information,Normal Operations
T149,C20560,2026-01-15,Account Question,Medium,Question regarding account settings,Normal Operations
T150,C91363,2026-01-15,Product Inquiry,Medium,Question about product specifications,Normal Operations
T151,C71727,2026-01-15,Refund Request,Medium,Refund not processed,Normal Operations
T152,C68867,2026-01-15,Refund Request,High,Customer requested refund,Normal Operations
T153,C78860,2026-01-15,Refund Request,High,Requesting refund for recent purchase,Normal Operations
T154,C29704,2026-01-16,Return Request,Low,Customer wants to return product,Normal Operations
T155,C84666,2026-01-16,Return Request,Low,Return process inquiry,Normal Operations
T156,C4836,2026-01-16,Return Request,High,Customer wants to return product,Normal Operations
T157,C78753,2026-01-16,Refund Request,Medium,Customer requested refund,Normal Operations
T158,C27533,2026-01-16,Account Question,High,Question regarding account settings,Normal Operations
T159,C5714,2026-01-16,Account Question,Medium,Unable to update account information,Normal Operations
T160,C75673,2026-01-16,Account Question,Medium,Account related inquiry,Normal Operations
T161,C95085,2026-01-16,Order Tracking,Low,Order status not updated,Normal Operations
T162,C27713,2026-01-16,Refund Request,Medium,Refund not processed,Normal Operations
T163,C62293,2026-01-16,Refund Request,Medium,Requesting refund for recent purchase,Normal Operations
T164,C6971,2026-01-16,Refund Request,High,Refund not processed,Normal Operations
T165,C18018,2026-01-16,Account Question,Low,Question regarding account settings,Normal Operations
T166,C40944,2026-01-16,Refund Request,Low,Customer requested refund,Normal Operations
T167,C98143,2026-01-17,Refund Request,Medium,Customer requested refund,Normal Operations
T168,C23575,2026-01-17,Product Inquiry,Medium,Question about product specifications,Normal Operations
T169,C32202,2026-01-17,Account Question,Low,Unable to update account information,Normal Operations
T170,C38766,2026-01-17,Account Question,Low,Unable to update account information,Normal Operations
T171,C57092,2026-01-17,Account Question,Low,Question regarding account settings,Normal Operations
T172,C36188,2026-01-17,Refund Request,Low,Refund not processed,Normal Operations
T173,C58018,2026-01-17,Order Tracking,Medium,Unable to track order,Normal Operations
T174,C32050,2026-01-17,Product Inquiry,High,Inquiry regarding product availability,Normal Operations
T175,C24286,2026-01-17,Return Request,Medium,Customer wants to return product,Normal Operations
T176,C19759,2026-01-17,Refund Request,Medium,Requesting refund for recent purchase,Normal Operations
T177,C77710,2026-01-17,Account Question,Medium,Question regarding account settings,Normal Operations
T178,C6950,2026-01-18,Return Request,Medium,Return process inquiry,Normal Operations
T179,C25935,2026-01-18,Order Tracking,Medium,Unable to track order,Normal Operations
T180,C53414,2026-01-18,Order Tracking,Medium,Need tracking information,Normal Operations
T181,C70391,2026-01-18,Return Request,Medium,Return process inquiry,Normal Operations
T182,C39812,2026-01-18,Refund Request,Medium,Customer requested refund,Normal Operations
T183,C19964,2026-01-18,Refund Request,Low,Refund not processed,Normal Operations
T184,C73478,2026-01-18,Account Question,Medium,Unable to update account information,Normal Operations
T185,C36587,2026-01-18,Account Question,Medium,Unable to update account information,Normal Operations
T186,C6255,2026-01-18,Product Inquiry,Low,Inquiry regarding product availability,Normal Operations
T187,C22416,2026-01-18,Product Inquiry,Medium,Need more product information,Normal Operations
T188,C83808,2026-01-19,Refund Request,Medium,Requesting refund for recent purchase,Normal Operations
T189,C28733,2026-01-19,Account Question,Low,Unable to update account information,Normal Operations
T190,C87045,2026-01-19,Product Inquiry,Low,Question about product specifications,Normal Operations
T191,C23062,2026-01-19,Order Tracking,Low,Need tracking information,Normal Operations
T192,C16908,2026-01-19,Refund Request,Low,Customer requested refund,Normal Operations
T193,C91866,2026-01-19,Order Tracking,Medium,Need tracking information,Normal Operations
T194,C10489,2026-01-19,Refund Request,Medium,Refund not processed,Normal Operations
T195,C52797,2026-01-19,Product Inquiry,Low,Inquiry regarding product availability,Normal Operations
T196,C59400,2026-01-19,Return Request,Medium,Customer wants to return product,Normal Operations
T197,C303,2026-01-19,Account Question,Low,Account related inquiry,Normal Operations
T198,C67662,2026-01-19,Order Tracking,Medium,Order status not updated,Normal Operations
T199,C15035,2026-01-20,Order Tracking,Low,Unable to track order,Normal Operations
T200,C82839,2026-01-20,Product Inquiry,Medium,Inquiry regarding product availability,Normal Operations
T201,C88870,2026-01-20,Return Request,Medium,Customer wants to return product,Normal Operations
T202,C10268,2026-01-20,Refund Request,Low,Requesting refund for recent purchase,Normal Operations
T203,C95463,2026-01-20,Refund Request,Low,Customer requested refund,Normal Operations
T204,C3597,2026-01-20,Return Request,Medium,Customer wants to return product,Normal Operations
T205,C73795,2026-01-20,Return Request,Medium,Return process inquiry,Normal Operations
T206,C6372,2026-01-20,Order Tracking,Medium,Order status not updated,Normal Operations
T207,C73480,2026-01-20,Order Tracking,Medium,Order status not updated,Normal Operations
T208,C81450,2026-01-20,Return Request,Low,Need assistance with return,Normal Operations
T209,C48448,2026-01-20,Return Request,Medium,Return process inquiry,Normal Operations
T210,C3813,2026-01-20,Product Inquiry,High,Question about product specifications,Normal Operations
T211,C1606,2026-01-21,Account Question,Low,Unable to update account information,Normal Operations
T212,C56139,2026-01-21,Return Request,Low,Return process inquiry,Normal Operations
T213,C24819,2026-01-21,Refund Request,Low,Requesting refund for recent purchase,Normal Operations
T214,C16390,2026-01-21,Account Question,Low,Account related inquiry,Normal Operations
T215,C87887,2026-01-21,Return Request,High,Need assistance with return,Normal Operations
T216,C84472,2026-01-21,Refund Request,Medium,Refund not processed,Normal Operations
T217,C847,2026-01-21,Refund Request,Medium,Refund not processed,Normal Operations
T218,C88237,2026-01-21,Order Tracking,Medium,Order status not updated,Normal Operations
T219,C64324,2026-01-21,Order Tracking,Medium,Unable to track order,Normal Operations
T220,C67585,2026-01-21,Refund Request,Medium,Customer requested refund,Normal Operations
T221,C20619,2026-01-21,Account Question,High,Unable to update account information,Normal Operations
T222,C47363,2026-01-21,Account Question,Low,Account related inquiry,Normal Operations
T223,C87959,2026-01-22,Order Tracking,Medium,Need tracking information,Normal Operations
T224,C5288,2026-01-22,Order Tracking,High,Need tracking information,Normal Operations
T225,C63077,2026-01-22,Refund Request,Low,Requesting refund for recent purchase,Normal Operations
T226,C93071,2026-01-22,Refund Request,Medium,Requesting refund for recent purchase,Normal Operations
T227,C42079,2026-01-22,Product Inquiry,High,Need more product information,Normal Operations
T228,C67445,2026-01-22,Return Request,Medium,Return process inquiry,Normal Operations
T229,C84556,2026-01-22,Refund Request,Low,Refund not processed,Normal Operations
T230,C5952,2026-01-22,Refund Request,Medium,Refund not processed,Normal Operations
T231,C58597,2026-01-22,Product Inquiry,Low,Question about product specifications,Normal Operations
T232,C15525,2026-01-23,Product Inquiry,High,Question about product specifications,Normal Operations
T233,C20612,2026-01-23,Product Inquiry,Low,Need more product information,Normal Operations
T234,C43304,2026-01-23,Order Tracking,Medium,Need tracking information,Normal Operations
T235,C72102,2026-01-23,Product Inquiry,Medium,Question about product specifications,Normal Operations
T236,C67729,2026-01-23,Refund Request,High,Customer requested refund,Normal Operations
T237,C36456,2026-01-23,Order Tracking,Low,Unable to track order,Normal Operations
T238,C54918,2026-01-23,Product Inquiry,Low,Need more product information,Normal Operations
T239,C87488,2026-01-23,Product Inquiry,Low,Need more product information,Normal Operations
T240,C59380,2026-01-23,Account Question,Medium,Question regarding account settings,Normal Operations
T241,C10790,2026-01-23,Product Inquiry,Medium,Question about product specifications,Normal Operations
T242,C32155,2026-01-23,Account Question,Medium,Question regarding account settings,Normal Operations
T243,C59202,2026-01-23,Return Request,Medium,Return process inquiry,Normal Operations
T244,C43873,2026-01-23,Product Inquiry,Low,Need more product information,Normal Operations
T245,C71896,2026-01-24,Return Request,Medium,Customer wants to return product,Normal Operations
T246,C14383,2026-01-24,Account Question,Medium,Question regarding account settings,Normal Operations
T247,C16479,2026-01-24,Account Question,Medium,Unable to update account information,Normal Operations
T248,C71316,2026-01-24,Return Request,Low,Return process inquiry,Normal Operations
T249,C13000,2026-01-24,Order Tracking,Medium,Unable to track order,Normal Operations
T250,C90475,2026-01-24,Order Tracking,Low,Unable to track order,Normal Operations
T251,C17369,2026-01-24,Account Question,Low,Unable to update account information,Normal Operations
T252,C85452,2026-01-24,Return Request,Low,Need assistance with return,Normal Operations
T253,C60280,2026-01-24,Return Request,Low,Customer wants to return product,Normal Operations
T254,C65311,2026-01-24,Order Tracking,Medium,Need tracking information,Normal Operations
T255,C44328,2026-01-24,Product Inquiry,High,Question about product specifications,Normal Operations
T256,C34561,2026-01-24,Product Inquiry,Low,Inquiry regarding product availability,Normal Operations
T257,C47524,2026-01-25,Order Tracking,Low,Unable to track order,Normal Operations
T258,C53174,2026-01-25,Refund Request,Medium,Customer requested refund,Normal Operations
T259,C56265,2026-01-25,Account Question,Medium,Account related inquiry,Normal Operations
T260,C97946,2026-01-25,Order Tracking,Low,Need tracking information,Normal Operations
T261,C99930,2026-01-25,Return Request,High,Customer wants to return product,Normal Operations
T262,C8667,2026-01-25,Order Tracking,Medium,Order status not updated,Normal Operations
T263,C41915,2026-01-25,Refund Request,Medium,Requesting refund for recent purchase,Normal Operations
T264,C67527,2026-01-25,Product Inquiry,Low,Need more product information,Normal Operations
T265,C37149,2026-01-25,Account Question,Medium,Question regarding account settings,Normal Operations
T266,C27697,2026-01-25,Order Tracking,Low,Unable to track order,Normal Operations
T267,C49841,2026-01-25,Return Request,Medium,Customer wants to return product,Normal Operations
T268,C75453,2026-01-25,Return Request,Low,Need assistance with return,Normal Operations
T269,C41950,2026-01-26,Refund Request,Medium,Customer requested refund,Normal Operations
T270,C93502,2026-01-26,Product Inquiry,Low,Inquiry regarding product availability,Normal Operations
T271,C86445,2026-01-26,Account Question,Low,Question regarding account settings,Normal Operations
T272,C33537,2026-01-26,Product Inquiry,Medium,Need more product information,Normal Operations
T273,C6646,2026-01-26,Order Tracking,Medium,Unable to track order,Normal Operations
T274,C38566,2026-01-26,Order Tracking,Medium,Unable to track order,Normal Operations
T275,C52488,2026-01-26,Return Request,High,Customer wants to return product,Normal Operations
T276,C99786,2026-01-26,Product Inquiry,High,Need more product information,Normal Operations
T277,C81975,2026-01-26,Order Tracking,Low,Need tracking information,Normal Operations
T278,C81245,2026-01-26,Order Tracking,Medium,Order status not updated,Normal Operations
T279,C55107,2026-01-26,Refund Request,Low,Requesting refund for recent purchase,Normal Operations
T280,C74056,2026-01-26,Product Inquiry,Low,Inquiry regarding product availability,Normal Operations
T281,C39987,2026-01-26,Account Question,Medium,Account related inquiry,Normal Operations
T282,C34912,2026-01-26,Order Tracking,High,Order status not updated,Normal Operations
T283,C86926,2026-01-27,Product Inquiry,Low,Question about product specifications,Normal Operations
T284,C4426,2026-01-27,Order Tracking,Low,Order status not updated,Normal Operations
T285,C20080,2026-01-27,Account Question,Low,Account related inquiry,Normal Operations
T286,C31420,2026-01-27,Return Request,Medium,Customer wants to return product,Normal Operations
T287,C23237,2026-01-27,Refund Request,Low,Requesting refund for recent purchase,Normal Operations
T288,C99714,2026-01-27,Order Tracking,Low,Order status not updated,Normal Operations
T289,C33573,2026-01-27,Return Request,Medium,Customer wants to return product,Normal Operations
T290,C62517,2026-01-27,Refund Request,Low,Refund not processed,Normal Operations
T291,C17772,2026-01-27,Return Request,Low,Return process inquiry,Normal Operations
T292,C19064,2026-01-27,Order Tracking,High,Unable to track order,Normal Operations
T293,C35955,2026-01-27,Refund Request,Medium,Refund not processed,Normal Operations
T294,C99609,2026-01-27,Refund Request,Low,Refund not processed,Normal Operations
T295,C55962,2026-01-27,Product Inquiry,Medium,Need more product information,Normal Operations
T296,C74533,2026-01-28,Order Tracking,Low,Order status not updated,Normal Operations
T297,C92202,2026-01-28,Order Tracking,Medium,Need tracking information,Normal Operations
T298,C22181,2026-01-28,Order Tracking,Medium,Need tracking information,Normal Operations
T299,C48757,2026-01-28,Order Tracking,Low,Order status not updated,Normal Operations
T300,C81183,2026-01-28,Account Question,High,Account related inquiry,Normal Operations
T301,C47925,2026-01-28,Order Tracking,Low,Need tracking information,Normal Operations
T302,C35738,2026-01-28,Account Question,Medium,Question regarding account settings,Normal Operations
T303,C86146,2026-01-28,Order Tracking,Low,Unable to track order,Normal Operations
T304,C19251,2026-01-28,Product Inquiry,Low,Question about product specifications,Normal Operations
T305,C53277,2026-01-28,Product Inquiry,Low,Need more product information,Normal Operations
T306,C24763,2026-01-28,Product Inquiry,Low,Question about product specifications,Normal Operations
T307,C28770,2026-01-28,Product Inquiry,Low,Need more product information,Normal Operations
T308,C59130,2026-01-29,Account Question,Low,Question regarding account settings,Normal Operations
T309,C67299,2026-01-29,Return Request,High,Need assistance with return,Normal Operations
T310,C24059,2026-01-29,Refund Request,Medium,Refund not processed,Normal Operations
T311,C32922,2026-01-29,Order Tracking,Medium,Need tracking information,Normal Operations
T312,C35112,2026-01-29,Refund Request,Medium,Customer requested refund,Normal Operations
T313,C74667,2026-01-29,Refund Request,Medium,Customer requested refund,Normal Operations
T314,C24355,2026-01-29,Refund Request,High,Requesting refund for recent purchase,Normal Operations
T315,C85470,2026-01-29,Account Question,Low,Account related inquiry,Normal Operations
T316,C91749,2026-01-29,Return Request,Low,Need assistance with return,Normal Operations
T317,C35773,2026-01-29,Product Inquiry,Medium,Question about product specifications,Normal Operations
T318,C57135,2026-01-29,Refund Request,Low,Requesting refund for recent purchase,Normal Operations
T319,C51861,2026-01-29,Product Inquiry,Medium,Inquiry regarding product availability,Normal Operations
T320,C58054,2026-01-29,Account Question,High,Unable to update account information,Normal Operations
T321,C90601,2026-01-30,Refund Request,High,Requesting refund for recent purchase,Normal Operations
T322,C12183,2026-01-30,Order Tracking,Medium,Order status not updated,Normal Operations
T323,C44814,2026-01-30,Order Tracking,Low,Order status not updated,Normal Operations
T324,C80560,2026-01-30,Refund Request,Low,Requesting refund for recent purchase,Normal Operations
T325,C99805,2026-01-30,Product Inquiry,Medium,Inquiry regarding product availability,Normal Operations
T326,C19427,2026-01-30,Return Request,Low,Need assistance with return,Normal Operations
T327,C87313,2026-01-30,Order Tracking,Medium,Order status not updated,Normal Operations
T328,C78946,2026-01-30,Product Inquiry,High,Question about product specifications,Normal Operations
T329,C20663,2026-01-30,Product Inquiry,Medium,Need more product information,Normal Operations
T330,C15318,2026-01-31,Refund Request,Low,Customer requested refund,Normal Operations
T331,C94224,2026-01-31,Order Tracking,Medium,Need tracking information,Normal Operations
T332,C74039,2026-01-31,Return Request,Medium,Return process inquiry,Normal Operations
T333,C29431,2026-01-31,Order Tracking,Low,Unable to track order,Normal Operations
T334,C96123,2026-01-31,Order Tracking,High,Order status not updated,Normal Operations
T335,C29630,2026-01-31,Return Request,Low,Customer wants to return product,Normal Operations
T336,C33040,2026-01-31,Account Question,High,Question regarding account settings,Normal Operations
T337,C50073,2026-01-31,Refund Request,Low,Refund not processed,Normal Operations
T338,C10817,2026-01-31,Return Request,Low,Customer wants to return product,Normal Operations
T339,C33934,2026-01-31,Product Inquiry,Low,Question about product specifications,Normal Operations
T340,C40601,2026-01-31,Order Tracking,Low,Unable to track order,Normal Operations
T341,C35401,2026-01-31,Account Question,Low,Unable to update account information,Normal Operations
T342,C43002,2026-01-31,Refund Request,Medium,Requesting refund for recent purchase,Normal Operations
T343,C97660,2026-01-31,Account Question,Medium,Account related inquiry,Normal Operations
T344,C34637,2026-02-01,Product Inquiry,High,Need more product information,Normal Operations
T345,C56980,2026-02-01,Return Request,High,Need assistance with return,Normal Operations
T346,C34158,2026-02-01,Account Question,Low,Account related inquiry,Normal Operations
T347,C82857,2026-02-01,Order Tracking,Low,Need tracking information,Normal Operations
T348,C81413,2026-02-01,Product Inquiry,Low,Need more product information,Normal Operations
T349,C76899,2026-02-01,Refund Request,Medium,Customer requested refund,Normal Operations
T350,C42875,2026-02-01,Refund Request,Low,Customer requested refund,Normal Operations
T351,C26686,2026-02-01,Order Tracking,High,Unable to track order,Normal Operations
T352,C61414,2026-02-01,Product Inquiry,Medium,Inquiry regarding product availability,Normal Operations
T353,C60505,2026-02-01,Account Question,Medium,Account related inquiry,Normal Operations
T354,C17675,2026-02-01,Account Question,High,Unable to update account information,Normal Operations
T355,C97821,2026-02-01,Product Inquiry,High,Inquiry regarding product availability,Normal Operations
T356,C25932,2026-02-01,Refund Request,Low,Refund not processed,Normal Operations
T357,C58763,2026-02-01,Refund Request,Low,Customer requested refund,Normal Operations
T358,C70832,2026-02-02,Product Inquiry,Medium,Question about product specifications,Normal Operations
T359,C41756,2026-02-02,Account Question,Low,Question regarding account settings,Normal Operations
T360,C9517,2026-02-02,Refund Request,Medium,Refund not processed,Normal Operations
T361,C19130,2026-02-02,Account Question,Medium,Account related inquiry,Normal Operations
T362,C92109,2026-02-02,Order Tracking,Low,Order status not updated,Normal Operations
T363,C96827,2026-02-02,Product Inquiry,High,Question about product specifications,Normal Operations
T364,C33131,2026-02-02,Refund Request,Low,Customer requested refund,Normal Operations
T365,C86207,2026-02-02,Account Question,Medium,Unable to update account information,Normal Operations
T366,C63621,2026-02-02,Return Request,High,Need assistance with return,Normal Operations
T367,C49139,2026-02-02,Order Tracking,High,Need tracking information,Normal Operations
T368,C2720,2026-02-02,Order Tracking,Low,Unable to track order,Normal Operations
T369,C48846,2026-02-03,Order Tracking,Medium,Unable to track order,Normal Operations
T370,C75714,2026-02-03,Return Request,Low,Need assistance with return,Normal Operations
T371,C34833,2026-02-03,Product Inquiry,Low,Question about product specifications,Normal Operations
T372,C1008,2026-02-03,Order Tracking,Low,Need tracking information,Normal Operations
T373,C42208,2026-02-03,Order Tracking,High,Need tracking information,Normal Operations
T374,C91358,2026-02-03,Return Request,Medium,Need assistance with return,Normal Operations
T375,C7492,2026-02-03,Return Request,Low,Return process inquiry,Normal Operations
T376,C63889,2026-02-03,Refund Request,Medium,Refund not processed,Normal Operations
T377,C20954,2026-02-03,Refund Request,Low,Refund not processed,Normal Operations
T378,C23822,2026-02-03,Order Tracking,High,Unable to track order,Normal Operations
T379,C87267,2026-02-03,Account Question,Medium,Account related inquiry,Normal Operations
T380,C57373,2026-02-03,Return Request,Low,Need assistance with return,Normal Operations
T381,C29242,2026-02-03,Product Inquiry,Low,Inquiry regarding product availability,Normal Operations
T382,C14289,2026-02-04,Order Tracking,Low,Need tracking information,Normal Operations
T383,C68879,2026-02-04,Refund Request,Medium,Requesting refund for recent purchase,Normal Operations
T384,C23412,2026-02-04,Account Question,High,Account related inquiry,Normal Operations
T385,C77259,2026-02-04,Return Request,Low,Return process inquiry,Normal Operations
T386,C93624,2026-02-04,Refund Request,Medium,Refund not processed,Normal Operations
T387,C81872,2026-02-04,Account Question,High,Account related inquiry,Normal Operations
T388,C99987,2026-02-04,Return Request,Low,Return process inquiry,Normal Operations
T389,C7425,2026-02-04,Product Inquiry,Low,Inquiry regarding product availability,Normal Operations
T390,C48291,2026-02-04,Order Tracking,Low,Need tracking information,Normal Operations
T391,C38159,2026-02-05,Return Request,Medium,Return process inquiry,Normal Operations
T392,C5777,2026-02-05,Product Inquiry,Low,Need more product information,Normal Operations
T393,C85554,2026-02-05,Product Inquiry,Medium,Need more product information,Normal Operations
T394,C82880,2026-02-05,Product Inquiry,Low,Question about product specifications,Normal Operations
T395,C52099,2026-02-05,Return Request,Low,Return process inquiry,Normal Operations
T396,C11537,2026-02-05,Refund Request,Medium,Refund not processed,Normal Operations
T397,C65456,2026-02-05,Return Request,Medium,Customer wants to return product,Normal Operations
T398,C54616,2026-02-05,Account Question,Medium,Question regarding account settings,Normal Operations
T399,C26590,2026-02-06,Refund Request,Low,Customer requested refund,Normal Operations
T400,C41689,2026-02-06,Product Inquiry,High,Question about product specifications,Normal Operations
T401,C32982,2026-02-06,Refund Request,Medium,Requesting refund for recent purchase,Normal Operations
T402,C39500,2026-02-06,Refund Request,High,Customer requested refund,Normal Operations
T403,C74442,2026-02-06,Return Request,Medium,Customer wants to return product,Normal Operations
T404,C49154,2026-02-06,Order Tracking,Medium,Need tracking information,Normal Operations
T405,C83870,2026-02-06,Refund Request,Low,Customer requested refund,Normal Operations
T406,C50070,2026-02-06,Return Request,Low,Return process inquiry,Normal Operations
T407,C75898,2026-02-06,Order Tracking,High,Unable to track order,Normal Operations
T408,C9079,2026-02-06,Order Tracking,Medium,Unable to track order,Normal Operations
T409,C49787,2026-02-06,Product Inquiry,Low,Question about product specifications,Normal Operations
T410,C26016,2026-02-06,Refund Request,Low,Requesting refund for recent purchase,Normal Operations
T411,C25684,2026-02-07,Order Tracking,Low,Unable to track order,Normal Operations
T412,C26631,2026-02-07,Product Inquiry,Medium,Inquiry regarding product availability,Normal Operations
T413,C27962,2026-02-07,Return Request,Medium,Return process inquiry,Normal Operations
T414,C21289,2026-02-07,Product Inquiry,Low,Inquiry regarding product availability,Normal Operations
T415,C80886,2026-02-07,Product Inquiry,Medium,Need more product information,Normal Operations
T416,C1561,2026-02-07,Return Request,High,Customer wants to return product,Normal Operations
T417,C20023,2026-02-07,Order Tracking,Medium,Order status not updated,Normal Operations
T418,C2357,2026-02-07,Account Question,Medium,Question regarding account settings,Normal Operations
T419,C75718,2026-02-07,Product Inquiry,Medium,Need more product information,Normal Operations
T420,C91195,2026-02-07,Account Question,Medium,Question regarding account settings,Normal Operations
T421,C94243,2026-02-07,Order Tracking,Low,Order status not updated,Normal Operations
T422,C30028,2026-02-08,Refund Request,Low,Requesting refund for recent purchase,Normal Operations
T423,C59322,2026-02-08,Account Question,Medium,Account related inquiry,Normal Operations
T424,C78340,2026-02-08,Return Request,Medium,Customer wants to return product,Normal Operations
T425,C80819,2026-02-08,Return Request,Medium,Return process inquiry,Normal Operations
T426,C31861,2026-02-08,Return Request,Low,Return process inquiry,Normal Operations
T427,C26959,2026-02-08,Return Request,High,Return process inquiry,Normal Operations
T428,C17779,2026-02-08,Order Tracking,Low,Order status not updated,Normal Operations
T429,C48365,2026-02-08,Account Question,Medium,Account related inquiry,Normal Operations
T430,C57057,2026-02-08,Account Question,Low,Account related inquiry,Normal Operations
T431,C11562,2026-02-08,Return Request,Low,Return process inquiry,Normal Operations
T432,C26917,2026-02-08,Order Tracking,High,Order status not updated,Normal Operations
T433,C35134,2026-02-08,Account Question,Low,Question regarding account settings,Normal Operations
T434,C98318,2026-02-08,Account Question,Medium,Account related inquiry,Normal Operations
T435,C69351,2026-02-09,Return Request,Low,Return process inquiry,Normal Operations
T436,C92153,2026-02-09,Product Inquiry,Low,Question about product specifications,Normal Operations
T437,C13761,2026-02-09,Product Inquiry,Medium,Question about product specifications,Normal Operations
T438,C52234,2026-02-09,Return Request,Low,Customer wants to return product,Normal Operations
T439,C76620,2026-02-09,Order Tracking,High,Need tracking information,Normal Operations
T440,C79531,2026-02-09,Refund Request,High,Customer requested refund,Normal Operations
T441,C71636,2026-02-09,Refund Request,Low,Refund not processed,Normal Operations
T442,C51887,2026-02-09,Product Inquiry,Medium,Question about product specifications,Normal Operations
T443,C9848,2026-02-10,Refund Request,High,Customer requested refund,Normal Operations
T444,C67279,2026-02-10,Return Request,Medium,Need assistance with return,Normal Operations
T445,C34708,2026-02-10,Product Inquiry,Low,Question about product specifications,Normal Operations
T446,C47615,2026-02-10,Order Tracking,Low,Need tracking information,Normal Operations
T447,C80897,2026-02-10,Order Tracking,Low,Need tracking information,Normal Operations
T448,C29857,2026-02-10,Account Question,Medium,Question regarding account settings,Normal Operations
T449,C41236,2026-02-10,Return Request,High,Return process inquiry,Normal Operations
T450,C65662,2026-02-10,Product Inquiry,High,Inquiry regarding product availability,Normal Operations
T451,C15399,2026-02-10,Order Tracking,Medium,Need tracking information,Normal Operations
T452,C9111,2026-02-10,Product Inquiry,Medium,Need more product information,Normal Operations
T453,C22912,2026-02-10,Return Request,Low,Need assistance with return,Normal Operations
T454,C43754,2026-02-10,Return Request,Medium,Return process inquiry,Normal Operations
T455,C23197,2026-02-11,Account Question,Medium,Question regarding account settings,Normal Operations
T456,C48321,2026-02-11,Account Question,High,Account related inquiry,Normal Operations
T457,C88010,2026-02-11,Order Tracking,Low,Order status not updated,Normal Operations
T458,C24090,2026-02-11,Order Tracking,High,Need tracking information,Normal Operations
T459,C42824,2026-02-11,Refund Request,Medium,Requesting refund for recent purchase,Normal Operations
T460,C31891,2026-02-11,Return Request,High,Customer wants to return product,Normal Operations
T461,C26985,2026-02-11,Account Question,Low,Question regarding account settings,Normal Operations
T462,C17088,2026-02-11,Return Request,Low,Return process inquiry,Normal Operations
T463,C73385,2026-02-11,Refund Request,High,Customer requested refund,Normal Operations
T464,C85151,2026-02-12,Refund Request,Medium,Customer requested refund,Normal Operations
T465,C29166,2026-02-12,Return Request,High,Return process inquiry,Normal Operations
T466,C36322,2026-02-12,Product Inquiry,Medium,Need more product information,Normal Operations
T467,C25427,2026-02-12,Refund Request,High,Requesting refund for recent purchase,Normal Operations
T468,C91737,2026-02-12,Refund Request,Low,Refund not processed,Normal Operations
T469,C9109,2026-02-12,Refund Request,Low,Refund not processed,Normal Operations
T470,C83361,2026-02-12,Account Question,Low,Question regarding account settings,Normal Operations
T471,C22444,2026-02-12,Refund Request,Low,Requesting refund for recent purchase,Normal Operations
T472,C76744,2026-02-12,Product Inquiry,Medium,Inquiry regarding product availability,Normal Operations
T473,C77577,2026-02-12,Order Tracking,Low,Unable to track order,Normal Operations
T474,C92060,2026-02-12,Order Tracking,Low,Unable to track order,Normal Operations
T475,C32780,2026-02-12,Order Tracking,Low,Need tracking information,Normal Operations
T476,C73771,2026-02-13,Return Request,Medium,Need assistance with return,Normal Operations
T477,C58349,2026-02-13,Order Tracking,High,Order status not updated,Normal Operations
T478,C69968,2026-02-13,Product Inquiry,Medium,Inquiry regarding product availability,Normal Operations
T479,C56089,2026-02-13,Return Request,Medium,Need assistance with return,Normal Operations
T480,C45380,2026-02-13,Product Inquiry,High,Inquiry regarding product availability,Normal Operations
T481,C46414,2026-02-13,Product Inquiry,Medium,Need more product information,Normal Operations
T482,C36379,2026-02-13,Account Question,High,Unable to update account information,Normal Operations
T483,C54692,2026-02-13,Return Request,Medium,Need assistance with return,Normal Operations
T484,C43597,2026-02-13,Order Tracking,Medium,Need tracking information,Normal Operations
T485,C99591,2026-02-13,Refund Request,Medium,Refund not processed,Normal Operations
T486,C72589,2026-02-13,Order Tracking,Low,Order status not updated,Normal Operations
T487,C74173,2026-02-13,Refund Request,Low,Refund not processed,Normal Operations
T488,C59190,2026-02-14,Return Request,Medium,Return process inquiry,Normal Operations
T489,C76667,2026-02-14,Account Question,Low,Unable to update account information,Normal Operations
T490,C9436,2026-02-14,Account Question,Low,Unable to update account information,Normal Operations
T491,C81930,2026-02-14,Refund Request,Low,Requesting refund for recent purchase,Normal Operations
T492,C31402,2026-02-14,Refund Request,High,Customer requested refund,Normal Operations
T493,C34085,2026-02-14,Refund Request,Low,Refund not processed,Normal Operations
T494,C36042,2026-02-14,Product Inquiry,High,Inquiry regarding product availability,Normal Operations
T495,C68577,2026-02-14,Product Inquiry,Medium,Need more product information,Normal Operations
T496,C26161,2026-02-14,Account Question,Medium,Account related inquiry,Normal Operations
T497,C17015,2026-02-14,Order Tracking,Medium,Need tracking information,Normal Operations
T498,C92579,2026-02-14,Account Question,Medium,Account related inquiry,Normal Operations
T499,C27214,2026-02-15,Order Tracking,Medium,Need tracking information,Normal Operations
T500,C86937,2026-02-15,Refund Request,High,Refund not processed,Normal Operations
T501,C65109,2026-02-15,Product Inquiry,Medium,Inquiry regarding product availability,Normal Operations
T502,C88701,2026-02-15,Order Tracking,Medium,Unable to track order,Normal Operations
T503,C62439,2026-02-15,Refund Request,Low,Requesting refund for recent purchase,Normal Operations
T504,C33894,2026-02-15,Product Inquiry,Medium,Need more product information,Normal Operations
T505,C12324,2026-02-15,Account Question,Low,Unable to update account information,Normal Operations
T506,C16457,2026-02-15,Refund Request,Low,Requesting refund for recent purchase,Normal Operations
T507,C68009,2026-02-15,Product Inquiry,Medium,Need more product information,Normal Operations
T508,C64316,2026-02-15,Account Question,Low,Question regarding account settings,Normal Operations
T509,C4256,2026-02-16,Return Request,Medium,Need assistance with return,Normal Operations
T510,C45114,2026-02-16,Order Tracking,Low,Order status not updated,Normal Operations
T511,C19202,2026-02-16,Order Tracking,Low,Order status not updated,Normal Operations
T512,C9687,2026-02-16,Product Inquiry,Medium,Need more product information,Normal Operations
T513,C60964,2026-02-16,Return Request,High,Return process inquiry,Normal Operations
T514,C68911,2026-02-16,Account Question,Low,Account related inquiry,Normal Operations
T515,C88734,2026-02-16,Order Tracking,Medium,Unable to track order,Normal Operations
T516,C46480,2026-02-16,Return Request,Medium,Customer wants to return product,Normal Operations
T517,C99984,2026-02-16,Return Request,Low,Need assistance with return,Normal Operations
T518,C48232,2026-02-16,Return Request,Low,Need assistance with return,Normal Operations
T519,C97913,2026-02-16,Return Request,Medium,Customer wants to return product,Normal Operations
T520,C56274,2026-02-16,Return Request,Medium,Return process inquiry,Normal Operations
T521,C9716,2026-02-17,Account Question,Medium,Unable to update account information,Normal Operations
T522,C5783,2026-02-17,Return Request,Low,Customer wants to return product,Normal Operations
T523,C35586,2026-02-17,Order Tracking,High,Need tracking information,Normal Operations
T524,C55115,2026-02-17,Refund Request,High,Customer requested refund,Normal Operations
T525,C90374,2026-02-17,Order Tracking,High,Unable to track order,Normal Operations
T526,C4438,2026-02-17,Product Inquiry,Medium,Inquiry regarding product availability,Normal Operations
T527,C97519,2026-02-17,Return Request,Low,Return process inquiry,Normal Operations
T528,C34595,2026-02-17,Order Tracking,Medium,Need tracking information,Normal Operations
T529,C95156,2026-02-18,Product Inquiry,High,Inquiry regarding product availability,Normal Operations
T530,C6722,2026-02-18,Account Question,Low,Account related inquiry,Normal Operations
T531,C72910,2026-02-18,Product Inquiry,High,Need more product information,Normal Operations
T532,C74521,2026-02-18,Order Tracking,Medium,Need tracking information,Normal Operations
T533,C5902,2026-02-18,Refund Request,Low,Requesting refund for recent purchase,Normal Operations
T534,C35299,2026-02-18,Account Question,Low,Account related inquiry,Normal Operations
T535,C48245,2026-02-18,Refund Request,Low,Customer requested refund,Normal Operations
T536,C17348,2026-02-18,Account Question,Low,Unable to update account information,Normal Operations
T537,C89100,2026-02-18,Return Request,High,Customer wants to return product,Normal Operations
T538,C33614,2026-02-19,Account Question,High,Account related inquiry,Normal Operations
T539,C78214,2026-02-19,Account Question,Low,Account related inquiry,Normal Operations
T540,C60546,2026-02-19,Product Inquiry,Medium,Need more product information,Normal Operations
T541,C39923,2026-02-19,Product Inquiry,Medium,Inquiry regarding product availability,Normal Operations
T542,C55678,2026-02-19,Order Tracking,High,Unable to track order,Normal Operations
T543,C95695,2026-02-19,Account Question,High,Account related inquiry,Normal Operations
T544,C29795,2026-02-19,Product Inquiry,Low,Question about product specifications,Normal Operations
T545,C28142,2026-02-19,Return Request,Low,Return process inquiry,Normal Operations
T546,C97540,2026-02-19,Return Request,Medium,Customer wants to return product,Normal Operations
T547,C66919,2026-02-19,Refund Request,Low,Customer requested refund,Normal Operations
T548,C57010,2026-02-19,Account Question,Low,Unable to update account information,Normal Operations
T549,C96775,2026-02-20,Account Question,Medium,Account related inquiry,Normal Operations
T550,C76374,2026-02-20,Account Question,High,Question regarding account settings,Normal Operations
T551,C89819,2026-02-20,Order Tracking,Medium,Unable to track order,Normal Operations
T552,C24023,2026-02-20,Account Question,Low,Unable to update account information,Normal Operations
T553,C60429,2026-02-20,Account Question,Low,Question regarding account settings,Normal Operations
T554,C56533,2026-02-20,Order Tracking,Low,Need tracking information,Normal Operations
T555,C672,2026-02-20,Account Question,Medium,Question regarding account settings,Normal Operations
T556,C70332,2026-02-20,Product Inquiry,Medium,Question about product specifications,Normal Operations
T557,C29301,2026-02-20,Account Question,Medium,Account related inquiry,Normal Operations
T558,C37488,2026-02-20,Return Request,Medium,Return process inquiry,Normal Operations
T559,C28381,2026-02-20,Product Inquiry,Low,Question about product specifications,Normal Operations
T560,C64042,2026-02-21,Order Tracking,High,Need tracking information,Normal Operations
T561,C3192,2026-02-21,Refund Request,Low,Customer requested refund,Normal Operations
T562,C49724,2026-02-21,Refund Request,Low,Refund not processed,Normal Operations
T563,C90354,2026-02-21,Refund Request,Low,Refund not processed,Normal Operations
T564,C92962,2026-02-21,Return Request,Low,Customer wants to return product,Normal Operations
T565,C73617,2026-02-21,Refund Request,Low,Requesting refund for recent purchase,Normal Operations
T566,C47685,2026-02-21,Account Question,Medium,Account related inquiry,Normal Operations
T567,C92261,2026-02-21,Refund Request,Low,Requesting refund for recent purchase,Normal Operations
T568,C63531,2026-02-21,Refund Request,Medium,Requesting refund for recent purchase,Normal Operations
T569,C76817,2026-02-21,Product Inquiry,High,Inquiry regarding product availability,Normal Operations
T570,C10143,2026-02-21,Account Question,Low,Unable to update account information,Normal Operations
T571,C64028,2026-02-21,Product Inquiry,Low,Inquiry regarding product availability,Normal Operations
T572,C76296,2026-02-21,Order Tracking,Low,Need tracking information,Normal Operations
T573,C17631,2026-02-22,Return Request,Medium,Customer wants to return product,Normal Operations
T574,C52162,2026-02-22,Refund Request,Medium,Customer requested refund,Normal Operations
T575,C50980,2026-02-22,Product Inquiry,Medium,Question about product specifications,Normal Operations
T576,C78041,2026-02-22,Refund Request,Medium,Customer requested refund,Normal Operations
T577,C34965,2026-02-22,Order Tracking,Low,Unable to track order,Normal Operations
T578,C59766,2026-02-22,Product Inquiry,Medium,Need more product information,Normal Operations
T579,C57867,2026-02-22,Return Request,Low,Return process inquiry,Normal Operations
T580,C26807,2026-02-22,Refund Request,Low,Refund not processed,Normal Operations
T581,C55420,2026-02-22,Product Inquiry,Low,Need more product information,Normal Operations
T582,C77812,2026-02-22,Order Tracking,Low,Unable to track order,Normal Operations
T583,C98990,2026-02-22,Account Question,Low,Account related inquiry,Normal Operations
T584,C30842,2026-02-22,Account Question,High,Account related inquiry,Normal Operations
T585,C43951,2026-02-22,Refund Request,Low,Customer requested refund,Normal Operations
T586,C79752,2026-02-23,Account Question,Medium,Unable to update account information,Normal Operations
T587,C94464,2026-02-23,Return Request,Medium,Need assistance with return,Normal Operations
T588,C43542,2026-02-23,Product Inquiry,Medium,Question about product specifications,Normal Operations
T589,C13058,2026-02-23,Account Question,Low,Unable to update account information,Normal Operations
T590,C48690,2026-02-23,Return Request,Low,Need assistance with return,Normal Operations
T591,C20568,2026-02-23,Product Inquiry,Low,Inquiry regarding product availability,Normal Operations
T592,C67261,2026-02-23,Product Inquiry,Medium,Question about product specifications,Normal Operations
T593,C18038,2026-02-23,Product Inquiry,Medium,Inquiry regarding product availability,Normal Operations
T594,C5927,2026-02-23,Account Question,Medium,Unable to update account information,Normal Operations
T595,C29807,2026-02-23,Refund Request,Low,Customer requested refund,Normal Operations
T596,C55148,2026-02-23,Order Tracking,Medium,Need tracking information,Normal Operations
T597,C21728,2026-02-23,Refund Request,High,Requesting refund for recent purchase,Normal Operations
T598,C3082,2026-02-24,Product Inquiry,Medium,Question about product specifications,Normal Operations
T599,C76866,2026-02-24,Product Inquiry,Low,Inquiry regarding product availability,Normal Operations
T600,C84900,2026-02-24,Account Question,Low,Question regarding account settings,Normal Operations
T601,C10806,2026-02-24,Order Tracking,High,Unable to track order,Normal Operations
T602,C40373,2026-02-24,Refund Request,Low,Refund not processed,Normal Operations
T603,C89823,2026-02-24,Product Inquiry,Low,Inquiry regarding product availability,Normal Operations
T604,C82618,2026-02-24,Product Inquiry,Low,Question about product specifications,Normal Operations
T605,C66550,2026-02-24,Account Question,Medium,Unable to update account information,Normal Operations
T606,C78646,2026-02-24,Account Question,Medium,Unable to update account information,Normal Operations
T607,C64430,2026-02-25,Order Tracking,Low,Unable to track order,Normal Operations
T608,C15380,2026-02-25,Refund Request,Medium,Customer requested refund,Normal Operations
T609,C94734,2026-02-25,Return Request,Medium,Customer wants to return product,Normal Operations
T610,C95287,2026-02-25,Account Question,Medium,Unable to update account information,Normal Operations
T611,C14227,2026-02-25,Order Tracking,Low,Unable to track order,Normal Operations
T612,C68927,2026-02-25,Return Request,Low,Need assistance with return,Normal Operations
T613,C21818,2026-02-25,Account Question,Medium,Unable to update account information,Normal Operations
T614,C57776,2026-02-25,Return Request,Low,Need assistance with return,Normal Operations
T615,C76257,2026-02-25,Refund Request,Low,Requesting refund for recent purchase,Normal Operations
T616,C84731,2026-02-25,Return Request,High,Customer wants to return product,Normal Operations
T617,C33788,2026-02-25,Product Inquiry,Low,Question about product specifications,Normal Operations
T618,C45254,2026-02-25,Refund Request,Medium,Customer requested refund,Normal Operations
T619,C30255,2026-02-26,Product Inquiry,High,Inquiry regarding product availability,Normal Operations
T620,C14473,2026-02-26,Product Inquiry,High,Inquiry regarding product availability,Normal Operations
T621,C95805,2026-02-26,Account Question,High,Question regarding account settings,Normal Operations
T622,C93809,2026-02-26,Product Inquiry,Medium,Question about product specifications,Normal Operations
T623,C53073,2026-02-26,Account Question,High,Unable to update account information,Normal Operations
T624,C61331,2026-02-26,Product Inquiry,Low,Question about product specifications,Normal Operations
T625,C94789,2026-02-26,Order Tracking,High,Order status not updated,Normal Operations
T626,C25280,2026-02-26,Account Question,Medium,Question regarding account settings,Normal Operations
T627,C15079,2026-02-26,Order Tracking,High,Unable to track order,Normal Operations
T628,C2840,2026-02-26,Product Inquiry,Medium,Question about product specifications,Normal Operations
T629,C17070,2026-02-26,Refund Request,Medium,Refund not processed,Normal Operations
T630,C7711,2026-02-26,Return Request,High,Customer wants to return product,Normal Operations
T631,C80798,2026-02-26,Refund Request,Low,Customer requested refund,Normal Operations
T632,C9558,2026-02-26,Order Tracking,Low,Unable to track order,Normal Operations
T633,C17016,2026-02-27,Return Request,High,Return process inquiry,Normal Operations
T634,C32973,2026-02-27,Order Tracking,Low,Need tracking information,Normal Operations
T635,C5348,2026-02-27,Refund Request,Low,Customer requested refund,Normal Operations
T636,C18682,2026-02-27,Return Request,Medium,Return process inquiry,Normal Operations
T637,C30683,2026-02-27,Account Question,Low,Unable to update account information,Normal Operations
T638,C66708,2026-02-27,Order Tracking,Low,Order status not updated,Normal Operations
T639,C77466,2026-02-27,Account Question,Medium,Unable to update account information,Normal Operations
T640,C18746,2026-02-27,Refund Request,High,Customer requested refund,Normal Operations
T641,C34522,2026-02-27,Account Question,Low,Account related inquiry,Normal Operations
T642,C57715,2026-02-27,Refund Request,High,Requesting refund for recent purchase,Normal Operations
T643,C90537,2026-02-28,Refund Request,Low,Customer requested refund,Normal Operations
T644,C88554,2026-02-28,Account Question,Low,Account related inquiry,Normal Operations
T645,C75416,2026-02-28,Refund Request,Low,Customer requested refund,Normal Operations
T646,C18475,2026-02-28,Order Tracking,Low,Unable to track order,Normal Operations
T647,C67170,2026-02-28,Refund Request,Low,Customer requested refund,Normal Operations
T648,C47946,2026-02-28,Order Tracking,Low,Need tracking information,Normal Operations
T649,C68674,2026-02-28,Order Tracking,Low,Unable to track order,Normal Operations
T650,C69287,2026-02-28,Product Inquiry,Medium,Question about product specifications,Normal Operations
T651,C48778,2026-02-28,Return Request,High,Need assistance with return,Normal Operations
T652,C10801,2026-02-28,Product Inquiry,Low,Inquiry regarding product availability,Normal Operations
T653,C63871,2026-02-28,Account Question,Medium,Unable to update account information,Normal Operations
T654,C96335,2026-03-01,Transaction Failed,High,Transaction declined unexpectedly,Payment Gateway Upgrade
T655,C56701,2026-03-01,Checkout Error,Medium,Order could not be completed,Payment Gateway Upgrade
T656,C29119,2026-03-01,Checkout Error,Medium,Checkout process failed,Payment Gateway Upgrade
T657,C42952,2026-03-01,Checkout Error,Low,Order could not be completed,Payment Gateway Upgrade
T658,C21254,2026-03-01,Checkout Error,Low,Order could not be completed,Payment Gateway Upgrade
T659,C51579,2026-03-01,Transaction Failed,Low,Transaction declined unexpectedly,Payment Gateway Upgrade
T660,C94987,2026-03-01,Transaction Failed,Low,Transaction declined unexpectedly,Payment Gateway Upgrade
T661,C75940,2026-03-01,Checkout Error,Low,Checkout page froze,Payment Gateway Upgrade
T662,C21039,2026-03-01,Transaction Failed,Low,Transaction declined unexpectedly,Payment Gateway Upgrade
T663,C6972,2026-03-01,Checkout Error,Medium,Checkout process failed,Payment Gateway Upgrade
T664,C37712,2026-03-01,Checkout Error,High,Order could not be completed,Payment Gateway Upgrade
T665,C79474,2026-03-01,Transaction Failed,Low,Purchase failed,Payment Gateway Upgrade
T666,C85121,2026-03-01,Checkout Error,Low,Checkout page froze,Payment Gateway Upgrade
T667,C90725,2026-03-01,Payment Failure,Medium,Unable to complete transaction,Payment Gateway Upgrade
T668,C5907,2026-03-01,Checkout Error,High,Checkout process failed,Payment Gateway Upgrade
T669,C54401,2026-03-01,Transaction Failed,Medium,Payment processing error,Payment Gateway Upgrade
T670,C52757,2026-03-01,Transaction Failed,Medium,Transaction declined unexpectedly,Payment Gateway Upgrade
T671,C67066,2026-03-01,Checkout Error,Medium,Checkout process failed,Payment Gateway Upgrade
T672,C8005,2026-03-01,Transaction Failed,Medium,Purchase failed,Payment Gateway Upgrade
T673,C92052,2026-03-01,Payment Failure,High,Payment failed during checkout,Payment Gateway Upgrade
T674,C88709,2026-03-01,Checkout Error,High,Checkout process failed,Payment Gateway Upgrade
T675,C9588,2026-03-01,Payment Failure,High,Payment failed during checkout,Payment Gateway Upgrade
T676,C81836,2026-03-01,Checkout Error,High,Order could not be completed,Payment Gateway Upgrade
T677,C26476,2026-03-01,Checkout Error,Low,Order could not be completed,Payment Gateway Upgrade
T678,C9347,2026-03-01,Checkout Error,High,Checkout process failed,Payment Gateway Upgrade
T679,C69616,2026-03-01,Checkout Error,Medium,Checkout process failed,Payment Gateway Upgrade
T680,C95649,2026-03-01,Checkout Error,Low,Checkout process failed,Payment Gateway Upgrade
T681,C71987,2026-03-01,Checkout Error,Medium,Checkout page froze,Payment Gateway Upgrade
T682,C84247,2026-03-01,Checkout Error,Medium,Order could not be completed,Payment Gateway Upgrade
T683,C72517,2026-03-01,Checkout Error,High,Checkout page froze,Payment Gateway Upgrade
T684,C78113,2026-03-02,Transaction Failed,Low,Purchase failed,Payment Gateway Upgrade
T685,C37347,2026-03-02,Checkout Error,Medium,Checkout process failed,Payment Gateway Upgrade
T686,C76230,2026-03-02,Transaction Failed,High,Purchase failed,Payment Gateway Upgrade
T687,C41815,2026-03-02,Payment Failure,Low,Unable to complete transaction,Payment Gateway Upgrade
T688,C87961,2026-03-02,Transaction Failed,Low,Payment processing error,Payment Gateway Upgrade
T689,C71907,2026-03-02,Transaction Failed,Medium,Purchase failed,Payment Gateway Upgrade
T690,C8180,2026-03-02,Payment Failure,High,Card charged but order not placed,Payment Gateway Upgrade
T691,C98697,2026-03-02,Payment Failure,Medium,Unable to complete transaction,Payment Gateway Upgrade
T692,C10450,2026-03-02,Payment Failure,Medium,Unable to complete transaction,Payment Gateway Upgrade
T693,C22747,2026-03-02,Checkout Error,Medium,Order could not be completed,Payment Gateway Upgrade
T694,C15224,2026-03-02,Transaction Failed,Low,Payment processing error,Payment Gateway Upgrade
T695,C74568,2026-03-02,Checkout Error,Low,Checkout page froze,Payment Gateway Upgrade
T696,C71679,2026-03-02,Transaction Failed,Low,Payment processing error,Payment Gateway Upgrade
T697,C23384,2026-03-02,Payment Failure,Low,Payment failed during checkout,Payment Gateway Upgrade
T698,C53910,2026-03-02,Checkout Error,High,Order could not be completed,Payment Gateway Upgrade
T699,C15283,2026-03-02,Transaction Failed,High,Payment processing error,Payment Gateway Upgrade
T700,C59676,2026-03-02,Transaction Failed,Low,Transaction declined unexpectedly,Payment Gateway Upgrade
T701,C72767,2026-03-02,Transaction Failed,Medium,Payment processing error,Payment Gateway Upgrade
T702,C78611,2026-03-02,Transaction Failed,High,Transaction declined unexpectedly,Payment Gateway Upgrade
T703,C34229,2026-03-02,Checkout Error,Medium,Checkout process failed,Payment Gateway Upgrade
T704,C49417,2026-03-02,Payment Failure,Low,Card charged but order not placed,Payment Gateway Upgrade
T705,C95029,2026-03-02,Payment Failure,Low,Card charged but order not placed,Payment Gateway Upgrade
T706,C98345,2026-03-02,Transaction Failed,Low,Payment processing error,Payment Gateway Upgrade
T707,C89710,2026-03-02,Checkout Error,Low,Checkout page froze,Payment Gateway Upgrade
T708,C86711,2026-03-02,Transaction Failed,Medium,Purchase failed,Payment Gateway Upgrade
T709,C51632,2026-03-02,Checkout Error,Low,Checkout page froze,Payment Gateway Upgrade
T710,C65088,2026-03-02,Transaction Failed,Medium,Purchase failed,Payment Gateway Upgrade
T711,C49813,2026-03-02,Payment Failure,Low,Unable to complete transaction,Payment Gateway Upgrade
T712,C7852,2026-03-02,Payment Failure,Low,Unable to complete transaction,Payment Gateway Upgrade
T713,C85437,2026-03-02,Payment Failure,Low,Payment failed during checkout,Payment Gateway Upgrade
T714,C86498,2026-03-02,Transaction Failed,High,Transaction declined unexpectedly,Payment Gateway Upgrade
T715,C98647,2026-03-02,Payment Failure,Medium,Payment failed during checkout,Payment Gateway Upgrade
T716,C64047,2026-03-02,Checkout Error,Low,Checkout process failed,Payment Gateway Upgrade
T717,C88669,2026-03-02,Transaction Failed,Low,Payment processing error,Payment Gateway Upgrade
T718,C96020,2026-03-02,Payment Failure,Medium,Unable to complete transaction,Payment Gateway Upgrade
T719,C17863,2026-03-02,Transaction Failed,Low,Purchase failed,Payment Gateway Upgrade
T720,C8771,2026-03-02,Checkout Error,Medium,Checkout page froze,Payment Gateway Upgrade
T721,C11191,2026-03-02,Checkout Error,High,Checkout process failed,Payment Gateway Upgrade
T722,C40198,2026-03-02,Transaction Failed,High,Payment processing error,Payment Gateway Upgrade
T723,C4379,2026-03-03,Payment Failure,Low,Card charged but order not placed,Payment Gateway Upgrade
T724,C75869,2026-03-03,Checkout Error,Medium,Checkout page froze,Payment Gateway Upgrade
T725,C5411,2026-03-03,Transaction Failed,Medium,Payment processing error,Payment Gateway Upgrade
T726,C86717,2026-03-03,Payment Failure,Low,Payment failed during checkout,Payment Gateway Upgrade
T727,C58558,2026-03-03,Checkout Error,High,Checkout page froze,Payment Gateway Upgrade
T728,C96039,2026-03-03,Payment Failure,High,Card charged but order not placed,Payment Gateway Upgrade
T729,C31338,2026-03-03,Payment Failure,Low,Card charged but order not placed,Payment Gateway Upgrade
T730,C50953,2026-03-03,Checkout Error,High,Checkout page froze,Payment Gateway Upgrade
T731,C33624,2026-03-03,Payment Failure,Medium,Payment failed during checkout,Payment Gateway Upgrade
T732,C49335,2026-03-03,Transaction Failed,High,Purchase failed,Payment Gateway Upgrade
T733,C99822,2026-03-03,Payment Failure,High,Unable to complete transaction,Payment Gateway Upgrade
T734,C52782,2026-03-03,Payment Failure,Low,Unable to complete transaction,Payment Gateway Upgrade
T735,C55285,2026-03-03,Transaction Failed,Low,Transaction declined unexpectedly,Payment Gateway Upgrade
T736,C64090,2026-03-03,Payment Failure,High,Payment failed during checkout,Payment Gateway Upgrade
T737,C37384,2026-03-03,Checkout Error,High,Checkout page froze,Payment Gateway Upgrade
T738,C52894,2026-03-03,Checkout Error,Low,Order could not be completed,Payment Gateway Upgrade
T739,C22191,2026-03-03,Transaction Failed,High,Transaction declined unexpectedly,Payment Gateway Upgrade
T740,C38212,2026-03-03,Checkout Error,Low,Checkout process failed,Payment Gateway Upgrade
T741,C97939,2026-03-03,Transaction Failed,Medium,Payment processing error,Payment Gateway Upgrade
T742,C16716,2026-03-03,Payment Failure,Low,Payment failed during checkout,Payment Gateway Upgrade
T743,C61351,2026-03-03,Transaction Failed,Medium,Transaction declined unexpectedly,Payment Gateway Upgrade
T744,C51650,2026-03-03,Payment Failure,High,Payment failed during checkout,Payment Gateway Upgrade
T745,C74638,2026-03-03,Payment Failure,Medium,Card charged but order not placed,Payment Gateway Upgrade
T746,C46620,2026-03-03,Checkout Error,Low,Checkout page froze,Payment Gateway Upgrade
T747,C62069,2026-03-03,Checkout Error,High,Order could not be completed,Payment Gateway Upgrade
T748,C78929,2026-03-04,Checkout Error,Medium,Checkout process failed,Payment Gateway Upgrade
T749,C34625,2026-03-04,Transaction Failed,Low,Purchase failed,Payment Gateway Upgrade
T750,C38245,2026-03-04,Transaction Failed,Low,Payment processing error,Payment Gateway Upgrade
T751,C72983,2026-03-04,Payment Failure,High,Unable to complete transaction,Payment Gateway Upgrade
T752,C79286,2026-03-04,Checkout Error,High,Checkout page froze,Payment Gateway Upgrade
T753,C90487,2026-03-04,Transaction Failed,Medium,Transaction declined unexpectedly,Payment Gateway Upgrade
T754,C62494,2026-03-04,Checkout Error,Medium,Checkout process failed,Payment Gateway Upgrade
T755,C84163,2026-03-04,Checkout Error,High,Order could not be completed,Payment Gateway Upgrade
T756,C68671,2026-03-04,Transaction Failed,Low,Transaction declined unexpectedly,Payment Gateway Upgrade
T757,C66678,2026-03-04,Transaction Failed,Medium,Payment processing error,Payment Gateway Upgrade
T758,C88504,2026-03-04,Payment Failure,Low,Unable to complete transaction,Payment Gateway Upgrade
T759,C91704,2026-03-04,Transaction Failed,Medium,Transaction declined unexpectedly,Payment Gateway Upgrade
T760,C40380,2026-03-04,Transaction Failed,Low,Purchase failed,Payment Gateway Upgrade
T761,C44015,2026-03-04,Transaction Failed,Low,Purchase failed,Payment Gateway Upgrade
T762,C11121,2026-03-04,Checkout Error,Medium,Order could not be completed,Payment Gateway Upgrade
T763,C77488,2026-03-04,Payment Failure,Low,Card charged but order not placed,Payment Gateway Upgrade
T764,C17439,2026-03-04,Checkout Error,Medium,Checkout page froze,Payment Gateway Upgrade
T765,C7070,2026-03-04,Payment Failure,Low,Card charged but order not placed,Payment Gateway Upgrade
T766,C70189,2026-03-04,Transaction Failed,Low,Purchase failed,Payment Gateway Upgrade
T767,C47094,2026-03-04,Transaction Failed,High,Payment processing error,Payment Gateway Upgrade
T768,C77363,2026-03-04,Transaction Failed,Low,Payment processing error,Payment Gateway Upgrade
T769,C53162,2026-03-04,Transaction Failed,High,Transaction declined unexpectedly,Payment Gateway Upgrade
T770,C71850,2026-03-04,Payment Failure,Low,Payment failed during checkout,Payment Gateway Upgrade
T771,C23174,2026-03-04,Transaction Failed,Medium,Purchase failed,Payment Gateway Upgrade
T772,C25373,2026-03-04,Payment Failure,Low,Payment failed during checkout,Payment Gateway Upgrade
T773,C71156,2026-03-04,Transaction Failed,Low,Payment processing error,Payment Gateway Upgrade
T774,C3237,2026-03-04,Checkout Error,Medium,Checkout page froze,Payment Gateway Upgrade
T775,C86837,2026-03-05,Payment Failure,High,Card charged but order not placed,Payment Gateway Upgrade
T776,C9570,2026-03-05,Transaction Failed,Low,Purchase failed,Payment Gateway Upgrade
T777,C341,2026-03-05,Transaction Failed,Low,Payment processing error,Payment Gateway Upgrade
T778,C359,2026-03-05,Payment Failure,Medium,Unable to complete transaction,Payment Gateway Upgrade
T779,C25880,2026-03-05,Payment Failure,High,Unable to complete transaction,Payment Gateway Upgrade
T780,C64354,2026-03-05,Payment Failure,Medium,Unable to complete transaction,Payment Gateway Upgrade
T781,C55569,2026-03-05,Transaction Failed,Medium,Transaction declined unexpectedly,Payment Gateway Upgrade
T782,C46841,2026-03-05,Checkout Error,Medium,Checkout process failed,Payment Gateway Upgrade
T783,C58343,2026-03-05,Transaction Failed,Low,Transaction declined unexpectedly,Payment Gateway Upgrade
T784,C35429,2026-03-05,Payment Failure,Medium,Payment failed during checkout,Payment Gateway Upgrade
T785,C38976,2026-03-05,Transaction Failed,Medium,Purchase failed,Payment Gateway Upgrade
T786,C26422,2026-03-05,Checkout Error,Medium,Order could not be completed,Payment Gateway Upgrade
T787,C44790,2026-03-05,Checkout Error,Medium,Checkout page froze,Payment Gateway Upgrade
T788,C1208,2026-03-05,Payment Failure,Low,Payment failed during checkout,Payment Gateway Upgrade
T789,C48652,2026-03-05,Checkout Error,High,Checkout process failed,Payment Gateway Upgrade
T790,C60012,2026-03-05,Transaction Failed,Medium,Purchase failed,Payment Gateway Upgrade
T791,C78519,2026-03-05,Checkout Error,Low,Order could not be completed,Payment Gateway Upgrade
T792,C28065,2026-03-05,Checkout Error,Medium,Order could not be completed,Payment Gateway Upgrade
T793,C51099,2026-03-05,Transaction Failed,Medium,Purchase failed,Payment Gateway Upgrade
T794,C36594,2026-03-05,Payment Failure,Medium,Unable to complete transaction,Payment Gateway Upgrade
T795,C69339,2026-03-05,Payment Failure,Medium,Card charged but order not placed,Payment Gateway Upgrade
T796,C6143,2026-03-05,Transaction Failed,Medium,Purchase failed,Payment Gateway Upgrade
T797,C53411,2026-03-05,Transaction Failed,Low,Transaction declined unexpectedly,Payment Gateway Upgrade
T798,C8017,2026-03-05,Payment Failure,Medium,Payment failed during checkout,Payment Gateway Upgrade
T799,C40511,2026-03-05,Payment Failure,High,Unable to complete transaction,Payment Gateway Upgrade
T800,C25519,2026-03-05,Transaction Failed,Medium,Transaction declined unexpectedly,Payment Gateway Upgrade
T801,C36189,2026-03-06,Checkout Error,Low,Checkout process failed,Payment Gateway Upgrade
T802,C19338,2026-03-06,Transaction Failed,Low,Payment processing error,Payment Gateway Upgrade
T803,C51152,2026-03-06,Checkout Error,High,Checkout page froze,Payment Gateway Upgrade
T804,C49848,2026-03-06,Payment Failure,Medium,Unable to complete transaction,Payment Gateway Upgrade
T805,C27811,2026-03-06,Checkout Error,High,Order could not be completed,Payment Gateway Upgrade
T806,C11591,2026-03-06,Checkout Error,Low,Checkout page froze,Payment Gateway Upgrade
T807,C68900,2026-03-06,Transaction Failed,High,Transaction declined unexpectedly,Payment Gateway Upgrade
T808,C86157,2026-03-06,Payment Failure,Medium,Unable to complete transaction,Payment Gateway Upgrade
T809,C11391,2026-03-06,Payment Failure,High,Payment failed during checkout,Payment Gateway Upgrade
T810,C15039,2026-03-06,Transaction Failed,Low,Payment processing error,Payment Gateway Upgrade
T811,C54190,2026-03-06,Payment Failure,Low,Card charged but order not placed,Payment Gateway Upgrade
T812,C1382,2026-03-06,Checkout Error,Low,Order could not be completed,Payment Gateway Upgrade
T813,C32956,2026-03-06,Transaction Failed,Medium,Payment processing error,Payment Gateway Upgrade
T814,C28221,2026-03-06,Checkout Error,Low,Checkout page froze,Payment Gateway Upgrade
T815,C80808,2026-03-06,Checkout Error,Low,Checkout process failed,Payment Gateway Upgrade
T816,C56700,2026-03-06,Checkout Error,Medium,Checkout process failed,Payment Gateway Upgrade
T817,C46093,2026-03-06,Checkout Error,Medium,Checkout process failed,Payment Gateway Upgrade
T818,C68488,2026-03-06,Transaction Failed,Low,Payment processing error,Payment Gateway Upgrade
T819,C58395,2026-03-06,Checkout Error,Low,Order could not be completed,Payment Gateway Upgrade
T820,C28455,2026-03-06,Transaction Failed,Low,Transaction declined unexpectedly,Payment Gateway Upgrade
T821,C33205,2026-03-06,Payment Failure,Low,Card charged but order not placed,Payment Gateway Upgrade
T822,C61203,2026-03-06,Transaction Failed,Medium,Transaction declined unexpectedly,Payment Gateway Upgrade
T823,C76113,2026-03-06,Checkout Error,Medium,Order could not be completed,Payment Gateway Upgrade
T824,C80906,2026-03-06,Checkout Error,High,Checkout process failed,Payment Gateway Upgrade
T825,C80910,2026-03-06,Checkout Error,Medium,Checkout process failed,Payment Gateway Upgrade
T826,C14744,2026-03-06,Checkout Error,Low,Checkout page froze,Payment Gateway Upgrade
T827,C84228,2026-03-06,Checkout Error,Low,Order could not be completed,Payment Gateway Upgrade
T828,C74764,2026-03-06,Transaction Failed,Medium,Payment processing error,Payment Gateway Upgrade
T829,C37714,2026-03-06,Checkout Error,High,Checkout process failed,Payment Gateway Upgrade
T830,C7017,2026-03-06,Transaction Failed,Medium,Purchase failed,Payment Gateway Upgrade
T831,C54239,2026-03-06,Transaction Failed,Low,Transaction declined unexpectedly,Payment Gateway Upgrade
T832,C26918,2026-03-07,Checkout Error,High,Checkout process failed,Payment Gateway Upgrade
T833,C35206,2026-03-07,Checkout Error,Low,Checkout page froze,Payment Gateway Upgrade
T834,C41628,2026-03-07,Payment Failure,Low,Payment failed during checkout,Payment Gateway Upgrade
T835,C32403,2026-03-07,Payment Failure,Medium,Unable to complete transaction,Payment Gateway Upgrade
T836,C90931,2026-03-07,Checkout Error,Medium,Checkout process failed,Payment Gateway Upgrade
T837,C48696,2026-03-07,Payment Failure,High,Card charged but order not placed,Payment Gateway Upgrade
T838,C32442,2026-03-07,Payment Failure,Low,Payment failed during checkout,Payment Gateway Upgrade
T839,C92123,2026-03-07,Payment Failure,High,Payment failed during checkout,Payment Gateway Upgrade
T840,C71855,2026-03-07,Transaction Failed,Low,Payment processing error,Payment Gateway Upgrade
T841,C15373,2026-03-07,Payment Failure,Low,Unable to complete transaction,Payment Gateway Upgrade
T842,C93636,2026-03-07,Transaction Failed,Medium,Transaction declined unexpectedly,Payment Gateway Upgrade
T843,C78357,2026-03-07,Checkout Error,Medium,Checkout page froze,Payment Gateway Upgrade
T844,C45969,2026-03-07,Transaction Failed,Low,Transaction declined unexpectedly,Payment Gateway Upgrade
T845,C66915,2026-03-07,Transaction Failed,Medium,Transaction declined unexpectedly,Payment Gateway Upgrade
T846,C5356,2026-03-07,Checkout Error,Low,Checkout process failed,Payment Gateway Upgrade
T847,C78861,2026-03-07,Transaction Failed,Medium,Transaction declined unexpectedly,Payment Gateway Upgrade
T848,C80770,2026-03-07,Payment Failure,Low,Unable to complete transaction,Payment Gateway Upgrade
T849,C95691,2026-03-07,Payment Failure,Medium,Card charged but order not placed,Payment Gateway Upgrade
T850,C27748,2026-03-07,Checkout Error,Medium,Checkout page froze,Payment Gateway Upgrade
T851,C57506,2026-03-07,Payment Failure,Low,Payment failed during checkout,Payment Gateway Upgrade
T852,C23555,2026-03-07,Transaction Failed,Low,Payment processing error,Payment Gateway Upgrade
T853,C54337,2026-03-07,Payment Failure,High,Card charged but order not placed,Payment Gateway Upgrade
T854,C73017,2026-03-07,Transaction Failed,High,Purchase failed,Payment Gateway Upgrade
T855,C55861,2026-03-07,Checkout Error,Low,Checkout process failed,Payment Gateway Upgrade
T856,C61998,2026-03-07,Payment Failure,Low,Card charged but order not placed,Payment Gateway Upgrade
T857,C42966,2026-03-07,Checkout Error,Medium,Checkout process failed,Payment Gateway Upgrade
T858,C82595,2026-03-07,Checkout Error,Medium,Checkout process failed,Payment Gateway Upgrade
T859,C36022,2026-03-07,Transaction Failed,Low,Payment processing error,Payment Gateway Upgrade
T860,C96665,2026-03-07,Payment Failure,High,Unable to complete transaction,Payment Gateway Upgrade
T861,C44865,2026-03-07,Checkout Error,Low,Checkout process failed,Payment Gateway Upgrade
T862,C77404,2026-03-07,Transaction Failed,High,Transaction declined unexpectedly,Payment Gateway Upgrade
T863,C44725,2026-03-07,Transaction Failed,Low,Payment processing error,Payment Gateway Upgrade
T864,C30117,2026-03-07,Transaction Failed,Low,Payment processing error,Payment Gateway Upgrade
T865,C40993,2026-03-07,Payment Failure,Medium,Payment failed during checkout,Payment Gateway Upgrade
T866,C6156,2026-03-08,Payment Failure,Low,Card charged but order not placed,Payment Gateway Upgrade
T867,C20964,2026-03-08,Transaction Failed,Medium,Transaction declined unexpectedly,Payment Gateway Upgrade
T868,C20937,2026-03-08,Transaction Failed,Medium,Purchase failed,Payment Gateway Upgrade
T869,C47833,2026-03-08,Payment Failure,Low,Unable to complete transaction,Payment Gateway Upgrade
T870,C62523,2026-03-08,Payment Failure,Low,Card charged but order not placed,Payment Gateway Upgrade
T871,C2205,2026-03-08,Transaction Failed,Low,Transaction declined unexpectedly,Payment Gateway Upgrade
T872,C49068,2026-03-08,Payment Failure,Low,Unable to complete transaction,Payment Gateway Upgrade
T873,C98935,2026-03-08,Checkout Error,Medium,Checkout page froze,Payment Gateway Upgrade
T874,C61216,2026-03-08,Checkout Error,Low,Order could not be completed,Payment Gateway Upgrade
T875,C38459,2026-03-08,Payment Failure,Medium,Payment failed during checkout,Payment Gateway Upgrade
T876,C77241,2026-03-08,Transaction Failed,Medium,Payment processing error,Payment Gateway Upgrade
T877,C89389,2026-03-08,Checkout Error,Low,Order could not be completed,Payment Gateway Upgrade
T878,C55752,2026-03-08,Payment Failure,Medium,Payment failed during checkout,Payment Gateway Upgrade
T879,C74219,2026-03-08,Transaction Failed,High,Purchase failed,Payment Gateway Upgrade
T880,C32984,2026-03-08,Transaction Failed,Medium,Payment processing error,Payment Gateway Upgrade
T881,C90271,2026-03-08,Payment Failure,Medium,Unable to complete transaction,Payment Gateway Upgrade
T882,C16242,2026-03-08,Checkout Error,Low,Checkout process failed,Payment Gateway Upgrade
T883,C35064,2026-03-08,Payment Failure,Low,Unable to complete transaction,Payment Gateway Upgrade
T884,C44770,2026-03-08,Checkout Error,Low,Checkout process failed,Payment Gateway Upgrade
T885,C27077,2026-03-08,Payment Failure,Medium,Card charged but order not placed,Payment Gateway Upgrade
T886,C88510,2026-03-08,Checkout Error,Medium,Checkout process failed,Payment Gateway Upgrade
T887,C67469,2026-03-08,Checkout Error,Medium,Checkout process failed,Payment Gateway Upgrade
T888,C38406,2026-03-08,Transaction Failed,Medium,Payment processing error,Payment Gateway Upgrade
T889,C8812,2026-03-08,Payment Failure,High,Unable to complete transaction,Payment Gateway Upgrade
T890,C47154,2026-03-08,Transaction Failed,High,Transaction declined unexpectedly,Payment Gateway Upgrade
T891,C12868,2026-03-08,Checkout Error,High,Checkout page froze,Payment Gateway Upgrade
T892,C76222,2026-03-08,Transaction Failed,Medium,Payment processing error,Payment Gateway Upgrade
T893,C63065,2026-03-08,Transaction Failed,High,Transaction declined unexpectedly,Payment Gateway Upgrade
T894,C30874,2026-03-09,Checkout Error,Low,Checkout process failed,Payment Gateway Upgrade
T895,C3643,2026-03-09,Transaction Failed,Low,Transaction declined unexpectedly,Payment Gateway Upgrade
T896,C14123,2026-03-09,Payment Failure,Medium,Unable to complete transaction,Payment Gateway Upgrade
T897,C70903,2026-03-09,Checkout Error,Low,Checkout process failed,Payment Gateway Upgrade
T898,C36192,2026-03-09,Checkout Error,Low,Checkout process failed,Payment Gateway Upgrade
T899,C56747,2026-03-09,Checkout Error,Medium,Checkout page froze,Payment Gateway Upgrade
T900,C87894,2026-03-09,Transaction Failed,High,Payment processing error,Payment Gateway Upgrade
T901,C22602,2026-03-09,Payment Failure,Medium,Payment failed during checkout,Payment Gateway Upgrade
T902,C24533,2026-03-09,Checkout Error,Low,Order could not be completed,Payment Gateway Upgrade
T903,C43464,2026-03-09,Checkout Error,High,Order could not be completed,Payment Gateway Upgrade
T904,C81051,2026-03-09,Checkout Error,Low,Checkout page froze,Payment Gateway Upgrade
T905,C66733,2026-03-09,Transaction Failed,Low,Transaction declined unexpectedly,Payment Gateway Upgrade
T906,C40696,2026-03-09,Payment Failure,High,Card charged but order not placed,Payment Gateway Upgrade
T907,C67713,2026-03-09,Checkout Error,Low,Order could not be completed,Payment Gateway Upgrade
T908,C85745,2026-03-09,Payment Failure,Medium,Unable to complete transaction,Payment Gateway Upgrade
T909,C3697,2026-03-09,Payment Failure,Medium,Card charged but order not placed,Payment Gateway Upgrade
T910,C53522,2026-03-09,Checkout Error,High,Checkout process failed,Payment Gateway Upgrade
T911,C66642,2026-03-09,Payment Failure,Medium,Payment failed during checkout,Payment Gateway Upgrade
T912,C15418,2026-03-09,Checkout Error,High,Checkout page froze,Payment Gateway Upgrade
T913,C12603,2026-03-09,Transaction Failed,Low,Payment processing error,Payment Gateway Upgrade
T914,C34682,2026-03-09,Payment Failure,High,Payment failed during checkout,Payment Gateway Upgrade
T915,C64504,2026-03-09,Checkout Error,Low,Checkout process failed,Payment Gateway Upgrade
T916,C56576,2026-03-09,Payment Failure,Medium,Payment failed during checkout,Payment Gateway Upgrade
T917,C22627,2026-03-09,Transaction Failed,Low,Transaction declined unexpectedly,Payment Gateway Upgrade
T918,C66669,2026-03-09,Transaction Failed,Low,Purchase failed,Payment Gateway Upgrade
T919,C63815,2026-03-09,Transaction Failed,High,Purchase failed,Payment Gateway Upgrade
T920,C70094,2026-03-09,Payment Failure,Medium,Payment failed during checkout,Payment Gateway Upgrade
T921,C47858,2026-03-09,Checkout Error,Low,Order could not be completed,Payment Gateway Upgrade
T922,C42352,2026-03-09,Payment Failure,Low,Payment failed during checkout,Payment Gateway Upgrade
T923,C60316,2026-03-09,Transaction Failed,Medium,Payment processing error,Payment Gateway Upgrade
T924,C82191,2026-03-09,Transaction Failed,High,Payment processing error,Payment Gateway Upgrade
T925,C45096,2026-03-10,Transaction Failed,Low,Purchase failed,Payment Gateway Upgrade
T926,C19992,2026-03-10,Checkout Error,Low,Checkout page froze,Payment Gateway Upgrade
T927,C27057,2026-03-10,Transaction Failed,Medium,Payment processing error,Payment Gateway Upgrade
T928,C16965,2026-03-10,Transaction Failed,Low,Transaction declined unexpectedly,Payment Gateway Upgrade
T929,C37545,2026-03-10,Payment Failure,Low,Card charged but order not placed,Payment Gateway Upgrade
T930,C34149,2026-03-10,Payment Failure,Medium,Card charged but order not placed,Payment Gateway Upgrade
T931,C85077,2026-03-10,Transaction Failed,Low,Purchase failed,Payment Gateway Upgrade
T932,C90454,2026-03-10,Transaction Failed,Medium,Purchase failed,Payment Gateway Upgrade
T933,C95743,2026-03-10,Checkout Error,Medium,Order could not be completed,Payment Gateway Upgrade
T934,C22413,2026-03-10,Payment Failure,Medium,Payment failed during checkout,Payment Gateway Upgrade
T935,C35518,2026-03-10,Checkout Error,High,Checkout process failed,Payment Gateway Upgrade
T936,C16590,2026-03-10,Transaction Failed,Low,Purchase failed,Payment Gateway Upgrade
T937,C96118,2026-03-10,Transaction Failed,Medium,Purchase failed,Payment Gateway Upgrade
T938,C90422,2026-03-10,Checkout Error,Medium,Checkout page froze,Payment Gateway Upgrade
T939,C45047,2026-03-10,Payment Failure,Medium,Unable to complete transaction,Payment Gateway Upgrade
T940,C30882,2026-03-10,Checkout Error,Medium,Order could not be completed,Payment Gateway Upgrade
T941,C52875,2026-03-10,Payment Failure,Medium,Payment failed during checkout,Payment Gateway Upgrade
T942,C68369,2026-03-10,Checkout Error,Medium,Checkout page froze,Payment Gateway Upgrade
T943,C11157,2026-03-10,Transaction Failed,Medium,Transaction declined unexpectedly,Payment Gateway Upgrade
T944,C42713,2026-03-10,Payment Failure,Low,Payment failed during checkout,Payment Gateway Upgrade
T945,C95103,2026-03-10,Payment Failure,High,Payment failed during checkout,Payment Gateway Upgrade
T946,C67451,2026-03-10,Transaction Failed,High,Purchase failed,Payment Gateway Upgrade
T947,C13690,2026-03-10,Transaction Failed,Medium,Purchase failed,Payment Gateway Upgrade
T948,C19874,2026-03-10,Checkout Error,High,Checkout page froze,Payment Gateway Upgrade
T949,C21645,2026-03-10,Payment Failure,Low,Payment failed during checkout,Payment Gateway Upgrade
T950,C36177,2026-03-10,Payment Failure,Medium,Unable to complete transaction,Payment Gateway Upgrade
T951,C34999,2026-03-10,Transaction Failed,Medium,Transaction declined unexpectedly,Payment Gateway Upgrade
T952,C85092,2026-03-11,Checkout Error,Medium,Order could not be completed,Payment Gateway Upgrade
T953,C70483,2026-03-11,Checkout Error,Medium,Checkout page froze,Payment Gateway Upgrade
T954,C26401,2026-03-11,Transaction Failed,High,Payment processing error,Payment Gateway Upgrade
T955,C79748,2026-03-11,Payment Failure,Medium,Unable to complete transaction,Payment Gateway Upgrade
T956,C70534,2026-03-11,Payment Failure,Medium,Unable to complete transaction,Payment Gateway Upgrade
T957,C18625,2026-03-11,Payment Failure,Low,Unable to complete transaction,Payment Gateway Upgrade
T958,C67392,2026-03-11,Checkout Error,Medium,Checkout page froze,Payment Gateway Upgrade
T959,C32299,2026-03-11,Transaction Failed,High,Purchase failed,Payment Gateway Upgrade
T960,C91650,2026-03-11,Transaction Failed,High,Purchase failed,Payment Gateway Upgrade
T961,C85989,2026-03-11,Transaction Failed,Low,Transaction declined unexpectedly,Payment Gateway Upgrade
T962,C11890,2026-03-11,Checkout Error,High,Order could not be completed,Payment Gateway Upgrade
T963,C46290,2026-03-11,Transaction Failed,Low,Purchase failed,Payment Gateway Upgrade
T964,C87052,2026-03-11,Payment Failure,Low,Payment failed during checkout,Payment Gateway Upgrade
T965,C97563,2026-03-11,Transaction Failed,Medium,Transaction declined unexpectedly,Payment Gateway Upgrade
T966,C10809,2026-03-11,Checkout Error,High,Checkout page froze,Payment Gateway Upgrade
T967,C888,2026-03-11,Payment Failure,Medium,Card charged but order not placed,Payment Gateway Upgrade
T968,C81939,2026-03-11,Checkout Error,Medium,Checkout process failed,Payment Gateway Upgrade
T969,C77790,2026-03-11,Transaction Failed,Low,Payment processing error,Payment Gateway Upgrade
T970,C46164,2026-03-11,Payment Failure,Medium,Payment failed during checkout,Payment Gateway Upgrade
T971,C75278,2026-03-11,Transaction Failed,Medium,Purchase failed,Payment Gateway Upgrade
T972,C22932,2026-03-11,Checkout Error,Low,Checkout page froze,Payment Gateway Upgrade
T973,C51914,2026-03-11,Checkout Error,High,Order could not be completed,Payment Gateway Upgrade
T974,C98506,2026-03-11,Checkout Error,Low,Checkout process failed,Payment Gateway Upgrade
T975,C95557,2026-03-11,Checkout Error,High,Checkout process failed,Payment Gateway Upgrade
T976,C14257,2026-03-11,Payment Failure,Low,Payment failed during checkout,Payment Gateway Upgrade
T977,C59779,2026-03-11,Transaction Failed,Low,Purchase failed,Payment Gateway Upgrade
T978,C41168,2026-03-11,Payment Failure,Medium,Unable to complete transaction,Payment Gateway Upgrade
T979,C97719,2026-03-12,Checkout Error,Low,Checkout process failed,Payment Gateway Upgrade
T980,C30950,2026-03-12,Payment Failure,Low,Unable to complete transaction,Payment Gateway Upgrade
T981,C64620,2026-03-12,Payment Failure,Medium,Card charged but order not placed,Payment Gateway Upgrade
T982,C16194,2026-03-12,Transaction Failed,Low,Purchase failed,Payment Gateway Upgrade
T983,C81731,2026-03-12,Checkout Error,Low,Checkout process failed,Payment Gateway Upgrade
T984,C12361,2026-03-12,Transaction Failed,Medium,Payment processing error,Payment Gateway Upgrade
T985,C36964,2026-03-12,Checkout Error,Low,Checkout page froze,Payment Gateway Upgrade
T986,C40388,2026-03-12,Checkout Error,High,Checkout page froze,Payment Gateway Upgrade
T987,C55562,2026-03-12,Checkout Error,Medium,Checkout page froze,Payment Gateway Upgrade
T988,C2995,2026-03-12,Transaction Failed,High,Payment processing error,Payment Gateway Upgrade
T989,C93028,2026-03-12,Transaction Failed,Medium,Payment processing error,Payment Gateway Upgrade
T990,C41244,2026-03-12,Payment Failure,Medium,Payment failed during checkout,Payment Gateway Upgrade
T991,C82737,2026-03-12,Payment Failure,Medium,Unable to complete transaction,Payment Gateway Upgrade
T992,C77220,2026-03-12,Transaction Failed,Medium,Transaction declined unexpectedly,Payment Gateway Upgrade
T993,C24352,2026-03-12,Checkout Error,Low,Checkout process failed,Payment Gateway Upgrade
T994,C82290,2026-03-12,Checkout Error,Medium,Checkout page froze,Payment Gateway Upgrade
T995,C50932,2026-03-12,Checkout Error,Medium,Order could not be completed,Payment Gateway Upgrade
T996,C94575,2026-03-12,Transaction Failed,Low,Transaction declined unexpectedly,Payment Gateway Upgrade
T997,C90010,2026-03-12,Payment Failure,High,Unable to complete transaction,Payment Gateway Upgrade
T998,C91177,2026-03-12,Payment Failure,Low,Unable to complete transaction,Payment Gateway Upgrade
T999,C90481,2026-03-12,Payment Failure,High,Unable to complete transaction,Payment Gateway Upgrade
T1000,C60129,2026-03-12,Transaction Failed,Low,Purchase failed,Payment Gateway Upgrade
T1001,C5040,2026-03-12,Payment Failure,High,Unable to complete transaction,Payment Gateway Upgrade
T1002,C27587,2026-03-12,Transaction Failed,Low,Transaction declined unexpectedly,Payment Gateway Upgrade
T1003,C67088,2026-03-12,Payment Failure,Low,Unable to complete transaction,Payment Gateway Upgrade
T1004,C66898,2026-03-12,Transaction Failed,High,Payment processing error,Payment Gateway Upgrade
T1005,C43327,2026-03-12,Transaction Failed,Medium,Purchase failed,Payment Gateway Upgrade
T1006,C870,2026-03-12,Checkout Error,Medium,Order could not be completed,Payment Gateway Upgrade
T1007,C96008,2026-03-12,Transaction Failed,Low,Payment processing error,Payment Gateway Upgrade
T1008,C89161,2026-03-12,Checkout Error,Low,Checkout page froze,Payment Gateway Upgrade
T1009,C85948,2026-03-13,Transaction Failed,Low,Transaction declined unexpectedly,Payment Gateway Upgrade
T1010,C86665,2026-03-13,Checkout Error,Low,Checkout page froze,Payment Gateway Upgrade
T1011,C20026,2026-03-13,Transaction Failed,Low,Transaction declined unexpectedly,Payment Gateway Upgrade
T1012,C49832,2026-03-13,Checkout Error,Medium,Checkout process failed,Payment Gateway Upgrade
T1013,C91471,2026-03-13,Transaction Failed,Low,Transaction declined unexpectedly,Payment Gateway Upgrade
T1014,C10752,2026-03-13,Checkout Error,Medium,Order could not be completed,Payment Gateway Upgrade
T1015,C88836,2026-03-13,Payment Failure,Medium,Payment failed during checkout,Payment Gateway Upgrade
T1016,C54123,2026-03-13,Transaction Failed,Medium,Transaction declined unexpectedly,Payment Gateway Upgrade
T1017,C25399,2026-03-13,Transaction Failed,Medium,Transaction declined unexpectedly,Payment Gateway Upgrade
T1018,C56705,2026-03-13,Checkout Error,High,Checkout process failed,Payment Gateway Upgrade
T1019,C35530,2026-03-13,Payment Failure,High,Payment failed during checkout,Payment Gateway Upgrade
T1020,C64451,2026-03-13,Checkout Error,High,Order could not be completed,Payment Gateway Upgrade
T1021,C12357,2026-03-13,Transaction Failed,Low,Purchase failed,Payment Gateway Upgrade
T1022,C3607,2026-03-13,Transaction Failed,Low,Payment processing error,Payment Gateway Upgrade
T1023,C26490,2026-03-13,Payment Failure,High,Unable to complete transaction,Payment Gateway Upgrade
T1024,C2592,2026-03-13,Payment Failure,High,Payment failed during checkout,Payment Gateway Upgrade
T1025,C66737,2026-03-13,Payment Failure,Medium,Card charged but order not placed,Payment Gateway Upgrade
T1026,C23409,2026-03-13,Transaction Failed,Low,Transaction declined unexpectedly,Payment Gateway Upgrade
T1027,C59501,2026-03-13,Payment Failure,Medium,Card charged but order not placed,Payment Gateway Upgrade
T1028,C92790,2026-03-13,Checkout Error,Medium,Checkout page froze,Payment Gateway Upgrade
T1029,C90064,2026-03-13,Transaction Failed,Medium,Transaction declined unexpectedly,Payment Gateway Upgrade
T1030,C51926,2026-03-13,Payment Failure,Low,Unable to complete transaction,Payment Gateway Upgrade
T1031,C93783,2026-03-13,Transaction Failed,Low,Transaction declined unexpectedly,Payment Gateway Upgrade
T1032,C54317,2026-03-13,Checkout Error,Low,Order could not be completed,Payment Gateway Upgrade
T1033,C41606,2026-03-13,Payment Failure,Medium,Card charged but order not placed,Payment Gateway Upgrade
T1034,C78582,2026-03-13,Checkout Error,Low,Checkout process failed,Payment Gateway Upgrade
T1035,C30955,2026-03-13,Payment Failure,Medium,Card charged but order not placed,Payment Gateway Upgrade
T1036,C21114,2026-03-13,Transaction Failed,Low,Payment processing error,Payment Gateway Upgrade
T1037,C46314,2026-03-13,Transaction Failed,Medium,Payment processing error,Payment Gateway Upgrade
T1038,C69167,2026-03-13,Checkout Error,Low,Order could not be completed,Payment Gateway Upgrade
T1039,C44943,2026-03-13,Transaction Failed,Medium,Payment processing error,Payment Gateway Upgrade
T1040,C8329,2026-03-13,Transaction Failed,Medium,Transaction declined unexpectedly,Payment Gateway Upgrade
T1041,C49171,2026-03-13,Checkout Error,Medium,Checkout page froze,Payment Gateway Upgrade
T1042,C91058,2026-03-14,Payment Failure,Low,Payment failed during checkout,Payment Gateway Upgrade
T1043,C1921,2026-03-14,Payment Failure,Medium,Card charged but order not placed,Payment Gateway Upgrade
T1044,C10800,2026-03-14,Transaction Failed,Medium,Transaction declined unexpectedly,Payment Gateway Upgrade
T1045,C37159,2026-03-14,Payment Failure,Low,Payment failed during checkout,Payment Gateway Upgrade
T1046,C61511,2026-03-14,Checkout Error,Low,Checkout page froze,Payment Gateway Upgrade
T1047,C15811,2026-03-14,Checkout Error,Low,Checkout page froze,Payment Gateway Upgrade
T1048,C90933,2026-03-14,Payment Failure,Medium,Unable to complete transaction,Payment Gateway Upgrade
T1049,C39083,2026-03-14,Checkout Error,Low,Checkout page froze,Payment Gateway Upgrade
T1050,C40143,2026-03-14,Payment Failure,High,Unable to complete transaction,Payment Gateway Upgrade
T1051,C30076,2026-03-14,Transaction Failed,High,Payment processing error,Payment Gateway Upgrade
T1052,C51832,2026-03-14,Checkout Error,Medium,Checkout page froze,Payment Gateway Upgrade
T1053,C14672,2026-03-14,Payment Failure,Low,Payment failed during checkout,Payment Gateway Upgrade
T1054,C95431,2026-03-14,Transaction Failed,Medium,Payment processing error,Payment Gateway Upgrade
T1055,C94637,2026-03-14,Transaction Failed,Medium,Purchase failed,Payment Gateway Upgrade
T1056,C43950,2026-03-14,Transaction Failed,Low,Transaction declined unexpectedly,Payment Gateway Upgrade
T1057,C51760,2026-03-14,Checkout Error,Low,Order could not be completed,Payment Gateway Upgrade
T1058,C2764,2026-03-14,Checkout Error,Low,Checkout process failed,Payment Gateway Upgrade
T1059,C76849,2026-03-14,Transaction Failed,Low,Transaction declined unexpectedly,Payment Gateway Upgrade
T1060,C51757,2026-03-14,Checkout Error,High,Checkout page froze,Payment Gateway Upgrade
T1061,C91882,2026-03-14,Payment Failure,Low,Unable to complete transaction,Payment Gateway Upgrade
T1062,C73934,2026-03-14,Transaction Failed,Low,Purchase failed,Payment Gateway Upgrade
T1063,C27198,2026-03-14,Transaction Failed,Low,Purchase failed,Payment Gateway Upgrade
T1064,C8027,2026-03-14,Transaction Failed,Low,Payment processing error,Payment Gateway Upgrade
T1065,C42240,2026-03-14,Checkout Error,Medium,Checkout process failed,Payment Gateway Upgrade
T1066,C55613,2026-03-14,Transaction Failed,Low,Payment processing error,Payment Gateway Upgrade
T1067,C16634,2026-03-14,Payment Failure,Medium,Payment failed during checkout,Payment Gateway Upgrade
T1068,C58848,2026-03-14,Payment Failure,Medium,Card charged but order not placed,Payment Gateway Upgrade
T1069,C63973,2026-03-14,Payment Failure,Low,Unable to complete transaction,Payment Gateway Upgrade
T1070,C86599,2026-03-14,Payment Failure,Medium,Unable to complete transaction,Payment Gateway Upgrade
T1071,C35741,2026-03-14,Transaction Failed,Low,Payment processing error,Payment Gateway Upgrade
T1072,C76675,2026-03-14,Transaction Failed,Medium,Purchase failed,Payment Gateway Upgrade
T1073,C44517,2026-03-14,Checkout Error,Medium,Checkout process failed,Payment Gateway Upgrade
T1074,C84812,2026-03-14,Checkout Error,Medium,Checkout process failed,Payment Gateway Upgrade
T1075,C32822,2026-03-14,Payment Failure,Low,Unable to complete transaction,Payment Gateway Upgrade
T1076,C10626,2026-03-15,Payment Failure,Medium,Unable to complete transaction,Payment Gateway Upgrade
T1077,C21840,2026-03-15,Checkout Error,Low,Order could not be completed,Payment Gateway Upgrade
T1078,C72076,2026-03-15,Checkout Error,Medium,Checkout process failed,Payment Gateway Upgrade
T1079,C7486,2026-03-15,Transaction Failed,Medium,Payment processing error,Payment Gateway Upgrade
T1080,C76281,2026-03-15,Checkout Error,Low,Checkout process failed,Payment Gateway Upgrade
T1081,C93406,2026-03-15,Checkout Error,Low,Order could not be completed,Payment Gateway Upgrade
T1082,C88032,2026-03-15,Checkout Error,Low,Checkout page froze,Payment Gateway Upgrade
T1083,C66459,2026-03-15,Checkout Error,Medium,Checkout process failed,Payment Gateway Upgrade
T1084,C52199,2026-03-15,Checkout Error,Medium,Checkout process failed,Payment Gateway Upgrade
T1085,C37702,2026-03-15,Transaction Failed,Medium,Purchase failed,Payment Gateway Upgrade
T1086,C22868,2026-03-15,Checkout Error,Low,Checkout page froze,Payment Gateway Upgrade
T1087,C66630,2026-03-15,Payment Failure,Medium,Payment failed during checkout,Payment Gateway Upgrade
T1088,C19260,2026-03-15,Transaction Failed,Low,Purchase failed,Payment Gateway Upgrade
T1089,C2104,2026-03-15,Checkout Error,Low,Checkout process failed,Payment Gateway Upgrade
T1090,C78279,2026-03-15,Transaction Failed,High,Transaction declined unexpectedly,Payment Gateway Upgrade
T1091,C97538,2026-03-15,Checkout Error,Medium,Checkout process failed,Payment Gateway Upgrade
T1092,C86909,2026-03-15,Payment Failure,Low,Card charged but order not placed,Payment Gateway Upgrade
T1093,C33725,2026-03-15,Transaction Failed,Medium,Purchase failed,Payment Gateway Upgrade
T1094,C50627,2026-03-15,Payment Failure,High,Card charged but order not placed,Payment Gateway Upgrade
T1095,C28303,2026-03-15,Transaction Failed,Low,Purchase failed,Payment Gateway Upgrade
T1096,C35619,2026-03-15,Payment Failure,Low,Payment failed during checkout,Payment Gateway Upgrade
T1097,C70131,2026-03-15,Transaction Failed,Medium,Transaction declined unexpectedly,Payment Gateway Upgrade
T1098,C94716,2026-03-15,Checkout Error,Medium,Order could not be completed,Payment Gateway Upgrade
T1099,C32934,2026-03-15,Transaction Failed,Low,Payment processing error,Payment Gateway Upgrade
T1100,C17376,2026-03-15,Checkout Error,Low,Checkout page froze,Payment Gateway Upgrade
T1101,C36608,2026-03-15,Transaction Failed,Medium,Purchase failed,Payment Gateway Upgrade
T1102,C46288,2026-03-15,Transaction Failed,Medium,Purchase failed,Payment Gateway Upgrade
T1103,C76313,2026-03-15,Payment Failure,Low,Card charged but order not placed,Payment Gateway Upgrade
T1104,C8211,2026-03-15,Payment Failure,Medium,Unable to complete transaction,Payment Gateway Upgrade
T1105,C39851,2026-03-15,Checkout Error,Medium,Checkout page froze,Payment Gateway Upgrade
T1106,C87960,2026-03-15,Transaction Failed,Low,Purchase failed,Payment Gateway Upgrade
T1107,C68799,2026-03-15,Checkout Error,Low,Order could not be completed,Payment Gateway Upgrade
T1108,C35596,2026-03-15,Transaction Failed,Medium,Transaction declined unexpectedly,Payment Gateway Upgrade
T1109,C79769,2026-03-16,Checkout Error,Medium,Checkout process failed,Payment Gateway Upgrade
T1110,C52114,2026-03-16,Transaction Failed,Low,Transaction declined unexpectedly,Payment Gateway Upgrade
T1111,C72568,2026-03-16,Checkout Error,High,Checkout process failed,Payment Gateway Upgrade
T1112,C36183,2026-03-16,Payment Failure,Medium,Payment failed during checkout,Payment Gateway Upgrade
T1113,C78825,2026-03-16,Transaction Failed,Low,Transaction declined unexpectedly,Payment Gateway Upgrade
T1114,C95041,2026-03-16,Checkout Error,Medium,Order could not be completed,Payment Gateway Upgrade
T1115,C17000,2026-03-16,Payment Failure,Medium,Unable to complete transaction,Payment Gateway Upgrade
T1116,C23471,2026-03-16,Checkout Error,Medium,Checkout process failed,Payment Gateway Upgrade
T1117,C44436,2026-03-16,Checkout Error,Medium,Checkout process failed,Payment Gateway Upgrade
T1118,C72763,2026-03-16,Payment Failure,Medium,Unable to complete transaction,Payment Gateway Upgrade
T1119,C68227,2026-03-16,Checkout Error,Medium,Checkout process failed,Payment Gateway Upgrade
T1120,C19405,2026-03-16,Checkout Error,Medium,Checkout process failed,Payment Gateway Upgrade
T1121,C53028,2026-03-16,Payment Failure,Low,Card charged but order not placed,Payment Gateway Upgrade
T1122,C76950,2026-03-16,Transaction Failed,Medium,Purchase failed,Payment Gateway Upgrade
T1123,C5022,2026-03-16,Payment Failure,High,Card charged but order not placed,Payment Gateway Upgrade
T1124,C78654,2026-03-16,Transaction Failed,Medium,Payment processing error,Payment Gateway Upgrade
T1125,C66799,2026-03-16,Payment Failure,Medium,Unable to complete transaction,Payment Gateway Upgrade
T1126,C88152,2026-03-16,Transaction Failed,High,Transaction declined unexpectedly,Payment Gateway Upgrade
T1127,C94387,2026-03-16,Payment Failure,Low,Unable to complete transaction,Payment Gateway Upgrade
T1128,C46831,2026-03-16,Checkout Error,Medium,Checkout page froze,Payment Gateway Upgrade
T1129,C27231,2026-03-16,Payment Failure,Medium,Unable to complete transaction,Payment Gateway Upgrade
T1130,C5751,2026-03-16,Checkout Error,Low,Order could not be completed,Payment Gateway Upgrade
T1131,C32094,2026-03-16,Payment Failure,Low,Card charged but order not placed,Payment Gateway Upgrade
T1132,C48226,2026-03-16,Checkout Error,Low,Order could not be completed,Payment Gateway Upgrade
T1133,C25339,2026-03-16,Checkout Error,Medium,Checkout process failed,Payment Gateway Upgrade
T1134,C19540,2026-03-17,Checkout Error,High,Order could not be completed,Payment Gateway Upgrade
T1135,C79656,2026-03-17,Checkout Error,Low,Checkout page froze,Payment Gateway Upgrade
T1136,C90222,2026-03-17,Transaction Failed,Medium,Purchase failed,Payment Gateway Upgrade
T1137,C55864,2026-03-17,Payment Failure,Low,Card charged but order not placed,Payment Gateway Upgrade
T1138,C57981,2026-03-17,Transaction Failed,Low,Transaction declined unexpectedly,Payment Gateway Upgrade
T1139,C11350,2026-03-17,Payment Failure,High,Card charged but order not placed,Payment Gateway Upgrade
T1140,C18815,2026-03-17,Checkout Error,High,Checkout process failed,Payment Gateway Upgrade
T1141,C44674,2026-03-17,Transaction Failed,High,Payment processing error,Payment Gateway Upgrade
T1142,C10336,2026-03-17,Transaction Failed,Low,Payment processing error,Payment Gateway Upgrade
T1143,C66984,2026-03-17,Checkout Error,Low,Checkout process failed,Payment Gateway Upgrade
T1144,C38231,2026-03-17,Transaction Failed,Low,Payment processing error,Payment Gateway Upgrade
T1145,C25567,2026-03-17,Transaction Failed,Low,Purchase failed,Payment Gateway Upgrade
T1146,C41186,2026-03-17,Transaction Failed,Medium,Payment processing error,Payment Gateway Upgrade
T1147,C33456,2026-03-17,Payment Failure,Medium,Payment failed during checkout,Payment Gateway Upgrade
T1148,C9487,2026-03-17,Payment Failure,Low,Unable to complete transaction,Payment Gateway Upgrade
T1149,C43857,2026-03-17,Transaction Failed,Medium,Purchase failed,Payment Gateway Upgrade
T1150,C54354,2026-03-17,Checkout Error,Medium,Order could not be completed,Payment Gateway Upgrade
T1151,C36684,2026-03-17,Payment Failure,Medium,Unable to complete transaction,Payment Gateway Upgrade
T1152,C31481,2026-03-17,Transaction Failed,High,Purchase failed,Payment Gateway Upgrade
T1153,C59175,2026-03-17,Checkout Error,Medium,Order could not be completed,Payment Gateway Upgrade
T1154,C35304,2026-03-17,Payment Failure,Low,Card charged but order not placed,Payment Gateway Upgrade
T1155,C66789,2026-03-17,Payment Failure,Medium,Payment failed during checkout,Payment Gateway Upgrade
T1156,C80060,2026-03-17,Payment Failure,Medium,Payment failed during checkout,Payment Gateway Upgrade
T1157,C88060,2026-03-17,Transaction Failed,Medium,Payment processing error,Payment Gateway Upgrade
T1158,C67232,2026-03-17,Payment Failure,Low,Payment failed during checkout,Payment Gateway Upgrade
T1159,C81973,2026-03-17,Transaction Failed,Low,Payment processing error,Payment Gateway Upgrade
T1160,C6902,2026-03-17,Transaction Failed,High,Transaction declined unexpectedly,Payment Gateway Upgrade
T1161,C63910,2026-03-17,Checkout Error,High,Checkout page froze,Payment Gateway Upgrade
T1162,C25806,2026-03-17,Checkout Error,Low,Checkout page froze,Payment Gateway Upgrade
T1163,C14080,2026-03-17,Checkout Error,Low,Order could not be completed,Payment Gateway Upgrade
T1164,C49501,2026-03-17,Payment Failure,Medium,Unable to complete transaction,Payment Gateway Upgrade
T1165,C63401,2026-03-17,Checkout Error,Low,Checkout page froze,Payment Gateway Upgrade
T1166,C11670,2026-03-18,Transaction Failed,Medium,Purchase failed,Payment Gateway Upgrade
T1167,C2986,2026-03-18,Payment Failure,Medium,Unable to complete transaction,Payment Gateway Upgrade
T1168,C42934,2026-03-18,Payment Failure,Low,Payment failed during checkout,Payment Gateway Upgrade
T1169,C51149,2026-03-18,Payment Failure,Low,Unable to complete transaction,Payment Gateway Upgrade
T1170,C71387,2026-03-18,Checkout Error,Low,Checkout process failed,Payment Gateway Upgrade
T1171,C77274,2026-03-18,Checkout Error,Medium,Order could not be completed,Payment Gateway Upgrade
T1172,C91633,2026-03-18,Payment Failure,Medium,Unable to complete transaction,Payment Gateway Upgrade
T1173,C93186,2026-03-18,Payment Failure,Medium,Unable to complete transaction,Payment Gateway Upgrade
T1174,C52510,2026-03-18,Transaction Failed,High,Transaction declined unexpectedly,Payment Gateway Upgrade
T1175,C96494,2026-03-18,Checkout Error,High,Checkout page froze,Payment Gateway Upgrade
T1176,C30677,2026-03-18,Payment Failure,Medium,Unable to complete transaction,Payment Gateway Upgrade
T1177,C93096,2026-03-18,Transaction Failed,Low,Transaction declined unexpectedly,Payment Gateway Upgrade
T1178,C31924,2026-03-18,Transaction Failed,Medium,Transaction declined unexpectedly,Payment Gateway Upgrade
T1179,C47575,2026-03-18,Transaction Failed,Medium,Transaction declined unexpectedly,Payment Gateway Upgrade
T1180,C67385,2026-03-18,Checkout Error,Medium,Checkout page froze,Payment Gateway Upgrade
T1181,C19457,2026-03-18,Checkout Error,Medium,Order could not be completed,Payment Gateway Upgrade
T1182,C69328,2026-03-18,Transaction Failed,Low,Payment processing error,Payment Gateway Upgrade
T1183,C19693,2026-03-18,Transaction Failed,Low,Transaction declined unexpectedly,Payment Gateway Upgrade
T1184,C15550,2026-03-18,Payment Failure,Medium,Unable to complete transaction,Payment Gateway Upgrade
T1185,C16062,2026-03-18,Transaction Failed,Low,Payment processing error,Payment Gateway Upgrade
T1186,C22801,2026-03-18,Transaction Failed,Low,Purchase failed,Payment Gateway Upgrade
T1187,C75477,2026-03-18,Checkout Error,Medium,Checkout page froze,Payment Gateway Upgrade
T1188,C45398,2026-03-18,Transaction Failed,Low,Payment processing error,Payment Gateway Upgrade
T1189,C65728,2026-03-18,Payment Failure,Medium,Payment failed during checkout,Payment Gateway Upgrade
T1190,C86243,2026-03-18,Payment Failure,Medium,Payment failed during checkout,Payment Gateway Upgrade
T1191,C23667,2026-03-18,Payment Failure,Low,Payment failed during checkout,Payment Gateway Upgrade
T1192,C10235,2026-03-18,Transaction Failed,Medium,Purchase failed,Payment Gateway Upgrade
T1193,C1052,2026-03-18,Transaction Failed,High,Payment processing error,Payment Gateway Upgrade
T1194,C56564,2026-03-18,Transaction Failed,Medium,Transaction declined unexpectedly,Payment Gateway Upgrade
T1195,C77476,2026-03-18,Checkout Error,High,Checkout page froze,Payment Gateway Upgrade
T1196,C35945,2026-03-18,Checkout Error,Low,Checkout page froze,Payment Gateway Upgrade
T1197,C87226,2026-03-18,Checkout Error,Low,Order could not be completed,Payment Gateway Upgrade
T1198,C70428,2026-03-18,Checkout Error,Low,Order could not be completed,Payment Gateway Upgrade
T1199,C55756,2026-03-18,Checkout Error,Low,Checkout page froze,Payment Gateway Upgrade
T1200,C61577,2026-03-19,Checkout Error,Low,Order could not be completed,Payment Gateway Upgrade
T1201,C76525,2026-03-19,Transaction Failed,Medium,Purchase failed,Payment Gateway Upgrade
T1202,C66810,2026-03-19,Checkout Error,Low,Order could not be completed,Payment Gateway Upgrade
T1203,C50249,2026-03-19,Checkout Error,Medium,Checkout process failed,Payment Gateway Upgrade
T1204,C8003,2026-03-19,Checkout Error,Low,Order could not be completed,Payment Gateway Upgrade
T1205,C19739,2026-03-19,Transaction Failed,Low,Payment processing error,Payment Gateway Upgrade
T1206,C61900,2026-03-19,Transaction Failed,High,Purchase failed,Payment Gateway Upgrade
T1207,C6306,2026-03-19,Checkout Error,High,Order could not be completed,Payment Gateway Upgrade
T1208,C20567,2026-03-19,Checkout Error,Low,Order could not be completed,Payment Gateway Upgrade
T1209,C26178,2026-03-19,Payment Failure,Low,Card charged but order not placed,Payment Gateway Upgrade
T1210,C29524,2026-03-19,Checkout Error,High,Checkout page froze,Payment Gateway Upgrade
T1211,C6590,2026-03-19,Checkout Error,Medium,Checkout page froze,Payment Gateway Upgrade
T1212,C93327,2026-03-19,Checkout Error,High,Checkout page froze,Payment Gateway Upgrade
T1213,C25902,2026-03-19,Checkout Error,Medium,Order could not be completed,Payment Gateway Upgrade
T1214,C16261,2026-03-19,Payment Failure,Low,Card charged but order not placed,Payment Gateway Upgrade
T1215,C41431,2026-03-19,Transaction Failed,Medium,Purchase failed,Payment Gateway Upgrade
T1216,C13027,2026-03-19,Checkout Error,Medium,Checkout page froze,Payment Gateway Upgrade
T1217,C56562,2026-03-19,Transaction Failed,Medium,Purchase failed,Payment Gateway Upgrade
T1218,C4299,2026-03-19,Payment Failure,High,Unable to complete transaction,Payment Gateway Upgrade
T1219,C60653,2026-03-19,Payment Failure,Low,Card charged but order not placed,Payment Gateway Upgrade
T1220,C34029,2026-03-19,Payment Failure,Medium,Unable to complete transaction,Payment Gateway Upgrade
T1221,C30267,2026-03-19,Payment Failure,Medium,Payment failed during checkout,Payment Gateway Upgrade
T1222,C5899,2026-03-19,Payment Failure,Medium,Unable to complete transaction,Payment Gateway Upgrade
T1223,C10957,2026-03-19,Transaction Failed,Medium,Payment processing error,Payment Gateway Upgrade
T1224,C62902,2026-03-19,Transaction Failed,Medium,Transaction declined unexpectedly,Payment Gateway Upgrade
T1225,C41575,2026-03-19,Checkout Error,High,Checkout page froze,Payment Gateway Upgrade
T1226,C94882,2026-03-19,Payment Failure,Low,Unable to complete transaction,Payment Gateway Upgrade
T1227,C54711,2026-03-19,Payment Failure,Low,Payment failed during checkout,Payment Gateway Upgrade
T1228,C29433,2026-03-20,Payment Failure,Medium,Payment failed during checkout,Payment Gateway Upgrade
T1229,C20885,2026-03-20,Checkout Error,Medium,Checkout process failed,Payment Gateway Upgrade
T1230,C43619,2026-03-20,Checkout Error,Low,Checkout process failed,Payment Gateway Upgrade
T1231,C59994,2026-03-20,Checkout Error,Low,Order could not be completed,Payment Gateway Upgrade
T1232,C66126,2026-03-20,Checkout Error,High,Checkout page froze,Payment Gateway Upgrade
T1233,C42223,2026-03-20,Transaction Failed,Low,Payment processing error,Payment Gateway Upgrade
T1234,C52733,2026-03-20,Transaction Failed,Low,Payment processing error,Payment Gateway Upgrade
T1235,C9461,2026-03-20,Payment Failure,Low,Unable to complete transaction,Payment Gateway Upgrade
T1236,C13270,2026-03-20,Checkout Error,Low,Checkout page froze,Payment Gateway Upgrade
T1237,C22554,2026-03-20,Transaction Failed,High,Transaction declined unexpectedly,Payment Gateway Upgrade
T1238,C68155,2026-03-20,Checkout Error,Medium,Checkout process failed,Payment Gateway Upgrade
T1239,C5369,2026-03-20,Checkout Error,Medium,Checkout page froze,Payment Gateway Upgrade
T1240,C14720,2026-03-20,Payment Failure,Low,Unable to complete transaction,Payment Gateway Upgrade
T1241,C53823,2026-03-20,Transaction Failed,High,Purchase failed,Payment Gateway Upgrade
T1242,C51619,2026-03-20,Transaction Failed,Low,Transaction declined unexpectedly,Payment Gateway Upgrade
T1243,C10284,2026-03-20,Transaction Failed,High,Payment processing error,Payment Gateway Upgrade
T1244,C61585,2026-03-20,Payment Failure,High,Payment failed during checkout,Payment Gateway Upgrade
T1245,C37664,2026-03-20,Checkout Error,Medium,Checkout page froze,Payment Gateway Upgrade
T1246,C9344,2026-03-20,Checkout Error,Medium,Checkout process failed,Payment Gateway Upgrade
T1247,C47102,2026-03-20,Transaction Failed,Low,Purchase failed,Payment Gateway Upgrade
T1248,C13700,2026-03-20,Transaction Failed,Medium,Payment processing error,Payment Gateway Upgrade
T1249,C13599,2026-03-20,Payment Failure,Low,Card charged but order not placed,Payment Gateway Upgrade
T1250,C59551,2026-03-20,Transaction Failed,High,Purchase failed,Payment Gateway Upgrade
T1251,C53000,2026-03-20,Payment Failure,Low,Card charged but order not placed,Payment Gateway Upgrade
T1252,C33770,2026-03-20,Transaction Failed,Low,Purchase failed,Payment Gateway Upgrade
T1253,C75210,2026-03-20,Transaction Failed,Low,Payment processing error,Payment Gateway Upgrade
T1254,C81781,2026-03-20,Checkout Error,Medium,Checkout page froze,Payment Gateway Upgrade
T1255,C40318,2026-03-20,Checkout Error,Low,Order could not be completed,Payment Gateway Upgrade
T1256,C57222,2026-03-20,Payment Failure,High,Card charged but order not placed,Payment Gateway Upgrade
T1257,C39532,2026-03-20,Payment Failure,Low,Card charged but order not placed,Payment Gateway Upgrade
T1258,C41248,2026-03-20,Transaction Failed,Medium,Payment processing error,Payment Gateway Upgrade
T1259,C4553,2026-03-20,Transaction Failed,Low,Payment processing error,Payment Gateway Upgrade
T1260,C78271,2026-03-20,Checkout Error,Low,Order could not be completed,Payment Gateway Upgrade
T1261,C95633,2026-03-20,Transaction Failed,Medium,Purchase failed,Payment Gateway Upgrade
T1262,C33577,2026-03-20,Transaction Failed,Low,Transaction declined unexpectedly,Payment Gateway Upgrade
T1263,C93475,2026-03-20,Checkout Error,High,Checkout process failed,Payment Gateway Upgrade
T1264,C27387,2026-03-20,Checkout Error,Medium,Order could not be completed,Payment Gateway Upgrade
T1265,C62994,2026-03-20,Payment Failure,Low,Unable to complete transaction,Payment Gateway Upgrade
T1266,C1815,2026-03-20,Payment Failure,Low,Payment failed during checkout,Payment Gateway Upgrade
T1267,C35700,2026-03-21,Payment Failure,Medium,Unable to complete transaction,Payment Gateway Upgrade
T1268,C35740,2026-03-21,Checkout Error,Low,Checkout page froze,Payment Gateway Upgrade
T1269,C1610,2026-03-21,Transaction Failed,High,Transaction declined unexpectedly,Payment Gateway Upgrade
T1270,C30010,2026-03-21,Payment Failure,Low,Card charged but order not placed,Payment Gateway Upgrade
T1271,C99353,2026-03-21,Transaction Failed,Medium,Transaction declined unexpectedly,Payment Gateway Upgrade
T1272,C75875,2026-03-21,Checkout Error,Low,Checkout process failed,Payment Gateway Upgrade
T1273,C40150,2026-03-21,Payment Failure,High,Payment failed during checkout,Payment Gateway Upgrade
T1274,C68478,2026-03-21,Transaction Failed,High,Transaction declined unexpectedly,Payment Gateway Upgrade
T1275,C25554,2026-03-21,Payment Failure,Low,Card charged but order not placed,Payment Gateway Upgrade
T1276,C55027,2026-03-21,Transaction Failed,Low,Transaction declined unexpectedly,Payment Gateway Upgrade
T1277,C1882,2026-03-21,Payment Failure,High,Unable to complete transaction,Payment Gateway Upgrade
T1278,C25007,2026-03-21,Payment Failure,Low,Unable to complete transaction,Payment Gateway Upgrade
T1279,C96132,2026-03-21,Checkout Error,High,Checkout page froze,Payment Gateway Upgrade
T1280,C4923,2026-03-21,Checkout Error,Medium,Checkout process failed,Payment Gateway Upgrade
T1281,C79944,2026-03-21,Transaction Failed,High,Purchase failed,Payment Gateway Upgrade
T1282,C12206,2026-03-21,Transaction Failed,Low,Purchase failed,Payment Gateway Upgrade
T1283,C28203,2026-03-21,Payment Failure,High,Card charged but order not placed,Payment Gateway Upgrade
T1284,C20856,2026-03-21,Payment Failure,Low,Payment failed during checkout,Payment Gateway Upgrade
T1285,C52004,2026-03-21,Payment Failure,Medium,Card charged but order not placed,Payment Gateway Upgrade
T1286,C94284,2026-03-21,Payment Failure,Low,Unable to complete transaction,Payment Gateway Upgrade
T1287,C66631,2026-03-21,Transaction Failed,Low,Payment processing error,Payment Gateway Upgrade
T1288,C88861,2026-03-21,Payment Failure,Low,Payment failed during checkout,Payment Gateway Upgrade
T1289,C89875,2026-03-21,Transaction Failed,Low,Payment processing error,Payment Gateway Upgrade
T1290,C23863,2026-03-21,Payment Failure,Low,Payment failed during checkout,Payment Gateway Upgrade
T1291,C4927,2026-03-21,Payment Failure,Low,Card charged but order not placed,Payment Gateway Upgrade
T1292,C39877,2026-03-21,Checkout Error,High,Checkout process failed,Payment Gateway Upgrade
T1293,C34579,2026-03-21,Checkout Error,Medium,Checkout page froze,Payment Gateway Upgrade
T1294,C83830,2026-03-21,Payment Failure,Low,Unable to complete transaction,Payment Gateway Upgrade
T1295,C66468,2026-03-21,Checkout Error,Low,Order could not be completed,Payment Gateway Upgrade
T1296,C13862,2026-03-21,Transaction Failed,Low,Purchase failed,Payment Gateway Upgrade
T1297,C63929,2026-03-21,Transaction Failed,Low,Purchase failed,Payment Gateway Upgrade
T1298,C28165,2026-03-21,Checkout Error,Low,Checkout process failed,Payment Gateway Upgrade
T1299,C3749,2026-03-21,Checkout Error,Low,Order could not be completed,Payment Gateway Upgrade
T1300,C96845,2026-03-21,Payment Failure,High,Card charged but order not placed,Payment Gateway Upgrade
T1301,C75911,2026-03-21,Checkout Error,Low,Order could not be completed,Payment Gateway Upgrade
T1302,C77987,2026-03-21,Checkout Error,Medium,Checkout process failed,Payment Gateway Upgrade
T1303,C46419,2026-03-21,Payment Failure,High,Unable to complete transaction,Payment Gateway Upgrade
T1304,C1162,2026-03-21,Checkout Error,Medium,Order could not be completed,Payment Gateway Upgrade
T1305,C14759,2026-03-21,Payment Failure,High,Card charged but order not placed,Payment Gateway Upgrade
T1306,C33655,2026-03-22,Payment Failure,Low,Unable to complete transaction,Payment Gateway Upgrade
T1307,C44911,2026-03-22,Transaction Failed,High,Payment processing error,Payment Gateway Upgrade
T1308,C89313,2026-03-22,Transaction Failed,Medium,Transaction declined unexpectedly,Payment Gateway Upgrade
T1309,C94172,2026-03-22,Payment Failure,Medium,Unable to complete transaction,Payment Gateway Upgrade
T1310,C95850,2026-03-22,Transaction Failed,High,Payment processing error,Payment Gateway Upgrade
T1311,C85963,2026-03-22,Transaction Failed,High,Payment processing error,Payment Gateway Upgrade
T1312,C40131,2026-03-22,Transaction Failed,Low,Purchase failed,Payment Gateway Upgrade
T1313,C15217,2026-03-22,Checkout Error,High,Order could not be completed,Payment Gateway Upgrade
T1314,C48444,2026-03-22,Payment Failure,Low,Card charged but order not placed,Payment Gateway Upgrade
T1315,C62560,2026-03-22,Checkout Error,Low,Checkout page froze,Payment Gateway Upgrade
T1316,C33784,2026-03-22,Checkout Error,Medium,Checkout page froze,Payment Gateway Upgrade
T1317,C29093,2026-03-22,Checkout Error,Medium,Order could not be completed,Payment Gateway Upgrade
T1318,C86484,2026-03-22,Payment Failure,Medium,Card charged but order not placed,Payment Gateway Upgrade
T1319,C94544,2026-03-22,Transaction Failed,Low,Transaction declined unexpectedly,Payment Gateway Upgrade
T1320,C5544,2026-03-22,Checkout Error,Low,Checkout page froze,Payment Gateway Upgrade
T1321,C90634,2026-03-22,Checkout Error,Low,Checkout page froze,Payment Gateway Upgrade
T1322,C86594,2026-03-22,Checkout Error,Medium,Order could not be completed,Payment Gateway Upgrade
T1323,C83330,2026-03-22,Checkout Error,Medium,Order could not be completed,Payment Gateway Upgrade
T1324,C7453,2026-03-22,Checkout Error,High,Checkout process failed,Payment Gateway Upgrade
T1325,C16664,2026-03-22,Payment Failure,Low,Payment failed during checkout,Payment Gateway Upgrade
T1326,C30565,2026-03-22,Checkout Error,Medium,Checkout process failed,Payment Gateway Upgrade
T1327,C5248,2026-03-22,Checkout Error,High,Checkout process failed,Payment Gateway Upgrade
T1328,C79268,2026-03-22,Checkout Error,Medium,Checkout process failed,Payment Gateway Upgrade
T1329,C53688,2026-03-22,Transaction Failed,Medium,Transaction declined unexpectedly,Payment Gateway Upgrade
T1330,C28836,2026-03-22,Payment Failure,Medium,Payment failed during checkout,Payment Gateway Upgrade
T1331,C17047,2026-03-22,Checkout Error,Low,Order could not be completed,Payment Gateway Upgrade
T1332,C5061,2026-03-22,Transaction Failed,Medium,Purchase failed,Payment Gateway Upgrade
T1333,C61159,2026-03-22,Transaction Failed,Low,Payment processing error,Payment Gateway Upgrade
T1334,C72685,2026-03-22,Checkout Error,High,Checkout page froze,Payment Gateway Upgrade
T1335,C85550,2026-03-22,Payment Failure,Low,Unable to complete transaction,Payment Gateway Upgrade
T1336,C30006,2026-03-22,Payment Failure,High,Payment failed during checkout,Payment Gateway Upgrade
T1337,C43117,2026-03-22,Checkout Error,High,Checkout page froze,Payment Gateway Upgrade
T1338,C865,2026-03-23,Transaction Failed,Low,Payment processing error,Payment Gateway Upgrade
T1339,C20956,2026-03-23,Transaction Failed,Low,Transaction declined unexpectedly,Payment Gateway Upgrade
T1340,C69591,2026-03-23,Checkout Error,High,Checkout process failed,Payment Gateway Upgrade
T1341,C43299,2026-03-23,Payment Failure,High,Unable to complete transaction,Payment Gateway Upgrade
T1342,C9727,2026-03-23,Payment Failure,Medium,Card charged but order not placed,Payment Gateway Upgrade
T1343,C79789,2026-03-23,Checkout Error,High,Checkout process failed,Payment Gateway Upgrade
T1344,C30792,2026-03-23,Transaction Failed,Low,Transaction declined unexpectedly,Payment Gateway Upgrade
T1345,C47015,2026-03-23,Transaction Failed,High,Purchase failed,Payment Gateway Upgrade
T1346,C14390,2026-03-23,Transaction Failed,High,Transaction declined unexpectedly,Payment Gateway Upgrade
T1347,C34755,2026-03-23,Transaction Failed,High,Payment processing error,Payment Gateway Upgrade
T1348,C81007,2026-03-23,Checkout Error,Low,Checkout page froze,Payment Gateway Upgrade
T1349,C7494,2026-03-23,Checkout Error,Medium,Checkout page froze,Payment Gateway Upgrade
T1350,C47235,2026-03-23,Transaction Failed,Medium,Transaction declined unexpectedly,Payment Gateway Upgrade
T1351,C7372,2026-03-23,Payment Failure,Medium,Unable to complete transaction,Payment Gateway Upgrade
T1352,C16627,2026-03-23,Payment Failure,Medium,Unable to complete transaction,Payment Gateway Upgrade
T1353,C6829,2026-03-23,Checkout Error,Medium,Order could not be completed,Payment Gateway Upgrade
T1354,C17884,2026-03-23,Payment Failure,Medium,Payment failed during checkout,Payment Gateway Upgrade
T1355,C61270,2026-03-23,Payment Failure,Low,Payment failed during checkout,Payment Gateway Upgrade
T1356,C52976,2026-03-23,Checkout Error,Low,Checkout process failed,Payment Gateway Upgrade
T1357,C56397,2026-03-23,Transaction Failed,Medium,Purchase failed,Payment Gateway Upgrade
T1358,C39347,2026-03-23,Transaction Failed,Medium,Purchase failed,Payment Gateway Upgrade
T1359,C28622,2026-03-23,Transaction Failed,Low,Purchase failed,Payment Gateway Upgrade
T1360,C81419,2026-03-23,Checkout Error,Low,Order could not be completed,Payment Gateway Upgrade
T1361,C42432,2026-03-23,Transaction Failed,Low,Purchase failed,Payment Gateway Upgrade
T1362,C90026,2026-03-23,Checkout Error,Low,Checkout page froze,Payment Gateway Upgrade
T1363,C30772,2026-03-23,Transaction Failed,Medium,Purchase failed,Payment Gateway Upgrade
T1364,C88423,2026-03-23,Transaction Failed,Medium,Purchase failed,Payment Gateway Upgrade
T1365,C1894,2026-03-23,Payment Failure,Medium,Card charged but order not placed,Payment Gateway Upgrade
T1366,C99957,2026-03-23,Transaction Failed,Medium,Purchase failed,Payment Gateway Upgrade
T1367,C91405,2026-03-23,Payment Failure,Medium,Payment failed during checkout,Payment Gateway Upgrade
T1368,C98233,2026-03-23,Checkout Error,High,Checkout process failed,Payment Gateway Upgrade
T1369,C79879,2026-03-23,Transaction Failed,Medium,Transaction declined unexpectedly,Payment Gateway Upgrade
T1370,C27053,2026-03-24,Checkout Error,Low,Checkout page froze,Payment Gateway Upgrade
T1371,C57657,2026-03-24,Transaction Failed,Low,Purchase failed,Payment Gateway Upgrade
T1372,C46547,2026-03-24,Checkout Error,Low,Checkout page froze,Payment Gateway Upgrade
T1373,C36387,2026-03-24,Checkout Error,Medium,Checkout process failed,Payment Gateway Upgrade
T1374,C78544,2026-03-24,Payment Failure,Low,Unable to complete transaction,Payment Gateway Upgrade
T1375,C14415,2026-03-24,Payment Failure,Medium,Payment failed during checkout,Payment Gateway Upgrade
T1376,C14694,2026-03-24,Payment Failure,Low,Unable to complete transaction,Payment Gateway Upgrade
T1377,C72256,2026-03-24,Transaction Failed,Medium,Transaction declined unexpectedly,Payment Gateway Upgrade
T1378,C11351,2026-03-24,Checkout Error,Medium,Checkout process failed,Payment Gateway Upgrade
T1379,C42833,2026-03-24,Transaction Failed,High,Payment processing error,Payment Gateway Upgrade
T1380,C83385,2026-03-24,Payment Failure,Medium,Card charged but order not placed,Payment Gateway Upgrade
T1381,C13030,2026-03-24,Payment Failure,High,Card charged but order not placed,Payment Gateway Upgrade
T1382,C5868,2026-03-24,Payment Failure,Low,Payment failed during checkout,Payment Gateway Upgrade
T1383,C17028,2026-03-24,Checkout Error,Low,Checkout page froze,Payment Gateway Upgrade
T1384,C10311,2026-03-24,Checkout Error,Medium,Checkout page froze,Payment Gateway Upgrade
T1385,C69923,2026-03-24,Payment Failure,Low,Payment failed during checkout,Payment Gateway Upgrade
T1386,C8948,2026-03-24,Transaction Failed,Low,Payment processing error,Payment Gateway Upgrade
T1387,C61817,2026-03-24,Transaction Failed,Low,Payment processing error,Payment Gateway Upgrade
T1388,C74287,2026-03-24,Payment Failure,High,Unable to complete transaction,Payment Gateway Upgrade
T1389,C79377,2026-03-24,Transaction Failed,Medium,Transaction declined unexpectedly,Payment Gateway Upgrade
T1390,C24496,2026-03-24,Checkout Error,Medium,Checkout process failed,Payment Gateway Upgrade
T1391,C34070,2026-03-24,Checkout Error,Medium,Checkout process failed,Payment Gateway Upgrade
T1392,C693,2026-03-24,Checkout Error,Low,Checkout process failed,Payment Gateway Upgrade
T1393,C43391,2026-03-24,Payment Failure,High,Payment failed during checkout,Payment Gateway Upgrade
T1394,C6534,2026-03-24,Transaction Failed,Medium,Payment processing error,Payment Gateway Upgrade
T1395,C74853,2026-03-24,Checkout Error,Medium,Order could not be completed,Payment Gateway Upgrade
T1396,C40697,2026-03-24,Checkout Error,High,Checkout page froze,Payment Gateway Upgrade
T1397,C26124,2026-03-24,Checkout Error,High,Checkout page froze,Payment Gateway Upgrade
T1398,C33673,2026-03-24,Transaction Failed,High,Purchase failed,Payment Gateway Upgrade
T1399,C1185,2026-03-24,Transaction Failed,Medium,Transaction declined unexpectedly,Payment Gateway Upgrade
T1400,C22196,2026-03-24,Payment Failure,Low,Unable to complete transaction,Payment Gateway Upgrade
T1401,C18691,2026-03-24,Checkout Error,Low,Checkout process failed,Payment Gateway Upgrade
T1402,C91322,2026-03-24,Checkout Error,Medium,Checkout process failed,Payment Gateway Upgrade
T1403,C96634,2026-03-24,Transaction Failed,Medium,Purchase failed,Payment Gateway Upgrade
T1404,C27844,2026-03-24,Transaction Failed,Low,Payment processing error,Payment Gateway Upgrade
T1405,C17858,2026-03-24,Payment Failure,High,Card charged but order not placed,Payment Gateway Upgrade
T1406,C93369,2026-03-25,Payment Failure,Low,Unable to complete transaction,Payment Gateway Upgrade
T1407,C28558,2026-03-25,Transaction Failed,Low,Purchase failed,Payment Gateway Upgrade
T1408,C12721,2026-03-25,Transaction Failed,Medium,Purchase failed,Payment Gateway Upgrade
T1409,C72096,2026-03-25,Payment Failure,High,Card charged but order not placed,Payment Gateway Upgrade
T1410,C35893,2026-03-25,Payment Failure,Medium,Card charged but order not placed,Payment Gateway Upgrade
T1411,C77607,2026-03-25,Checkout Error,Low,Order could not be completed,Payment Gateway Upgrade
T1412,C51323,2026-03-25,Transaction Failed,Low,Transaction declined unexpectedly,Payment Gateway Upgrade
T1413,C90141,2026-03-25,Transaction Failed,Low,Payment processing error,Payment Gateway Upgrade
T1414,C36134,2026-03-25,Checkout Error,Medium,Order could not be completed,Payment Gateway Upgrade
T1415,C9096,2026-03-25,Transaction Failed,Low,Purchase failed,Payment Gateway Upgrade
T1416,C87940,2026-03-25,Checkout Error,Low,Order could not be completed,Payment Gateway Upgrade
T1417,C29832,2026-03-25,Transaction Failed,Medium,Transaction declined unexpectedly,Payment Gateway Upgrade
T1418,C52720,2026-03-25,Payment Failure,Low,Unable to complete transaction,Payment Gateway Upgrade
T1419,C65525,2026-03-25,Checkout Error,Low,Checkout page froze,Payment Gateway Upgrade
T1420,C53474,2026-03-25,Transaction Failed,Low,Purchase failed,Payment Gateway Upgrade
T1421,C91564,2026-03-25,Payment Failure,Low,Payment failed during checkout,Payment Gateway Upgrade
T1422,C52152,2026-03-25,Transaction Failed,Medium,Payment processing error,Payment Gateway Upgrade
T1423,C93649,2026-03-25,Checkout Error,Medium,Checkout page froze,Payment Gateway Upgrade
T1424,C68473,2026-03-25,Checkout Error,Low,Checkout process failed,Payment Gateway Upgrade
T1425,C26027,2026-03-25,Checkout Error,Low,Order could not be completed,Payment Gateway Upgrade
T1426,C65067,2026-03-25,Checkout Error,Medium,Checkout page froze,Payment Gateway Upgrade
T1427,C28092,2026-03-25,Checkout Error,Low,Order could not be completed,Payment Gateway Upgrade
T1428,C46752,2026-03-25,Transaction Failed,Medium,Purchase failed,Payment Gateway Upgrade
T1429,C62713,2026-03-25,Payment Failure,Low,Card charged but order not placed,Payment Gateway Upgrade
T1430,C79824,2026-03-25,Transaction Failed,High,Payment processing error,Payment Gateway Upgrade
T1431,C92589,2026-03-25,Transaction Failed,Low,Payment processing error,Payment Gateway Upgrade
T1432,C25426,2026-03-25,Payment Failure,Medium,Card charged but order not placed,Payment Gateway Upgrade
T1433,C97650,2026-03-25,Checkout Error,Low,Checkout process failed,Payment Gateway Upgrade
T1434,C95346,2026-03-25,Transaction Failed,Medium,Transaction declined unexpectedly,Payment Gateway Upgrade
T1435,C21651,2026-03-25,Transaction Failed,High,Purchase failed,Payment Gateway Upgrade
T1436,C39662,2026-03-25,Payment Failure,High,Card charged but order not placed,Payment Gateway Upgrade
T1437,C45761,2026-03-25,Payment Failure,Medium,Payment failed during checkout,Payment Gateway Upgrade
T1438,C61079,2026-03-25,Transaction Failed,Low,Payment processing error,Payment Gateway Upgrade
T1439,C55372,2026-03-25,Transaction Failed,Medium,Payment processing error,Payment Gateway Upgrade
T1440,C2963,2026-03-26,Transaction Failed,Medium,Transaction declined unexpectedly,Payment Gateway Upgrade
T1441,C70833,2026-03-26,Payment Failure,High,Card charged but order not placed,Payment Gateway Upgrade
T1442,C98431,2026-03-26,Transaction Failed,Medium,Payment processing error,Payment Gateway Upgrade
T1443,C81534,2026-03-26,Checkout Error,Medium,Checkout page froze,Payment Gateway Upgrade
T1444,C88604,2026-03-26,Checkout Error,Medium,Checkout process failed,Payment Gateway Upgrade
T1445,C2888,2026-03-26,Payment Failure,Low,Card charged but order not placed,Payment Gateway Upgrade
T1446,C2842,2026-03-26,Transaction Failed,High,Payment processing error,Payment Gateway Upgrade
T1447,C10305,2026-03-26,Payment Failure,Low,Payment failed during checkout,Payment Gateway Upgrade
T1448,C31659,2026-03-26,Transaction Failed,Medium,Purchase failed,Payment Gateway Upgrade
T1449,C491,2026-03-26,Checkout Error,Low,Checkout page froze,Payment Gateway Upgrade
T1450,C83861,2026-03-26,Transaction Failed,Medium,Transaction declined unexpectedly,Payment Gateway Upgrade
T1451,C21293,2026-03-26,Transaction Failed,Low,Purchase failed,Payment Gateway Upgrade
T1452,C94888,2026-03-26,Transaction Failed,Low,Purchase failed,Payment Gateway Upgrade
T1453,C46512,2026-03-26,Transaction Failed,Medium,Payment processing error,Payment Gateway Upgrade
T1454,C29321,2026-03-26,Checkout Error,Medium,Order could not be completed,Payment Gateway Upgrade
T1455,C68117,2026-03-26,Payment Failure,Medium,Unable to complete transaction,Payment Gateway Upgrade
T1456,C76977,2026-03-26,Payment Failure,Low,Payment failed during checkout,Payment Gateway Upgrade
T1457,C6773,2026-03-26,Payment Failure,Low,Card charged but order not placed,Payment Gateway Upgrade
T1458,C30233,2026-03-26,Payment Failure,Low,Card charged but order not placed,Payment Gateway Upgrade
T1459,C51449,2026-03-26,Payment Failure,Low,Card charged but order not placed,Payment Gateway Upgrade
T1460,C83598,2026-03-26,Checkout Error,Low,Checkout page froze,Payment Gateway Upgrade
T1461,C1379,2026-03-26,Transaction Failed,Low,Purchase failed,Payment Gateway Upgrade
T1462,C59252,2026-03-26,Transaction Failed,Medium,Payment processing error,Payment Gateway Upgrade
T1463,C22500,2026-03-26,Payment Failure,Low,Unable to complete transaction,Payment Gateway Upgrade
T1464,C85474,2026-03-26,Payment Failure,High,Card charged but order not placed,Payment Gateway Upgrade
T1465,C46995,2026-03-26,Checkout Error,High,Checkout page froze,Payment Gateway Upgrade
T1466,C71155,2026-03-26,Payment Failure,Low,Card charged but order not placed,Payment Gateway Upgrade
T1467,C37345,2026-03-26,Checkout Error,Low,Order could not be completed,Payment Gateway Upgrade
T1468,C81442,2026-03-26,Transaction Failed,Medium,Payment processing error,Payment Gateway Upgrade
T1469,C71290,2026-03-26,Payment Failure,Low,Card charged but order not placed,Payment Gateway Upgrade
T1470,C84519,2026-03-26,Payment Failure,Medium,Unable to complete transaction,Payment Gateway Upgrade
T1471,C23284,2026-03-26,Checkout Error,Medium,Checkout process failed,Payment Gateway Upgrade
T1472,C49631,2026-03-26,Payment Failure,Low,Payment failed during checkout,Payment Gateway Upgrade
T1473,C46217,2026-03-26,Transaction Failed,Low,Transaction declined unexpectedly,Payment Gateway Upgrade
T1474,C24163,2026-03-26,Payment Failure,Medium,Unable to complete transaction,Payment Gateway Upgrade
T1475,C3333,2026-03-26,Payment Failure,Medium,Unable to complete transaction,Payment Gateway Upgrade
T1476,C35341,2026-03-27,Checkout Error,Low,Checkout page froze,Payment Gateway Upgrade
T1477,C87135,2026-03-27,Payment Failure,Low,Card charged but order not placed,Payment Gateway Upgrade
T1478,C7534,2026-03-27,Transaction Failed,Low,Purchase failed,Payment Gateway Upgrade
T1479,C59659,2026-03-27,Checkout Error,Low,Checkout page froze,Payment Gateway Upgrade
T1480,C49037,2026-03-27,Payment Failure,Low,Card charged but order not placed,Payment Gateway Upgrade
T1481,C95306,2026-03-27,Payment Failure,High,Payment failed during checkout,Payment Gateway Upgrade
T1482,C27778,2026-03-27,Payment Failure,Medium,Unable to complete transaction,Payment Gateway Upgrade
T1483,C59200,2026-03-27,Transaction Failed,Medium,Purchase failed,Payment Gateway Upgrade
T1484,C44238,2026-03-27,Transaction Failed,Low,Transaction declined unexpectedly,Payment Gateway Upgrade
T1485,C17119,2026-03-27,Payment Failure,Medium,Unable to complete transaction,Payment Gateway Upgrade
T1486,C45265,2026-03-27,Checkout Error,Low,Order could not be completed,Payment Gateway Upgrade
T1487,C95866,2026-03-27,Payment Failure,Medium,Payment failed during checkout,Payment Gateway Upgrade
T1488,C1606,2026-03-27,Checkout Error,Low,Order could not be completed,Payment Gateway Upgrade
T1489,C32331,2026-03-27,Transaction Failed,Medium,Payment processing error,Payment Gateway Upgrade
T1490,C91963,2026-03-27,Payment Failure,Low,Unable to complete transaction,Payment Gateway Upgrade
T1491,C19774,2026-03-27,Checkout Error,Medium,Order could not be completed,Payment Gateway Upgrade
T1492,C1516,2026-03-27,Payment Failure,High,Unable to complete transaction,Payment Gateway Upgrade
T1493,C56241,2026-03-27,Transaction Failed,Medium,Payment processing error,Payment Gateway Upgrade
T1494,C31187,2026-03-27,Transaction Failed,Medium,Payment processing error,Payment Gateway Upgrade
T1495,C20712,2026-03-27,Transaction Failed,High,Payment processing error,Payment Gateway Upgrade
T1496,C1578,2026-03-27,Checkout Error,Medium,Order could not be completed,Payment Gateway Upgrade
T1497,C33799,2026-03-27,Payment Failure,High,Payment failed during checkout,Payment Gateway Upgrade
T1498,C61958,2026-03-27,Checkout Error,Medium,Checkout page froze,Payment Gateway Upgrade
T1499,C63773,2026-03-27,Transaction Failed,Low,Payment processing error,Payment Gateway Upgrade
T1500,C64174,2026-03-27,Transaction Failed,Medium,Transaction declined unexpectedly,Payment Gateway Upgrade
T1501,C81011,2026-03-27,Checkout Error,Low,Order could not be completed,Payment Gateway Upgrade
T1502,C54461,2026-03-27,Transaction Failed,Low,Purchase failed,Payment Gateway Upgrade
T1503,C21046,2026-03-27,Checkout Error,Medium,Checkout page froze,Payment Gateway Upgrade
T1504,C22707,2026-03-27,Checkout Error,High,Order could not be completed,Payment Gateway Upgrade
T1505,C95559,2026-03-27,Checkout Error,Low,Order could not be completed,Payment Gateway Upgrade
T1506,C16575,2026-03-27,Payment Failure,Low,Payment failed during checkout,Payment Gateway Upgrade
T1507,C61827,2026-03-27,Checkout Error,Low,Order could not be completed,Payment Gateway Upgrade
T1508,C50907,2026-03-27,Transaction Failed,Low,Purchase failed,Payment Gateway Upgrade
T1509,C20009,2026-03-27,Transaction Failed,High,Purchase failed,Payment Gateway Upgrade
T1510,C74418,2026-03-27,Checkout Error,Medium,Checkout page froze,Payment Gateway Upgrade
T1511,C54971,2026-03-27,Payment Failure,Medium,Payment failed during checkout,Payment Gateway Upgrade
T1512,C42544,2026-03-27,Transaction Failed,High,Transaction declined unexpectedly,Payment Gateway Upgrade
T1513,C8803,2026-03-27,Transaction Failed,High,Payment processing error,Payment Gateway Upgrade
T1514,C50493,2026-03-27,Transaction Failed,Low,Transaction declined unexpectedly,Payment Gateway Upgrade
T1515,C9266,2026-03-28,Transaction Failed,Low,Payment processing error,Payment Gateway Upgrade
T1516,C91718,2026-03-28,Checkout Error,Low,Order could not be completed,Payment Gateway Upgrade
T1517,C89864,2026-03-28,Checkout Error,Medium,Order could not be completed,Payment Gateway Upgrade
T1518,C86989,2026-03-28,Checkout Error,Low,Order could not be completed,Payment Gateway Upgrade
T1519,C67444,2026-03-28,Payment Failure,Medium,Card charged but order not placed,Payment Gateway Upgrade
T1520,C62700,2026-03-28,Payment Failure,Medium,Card charged but order not placed,Payment Gateway Upgrade
T1521,C42066,2026-03-28,Payment Failure,Medium,Card charged but order not placed,Payment Gateway Upgrade
T1522,C3776,2026-03-28,Payment Failure,Medium,Unable to complete transaction,Payment Gateway Upgrade
T1523,C53640,2026-03-28,Checkout Error,Low,Checkout process failed,Payment Gateway Upgrade
T1524,C13669,2026-03-28,Checkout Error,Medium,Checkout page froze,Payment Gateway Upgrade
T1525,C51797,2026-03-28,Checkout Error,Medium,Checkout page froze,Payment Gateway Upgrade
T1526,C28133,2026-03-28,Checkout Error,High,Order could not be completed,Payment Gateway Upgrade
T1527,C9131,2026-03-28,Checkout Error,Medium,Checkout page froze,Payment Gateway Upgrade
T1528,C36994,2026-03-28,Checkout Error,High,Order could not be completed,Payment Gateway Upgrade
T1529,C48518,2026-03-28,Transaction Failed,Low,Payment processing error,Payment Gateway Upgrade
T1530,C89157,2026-03-28,Payment Failure,High,Payment failed during checkout,Payment Gateway Upgrade
T1531,C93349,2026-03-28,Transaction Failed,Low,Transaction declined unexpectedly,Payment Gateway Upgrade
T1532,C57609,2026-03-28,Payment Failure,Medium,Card charged but order not placed,Payment Gateway Upgrade
T1533,C56598,2026-03-28,Checkout Error,High,Checkout process failed,Payment Gateway Upgrade
T1534,C43259,2026-03-28,Payment Failure,Low,Card charged but order not placed,Payment Gateway Upgrade
T1535,C23489,2026-03-28,Checkout Error,Low,Order could not be completed,Payment Gateway Upgrade
T1536,C68690,2026-03-28,Payment Failure,Low,Payment failed during checkout,Payment Gateway Upgrade
T1537,C10346,2026-03-28,Transaction Failed,Low,Transaction declined unexpectedly,Payment Gateway Upgrade
T1538,C5584,2026-03-28,Checkout Error,Low,Checkout process failed,Payment Gateway Upgrade
T1539,C4568,2026-03-28,Checkout Error,Low,Checkout process failed,Payment Gateway Upgrade
T1540,C71793,2026-03-28,Payment Failure,Medium,Card charged but order not placed,Payment Gateway Upgrade
T1541,C57770,2026-03-28,Transaction Failed,High,Transaction declined unexpectedly,Payment Gateway Upgrade
T1542,C76982,2026-03-28,Checkout Error,Low,Order could not be completed,Payment Gateway Upgrade
T1543,C41786,2026-03-28,Checkout Error,Low,Checkout process failed,Payment Gateway Upgrade
T1544,C79466,2026-03-28,Transaction Failed,Medium,Payment processing error,Payment Gateway Upgrade
T1545,C16577,2026-03-28,Checkout Error,High,Checkout process failed,Payment Gateway Upgrade
T1546,C67947,2026-03-28,Payment Failure,Low,Card charged but order not placed,Payment Gateway Upgrade
T1547,C62895,2026-03-28,Checkout Error,Medium,Checkout process failed,Payment Gateway Upgrade
T1548,C85120,2026-03-28,Transaction Failed,High,Purchase failed,Payment Gateway Upgrade
T1549,C29512,2026-03-28,Transaction Failed,Low,Payment processing error,Payment Gateway Upgrade
T1550,C70168,2026-03-28,Payment Failure,Medium,Payment failed during checkout,Payment Gateway Upgrade
T1551,C41911,2026-03-29,Checkout Error,Low,Order could not be completed,Payment Gateway Upgrade
T1552,C78813,2026-03-29,Checkout Error,High,Checkout process failed,Payment Gateway Upgrade
T1553,C58867,2026-03-29,Checkout Error,Low,Checkout page froze,Payment Gateway Upgrade
T1554,C13855,2026-03-29,Checkout Error,Low,Checkout page froze,Payment Gateway Upgrade
T1555,C41082,2026-03-29,Checkout Error,Low,Order could not be completed,Payment Gateway Upgrade
T1556,C46041,2026-03-29,Checkout Error,High,Order could not be completed,Payment Gateway Upgrade
T1557,C81464,2026-03-29,Checkout Error,Low,Order could not be completed,Payment Gateway Upgrade
T1558,C24355,2026-03-29,Payment Failure,Medium,Card charged but order not placed,Payment Gateway Upgrade
T1559,C60893,2026-03-29,Payment Failure,Low,Payment failed during checkout,Payment Gateway Upgrade
T1560,C55515,2026-03-29,Payment Failure,Medium,Unable to complete transaction,Payment Gateway Upgrade
T1561,C9270,2026-03-29,Transaction Failed,Low,Transaction declined unexpectedly,Payment Gateway Upgrade
T1562,C96427,2026-03-29,Payment Failure,Low,Card charged but order not placed,Payment Gateway Upgrade
T1563,C85383,2026-03-29,Transaction Failed,Low,Purchase failed,Payment Gateway Upgrade
T1564,C39726,2026-03-29,Transaction Failed,High,Purchase failed,Payment Gateway Upgrade
T1565,C78864,2026-03-29,Checkout Error,Low,Checkout process failed,Payment Gateway Upgrade
T1566,C24701,2026-03-29,Transaction Failed,Medium,Payment processing error,Payment Gateway Upgrade
T1567,C43881,2026-03-29,Checkout Error,Medium,Checkout process failed,Payment Gateway Upgrade
T1568,C76277,2026-03-29,Checkout Error,Medium,Order could not be completed,Payment Gateway Upgrade
T1569,C82822,2026-03-29,Transaction Failed,Medium,Payment processing error,Payment Gateway Upgrade
T1570,C5530,2026-03-29,Transaction Failed,Low,Purchase failed,Payment Gateway Upgrade
T1571,C6938,2026-03-29,Transaction Failed,Medium,Purchase failed,Payment Gateway Upgrade
T1572,C25280,2026-03-29,Payment Failure,Low,Unable to complete transaction,Payment Gateway Upgrade
T1573,C79738,2026-03-29,Payment Failure,Low,Payment failed during checkout,Payment Gateway Upgrade
T1574,C85712,2026-03-29,Transaction Failed,Medium,Payment processing error,Payment Gateway Upgrade
T1575,C59471,2026-03-29,Checkout Error,Medium,Order could not be completed,Payment Gateway Upgrade
T1576,C63657,2026-03-29,Payment Failure,Medium,Card charged but order not placed,Payment Gateway Upgrade
T1577,C56634,2026-03-29,Transaction Failed,Medium,Purchase failed,Payment Gateway Upgrade
T1578,C48129,2026-03-30,Transaction Failed,Medium,Transaction declined unexpectedly,Payment Gateway Upgrade
T1579,C35399,2026-03-30,Checkout Error,High,Order could not be completed,Payment Gateway Upgrade
T1580,C55422,2026-03-30,Checkout Error,Low,Checkout page froze,Payment Gateway Upgrade
T1581,C85999,2026-03-30,Payment Failure,Low,Card charged but order not placed,Payment Gateway Upgrade
T1582,C12862,2026-03-30,Payment Failure,High,Unable to complete transaction,Payment Gateway Upgrade
T1583,C20978,2026-03-30,Payment Failure,Medium,Card charged but order not placed,Payment Gateway Upgrade
T1584,C72903,2026-03-30,Transaction Failed,Medium,Payment processing error,Payment Gateway Upgrade
T1585,C55740,2026-03-30,Payment Failure,Low,Unable to complete transaction,Payment Gateway Upgrade
T1586,C993,2026-03-30,Transaction Failed,High,Payment processing error,Payment Gateway Upgrade
T1587,C51376,2026-03-30,Payment Failure,Low,Payment failed during checkout,Payment Gateway Upgrade
T1588,C61869,2026-03-30,Checkout Error,Medium,Checkout page froze,Payment Gateway Upgrade
T1589,C31377,2026-03-30,Checkout Error,Low,Checkout page froze,Payment Gateway Upgrade
T1590,C17273,2026-03-30,Payment Failure,Low,Card charged but order not placed,Payment Gateway Upgrade
T1591,C29969,2026-03-30,Payment Failure,Low,Payment failed during checkout,Payment Gateway Upgrade
T1592,C83659,2026-03-30,Checkout Error,Low,Checkout process failed,Payment Gateway Upgrade
T1593,C82845,2026-03-30,Checkout Error,Medium,Order could not be completed,Payment Gateway Upgrade
T1594,C79402,2026-03-30,Payment Failure,Low,Payment failed during checkout,Payment Gateway Upgrade
T1595,C78930,2026-03-30,Payment Failure,Low,Payment failed during checkout,Payment Gateway Upgrade
T1596,C32925,2026-03-30,Checkout Error,Low,Checkout page froze,Payment Gateway Upgrade
T1597,C54676,2026-03-30,Checkout Error,Medium,Order could not be completed,Payment Gateway Upgrade
T1598,C32364,2026-03-30,Transaction Failed,Low,Purchase failed,Payment Gateway Upgrade
T1599,C40719,2026-03-30,Transaction Failed,Low,Purchase failed,Payment Gateway Upgrade
T1600,C52058,2026-03-30,Transaction Failed,High,Purchase failed,Payment Gateway Upgrade
T1601,C154,2026-03-30,Payment Failure,Low,Card charged but order not placed,Payment Gateway Upgrade
T1602,C38368,2026-03-30,Payment Failure,Medium,Card charged but order not placed,Payment Gateway Upgrade
T1603,C11050,2026-03-30,Checkout Error,Medium,Checkout page froze,Payment Gateway Upgrade
T1604,C92991,2026-03-30,Payment Failure,Medium,Payment failed during checkout,Payment Gateway Upgrade
T1605,C90778,2026-03-30,Payment Failure,Low,Unable to complete transaction,Payment Gateway Upgrade
T1606,C46855,2026-03-30,Payment Failure,Low,Card charged but order not placed,Payment Gateway Upgrade
T1607,C14142,2026-03-30,Payment Failure,Medium,Card charged but order not placed,Payment Gateway Upgrade
T1608,C29814,2026-03-30,Payment Failure,Medium,Card charged but order not placed,Payment Gateway Upgrade
T1609,C4583,2026-03-30,Checkout Error,Low,Checkout page froze,Payment Gateway Upgrade
T1610,C42318,2026-03-30,Transaction Failed,Medium,Transaction declined unexpectedly,Payment Gateway Upgrade
T1611,C45255,2026-03-30,Checkout Error,Medium,Checkout process failed,Payment Gateway Upgrade
T1612,C82644,2026-03-30,Payment Failure,Low,Payment failed during checkout,Payment Gateway Upgrade
T1613,C51659,2026-03-31,Payment Failure,Medium,Card charged but order not placed,Payment Gateway Upgrade
T1614,C25740,2026-03-31,Checkout Error,High,Checkout page froze,Payment Gateway Upgrade
T1615,C20046,2026-03-31,Payment Failure,Low,Payment failed during checkout,Payment Gateway Upgrade
T1616,C64149,2026-03-31,Checkout Error,Low,Checkout process failed,Payment Gateway Upgrade
T1617,C83401,2026-03-31,Checkout Error,Low,Checkout process failed,Payment Gateway Upgrade
T1618,C81150,2026-03-31,Payment Failure,Low,Unable to complete transaction,Payment Gateway Upgrade
T1619,C4995,2026-03-31,Checkout Error,Medium,Order could not be completed,Payment Gateway Upgrade
T1620,C68368,2026-03-31,Checkout Error,Low,Checkout process failed,Payment Gateway Upgrade
T1621,C87174,2026-03-31,Payment Failure,Medium,Card charged but order not placed,Payment Gateway Upgrade
T1622,C98828,2026-03-31,Checkout Error,High,Checkout process failed,Payment Gateway Upgrade
T1623,C81269,2026-03-31,Checkout Error,Low,Checkout process failed,Payment Gateway Upgrade
T1624,C34566,2026-03-31,Transaction Failed,Low,Purchase failed,Payment Gateway Upgrade
T1625,C22885,2026-03-31,Payment Failure,Medium,Unable to complete transaction,Payment Gateway Upgrade
T1626,C49295,2026-03-31,Transaction Failed,Medium,Transaction declined unexpectedly,Payment Gateway Upgrade
T1627,C535,2026-03-31,Checkout Error,Medium,Checkout page froze,Payment Gateway Upgrade
T1628,C58755,2026-03-31,Payment Failure,Low,Unable to complete transaction,Payment Gateway Upgrade
T1629,C66709,2026-03-31,Payment Failure,High,Card charged but order not placed,Payment Gateway Upgrade
T1630,C19325,2026-03-31,Checkout Error,Medium,Checkout process failed,Payment Gateway Upgrade
T1631,C29710,2026-03-31,Checkout Error,Medium,Order could not be completed,Payment Gateway Upgrade
T1632,C3241,2026-03-31,Checkout Error,High,Order could not be completed,Payment Gateway Upgrade
T1633,C91075,2026-03-31,Payment Failure,Low,Payment failed during checkout,Payment Gateway Upgrade
T1634,C30826,2026-03-31,Transaction Failed,Medium,Transaction declined unexpectedly,Payment Gateway Upgrade
T1635,C2245,2026-03-31,Payment Failure,Low,Card charged but order not placed,Payment Gateway Upgrade
T1636,C50018,2026-03-31,Payment Failure,Low,Card charged but order not placed,Payment Gateway Upgrade
T1637,C64953,2026-03-31,Payment Failure,Medium,Unable to complete transaction,Payment Gateway Upgrade
T1638,C2568,2026-03-31,Payment Failure,Low,Card charged but order not placed,Payment Gateway Upgrade
T1639,C29141,2026-03-31,Payment Failure,High,Card charged but order not placed,Payment Gateway Upgrade
T1640,C10493,2026-03-31,Payment Failure,Medium,Card charged but order not placed,Payment Gateway Upgrade
T1641,C9046,2026-04-01,Order Tracking,Medium,Need tracking information,Normal Operations
T1642,C27303,2026-04-01,Order Tracking,High,Unable to track order,Normal Operations
T1643,C46502,2026-04-01,Refund Request,High,Customer requested refund,Normal Operations
T1644,C84524,2026-04-01,Account Question,High,Unable to update account information,Normal Operations
T1645,C83601,2026-04-01,Order Tracking,Medium,Unable to track order,Normal Operations
T1646,C80584,2026-04-01,Product Inquiry,Low,Need more product information,Normal Operations
T1647,C30078,2026-04-01,Account Question,Medium,Question regarding account settings,Normal Operations
T1648,C46098,2026-04-01,Refund Request,Low,Requesting refund for recent purchase,Normal Operations
T1649,C51483,2026-04-01,Refund Request,Low,Refund not processed,Normal Operations
T1650,C46826,2026-04-01,Refund Request,Medium,Refund not processed,Normal Operations
T1651,C99042,2026-04-01,Product Inquiry,Medium,Inquiry regarding product availability,Normal Operations
T1652,C68160,2026-04-01,Account Question,Medium,Account related inquiry,Normal Operations
T1653,C22786,2026-04-01,Refund Request,Low,Customer requested refund,Normal Operations
T1654,C57940,2026-04-02,Account Question,Medium,Unable to update account information,Normal Operations
T1655,C63222,2026-04-02,Order Tracking,Medium,Need tracking information,Normal Operations
T1656,C32428,2026-04-02,Account Question,Low,Unable to update account information,Normal Operations
T1657,C52410,2026-04-02,Return Request,Medium,Customer wants to return product,Normal Operations
T1658,C81732,2026-04-02,Refund Request,High,Requesting refund for recent purchase,Normal Operations
T1659,C21342,2026-04-02,Order Tracking,Medium,Need tracking information,Normal Operations
T1660,C87760,2026-04-02,Product Inquiry,Low,Need more product information,Normal Operations
T1661,C78841,2026-04-02,Order Tracking,Medium,Need tracking information,Normal Operations
T1662,C87454,2026-04-03,Account Question,Low,Unable to update account information,Normal Operations
T1663,C54531,2026-04-03,Product Inquiry,High,Question about product specifications,Normal Operations
T1664,C9466,2026-04-03,Product Inquiry,Medium,Need more product information,Normal Operations
T1665,C4764,2026-04-03,Order Tracking,Medium,Order status not updated,Normal Operations
T1666,C11212,2026-04-03,Account Question,Low,Unable to update account information,Normal Operations
T1667,C45338,2026-04-03,Account Question,High,Account related inquiry,Normal Operations
T1668,C87228,2026-04-03,Return Request,High,Need assistance with return,Normal Operations
T1669,C5637,2026-04-03,Account Question,Low,Question regarding account settings,Normal Operations
T1670,C5813,2026-04-04,Account Question,Low,Question regarding account settings,Normal Operations
T1671,C67335,2026-04-04,Order Tracking,Medium,Order status not updated,Normal Operations
T1672,C87183,2026-04-04,Product Inquiry,Low,Inquiry regarding product availability,Normal Operations
T1673,C27201,2026-04-04,Account Question,Low,Unable to update account information,Normal Operations
T1674,C86437,2026-04-04,Return Request,High,Return process inquiry,Normal Operations
T1675,C39149,2026-04-04,Account Question,Medium,Question regarding account settings,Normal Operations
T1676,C35451,2026-04-04,Account Question,Low,Account related inquiry,Normal Operations
T1677,C70248,2026-04-04,Account Question,Medium,Account related inquiry,Normal Operations
T1678,C32153,2026-04-04,Account Question,Low,Unable to update account information,Normal Operations
T1679,C90368,2026-04-04,Order Tracking,High,Need tracking information,Normal Operations
T1680,C10764,2026-04-04,Return Request,Medium,Customer wants to return product,Normal Operations
T1681,C27106,2026-04-05,Return Request,High,Need assistance with return,Normal Operations
T1682,C84586,2026-04-05,Account Question,Medium,Account related inquiry,Normal Operations
T1683,C72779,2026-04-05,Order Tracking,High,Unable to track order,Normal Operations
T1684,C82465,2026-04-05,Return Request,Low,Customer wants to return product,Normal Operations
T1685,C90880,2026-04-05,Refund Request,High,Customer requested refund,Normal Operations
T1686,C98959,2026-04-05,Product Inquiry,Medium,Question about product specifications,Normal Operations
T1687,C69203,2026-04-05,Account Question,Low,Question regarding account settings,Normal Operations
T1688,C26628,2026-04-05,Order Tracking,High,Unable to track order,Normal Operations
T1689,C19404,2026-04-05,Return Request,Low,Customer wants to return product,Normal Operations
T1690,C42293,2026-04-05,Account Question,Low,Account related inquiry,Normal Operations
T1691,C93247,2026-04-05,Product Inquiry,Medium,Need more product information,Normal Operations
T1692,C74500,2026-04-06,Refund Request,Medium,Refund not processed,Normal Operations
T1693,C27676,2026-04-06,Account Question,Low,Unable to update account information,Normal Operations
T1694,C19178,2026-04-06,Return Request,Low,Customer wants to return product,Normal Operations
T1695,C84336,2026-04-06,Order Tracking,High,Need tracking information,Normal Operations
T1696,C21674,2026-04-06,Product Inquiry,Medium,Need more product information,Normal Operations
T1697,C71102,2026-04-06,Order Tracking,Medium,Need tracking information,Normal Operations
T1698,C836,2026-04-06,Return Request,Medium,Customer wants to return product,Normal Operations
T1699,C37336,2026-04-06,Order Tracking,Low,Need tracking information,Normal Operations
T1700,C97890,2026-04-06,Product Inquiry,High,Inquiry regarding product availability,Normal Operations
T1701,C35920,2026-04-07,Return Request,Medium,Return process inquiry,Normal Operations
T1702,C89627,2026-04-07,Account Question,Medium,Account related inquiry,Normal Operations
T1703,C3492,2026-04-07,Return Request,Medium,Return process inquiry,Normal Operations
T1704,C60409,2026-04-07,Refund Request,High,Refund not processed,Normal Operations
T1705,C25164,2026-04-07,Return Request,Medium,Customer wants to return product,Normal Operations
T1706,C89132,2026-04-07,Return Request,Low,Need assistance with return,Normal Operations
T1707,C43159,2026-04-07,Account Question,High,Account related inquiry,Normal Operations
T1708,C59343,2026-04-07,Account Question,Medium,Question regarding account settings,Normal Operations
T1709,C8606,2026-04-08,Account Question,Medium,Account related inquiry,Normal Operations
T1710,C33133,2026-04-08,Return Request,Low,Need assistance with return,Normal Operations
T1711,C57890,2026-04-08,Refund Request,High,Customer requested refund,Normal Operations
T1712,C29993,2026-04-08,Order Tracking,Low,Unable to track order,Normal Operations
T1713,C79370,2026-04-08,Account Question,Medium,Unable to update account information,Normal Operations
T1714,C23957,2026-04-08,Return Request,Low,Need assistance with return,Normal Operations
T1715,C68686,2026-04-08,Return Request,Low,Customer wants to return product,Normal Operations
T1716,C1169,2026-04-08,Account Question,Medium,Question regarding account settings,Normal Operations
T1717,C35295,2026-04-08,Refund Request,Medium,Refund not processed,Normal Operations
T1718,C10387,2026-04-08,Product Inquiry,Medium,Inquiry regarding product availability,Normal Operations
T1719,C79694,2026-04-08,Refund Request,Medium,Customer requested refund,Normal Operations
T1720,C85937,2026-04-08,Account Question,High,Account related inquiry,Normal Operations
T1721,C16646,2026-04-09,Order Tracking,High,Order status not updated,Normal Operations
T1722,C79381,2026-04-09,Order Tracking,High,Order status not updated,Normal Operations
T1723,C33462,2026-04-09,Return Request,High,Return process inquiry,Normal Operations
T1724,C79791,2026-04-09,Account Question,Low,Question regarding account settings,Normal Operations
T1725,C1408,2026-04-09,Account Question,Medium,Account related inquiry,Normal Operations
T1726,C19882,2026-04-09,Account Question,Medium,Account related inquiry,Normal Operations
T1727,C91289,2026-04-09,Refund Request,Medium,Requesting refund for recent purchase,Normal Operations
T1728,C87476,2026-04-09,Account Question,Low,Account related inquiry,Normal Operations
T1729,C24503,2026-04-09,Order Tracking,Medium,Need tracking information,Normal Operations
T1730,C97229,2026-04-09,Product Inquiry,Low,Question about product specifications,Normal Operations
T1731,C10749,2026-04-09,Refund Request,High,Customer requested refund,Normal Operations
T1732,C82235,2026-04-10,Order Tracking,Medium,Unable to track order,Normal Operations
T1733,C11183,2026-04-10,Refund Request,Medium,Requesting refund for recent purchase,Normal Operations
T1734,C26129,2026-04-10,Return Request,Low,Need assistance with return,Normal Operations
T1735,C8950,2026-04-10,Order Tracking,Medium,Need tracking information,Normal Operations
T1736,C24100,2026-04-10,Refund Request,Low,Requesting refund for recent purchase,Normal Operations
T1737,C53145,2026-04-10,Return Request,High,Return process inquiry,Normal Operations
T1738,C51013,2026-04-10,Return Request,Medium,Customer wants to return product,Normal Operations
T1739,C58124,2026-04-10,Refund Request,Low,Requesting refund for recent purchase,Normal Operations
T1740,C87319,2026-04-10,Product Inquiry,Low,Inquiry regarding product availability,Normal Operations
T1741,C47375,2026-04-10,Return Request,Low,Customer wants to return product,Normal Operations
T1742,C50902,2026-04-11,Account Question,Medium,Account related inquiry,Normal Operations
T1743,C19157,2026-04-11,Account Question,Low,Question regarding account settings,Normal Operations
T1744,C66607,2026-04-11,Refund Request,Low,Refund not processed,Normal Operations
T1745,C95378,2026-04-11,Return Request,High,Return process inquiry,Normal Operations
T1746,C81915,2026-04-11,Product Inquiry,Low,Need more product information,Normal Operations
T1747,C26184,2026-04-11,Account Question,Medium,Unable to update account information,Normal Operations
T1748,C21412,2026-04-11,Order Tracking,Low,Order status not updated,Normal Operations
T1749,C35209,2026-04-11,Product Inquiry,High,Inquiry regarding product availability,Normal Operations
T1750,C51589,2026-04-11,Product Inquiry,Medium,Inquiry regarding product availability,Normal Operations
T1751,C36308,2026-04-11,Return Request,Low,Need assistance with return,Normal Operations
T1752,C6379,2026-04-11,Return Request,Low,Return process inquiry,Normal Operations
T1753,C92838,2026-04-12,Return Request,Low,Customer wants to return product,Normal Operations
T1754,C58503,2026-04-12,Refund Request,Low,Customer requested refund,Normal Operations
T1755,C38508,2026-04-12,Return Request,Low,Return process inquiry,Normal Operations
T1756,C47762,2026-04-12,Return Request,Medium,Need assistance with return,Normal Operations
T1757,C67601,2026-04-12,Return Request,Low,Return process inquiry,Normal Operations
T1758,C6131,2026-04-12,Refund Request,Medium,Requesting refund for recent purchase,Normal Operations
T1759,C52710,2026-04-12,Order Tracking,High,Unable to track order,Normal Operations
T1760,C8610,2026-04-12,Product Inquiry,High,Need more product information,Normal Operations
T1761,C8178,2026-04-12,Order Tracking,Low,Need tracking information,Normal Operations
T1762,C89942,2026-04-12,Product Inquiry,High,Need more product information,Normal Operations
T1763,C58032,2026-04-12,Product Inquiry,Low,Question about product specifications,Normal Operations
T1764,C11268,2026-04-12,Account Question,Low,Unable to update account information,Normal Operations
T1765,C57043,2026-04-12,Refund Request,Medium,Refund not processed,Normal Operations
T1766,C65243,2026-04-12,Order Tracking,Medium,Need tracking information,Normal Operations
T1767,C46563,2026-04-13,Return Request,High,Need assistance with return,Normal Operations
T1768,C58536,2026-04-13,Refund Request,Medium,Customer requested refund,Normal Operations
T1769,C3128,2026-04-13,Product Inquiry,Medium,Inquiry regarding product availability,Normal Operations
T1770,C66382,2026-04-13,Account Question,Low,Unable to update account information,Normal Operations
T1771,C98659,2026-04-13,Refund Request,Medium,Customer requested refund,Normal Operations
T1772,C32333,2026-04-13,Order Tracking,Medium,Need tracking information,Normal Operations
T1773,C94203,2026-04-13,Return Request,Medium,Need assistance with return,Normal Operations
T1774,C8419,2026-04-13,Product Inquiry,High,Inquiry regarding product availability,Normal Operations
T1775,C79956,2026-04-13,Return Request,High,Customer wants to return product,Normal Operations
T1776,C63289,2026-04-13,Account Question,Medium,Question regarding account settings,Normal Operations
T1777,C70602,2026-04-13,Return Request,Low,Customer wants to return product,Normal Operations
T1778,C37123,2026-04-13,Account Question,Low,Account related inquiry,Normal Operations
T1779,C26506,2026-04-14,Product Inquiry,Medium,Need more product information,Normal Operations
T1780,C77512,2026-04-14,Order Tracking,Low,Order status not updated,Normal Operations
T1781,C99398,2026-04-14,Account Question,Low,Account related inquiry,Normal Operations
T1782,C68322,2026-04-14,Return Request,Low,Customer wants to return product,Normal Operations
T1783,C50727,2026-04-14,Refund Request,High,Requesting refund for recent purchase,Normal Operations
T1784,C40829,2026-04-14,Product Inquiry,Low,Need more product information,Normal Operations
T1785,C83796,2026-04-14,Order Tracking,Low,Unable to track order,Normal Operations
T1786,C20317,2026-04-14,Return Request,Medium,Customer wants to return product,Normal Operations
T1787,C85782,2026-04-14,Refund Request,High,Customer requested refund,Normal Operations
T1788,C9590,2026-04-15,Order Tracking,Low,Unable to track order,Normal Operations
T1789,C76426,2026-04-15,Product Inquiry,Low,Inquiry regarding product availability,Normal Operations
T1790,C90199,2026-04-15,Product Inquiry,Low,Need more product information,Normal Operations
T1791,C93852,2026-04-15,Product Inquiry,Medium,Need more product information,Normal Operations
T1792,C96059,2026-04-15,Account Question,High,Question regarding account settings,Normal Operations
T1793,C84628,2026-04-15,Return Request,Medium,Customer wants to return product,Normal Operations
T1794,C3386,2026-04-15,Product Inquiry,Medium,Need more product information,Normal Operations
T1795,C46506,2026-04-15,Order Tracking,High,Order status not updated,Normal Operations
T1796,C35269,2026-04-15,Product Inquiry,High,Need more product information,Normal Operations
T1797,C55183,2026-04-15,Order Tracking,Medium,Need tracking information,Normal Operations
T1798,C24128,2026-04-15,Product Inquiry,Low,Question about product specifications,Normal Operations
T1799,C84147,2026-04-15,Account Question,Medium,Unable to update account information,Normal Operations
T1800,C35188,2026-04-16,Product Inquiry,Medium,Question about product specifications,Normal Operations
T1801,C64923,2026-04-16,Order Tracking,Low,Order status not updated,Normal Operations
T1802,C48292,2026-04-16,Order Tracking,High,Order status not updated,Normal Operations
T1803,C14017,2026-04-16,Order Tracking,Medium,Order status not updated,Normal Operations
T1804,C61721,2026-04-16,Product Inquiry,Medium,Inquiry regarding product availability,Normal Operations
T1805,C76479,2026-04-16,Return Request,Low,Need assistance with return,Normal Operations
T1806,C94700,2026-04-16,Order Tracking,Medium,Unable to track order,Normal Operations
T1807,C63746,2026-04-16,Order Tracking,Medium,Need tracking information,Normal Operations
T1808,C14346,2026-04-16,Account Question,Low,Account related inquiry,Normal Operations
T1809,C92245,2026-04-16,Return Request,Low,Return process inquiry,Normal Operations
T1810,C99274,2026-04-16,Refund Request,Medium,Requesting refund for recent purchase,Normal Operations
T1811,C14293,2026-04-16,Order Tracking,Medium,Need tracking information,Normal Operations
T1812,C15621,2026-04-16,Return Request,Low,Return process inquiry,Normal Operations
T1813,C57603,2026-04-17,Refund Request,High,Customer requested refund,Normal Operations
T1814,C92907,2026-04-17,Account Question,Low,Account related inquiry,Normal Operations
T1815,C11354,2026-04-17,Product Inquiry,Low,Need more product information,Normal Operations
T1816,C11438,2026-04-17,Product Inquiry,High,Need more product information,Normal Operations
T1817,C80704,2026-04-17,Refund Request,Low,Customer requested refund,Normal Operations
T1818,C51135,2026-04-17,Product Inquiry,Low,Need more product information,Normal Operations
T1819,C44334,2026-04-17,Return Request,Medium,Return process inquiry,Normal Operations
T1820,C61193,2026-04-17,Refund Request,Low,Customer requested refund,Normal Operations
T1821,C30493,2026-04-17,Order Tracking,Medium,Unable to track order,Normal Operations
T1822,C60278,2026-04-17,Return Request,Medium,Customer wants to return product,Normal Operations
T1823,C50000,2026-04-18,Refund Request,Medium,Customer requested refund,Normal Operations
T1824,C48633,2026-04-18,Account Question,Low,Question regarding account settings,Normal Operations
T1825,C17949,2026-04-18,Product Inquiry,Medium,Question about product specifications,Normal Operations
T1826,C91357,2026-04-18,Product Inquiry,Medium,Inquiry regarding product availability,Normal Operations
T1827,C49435,2026-04-18,Order Tracking,Medium,Need tracking information,Normal Operations
T1828,C97353,2026-04-18,Order Tracking,High,Need tracking information,Normal Operations
T1829,C88906,2026-04-18,Refund Request,Medium,Requesting refund for recent purchase,Normal Operations
T1830,C78973,2026-04-18,Refund Request,High,Refund not processed,Normal Operations
T1831,C33333,2026-04-18,Account Question,Medium,Unable to update account information,Normal Operations
T1832,C69207,2026-04-18,Order Tracking,High,Unable to track order,Normal Operations
T1833,C86552,2026-04-18,Account Question,Low,Account related inquiry,Normal Operations
T1834,C60625,2026-04-18,Refund Request,Medium,Customer requested refund,Normal Operations
T1835,C85470,2026-04-18,Account Question,Low,Question regarding account settings,Normal Operations
T1836,C23351,2026-04-18,Product Inquiry,Low,Need more product information,Normal Operations
T1837,C40858,2026-04-19,Return Request,Medium,Customer wants to return product,Normal Operations
T1838,C50712,2026-04-19,Order Tracking,Medium,Order status not updated,Normal Operations
T1839,C96499,2026-04-19,Product Inquiry,Low,Question about product specifications,Normal Operations
T1840,C92865,2026-04-19,Refund Request,Medium,Refund not processed,Normal Operations
T1841,C22341,2026-04-19,Product Inquiry,Medium,Inquiry regarding product availability,Normal Operations
T1842,C54226,2026-04-19,Order Tracking,High,Order status not updated,Normal Operations
T1843,C81111,2026-04-19,Refund Request,High,Refund not processed,Normal Operations
T1844,C11802,2026-04-19,Product Inquiry,Low,Inquiry regarding product availability,Normal Operations
T1845,C22399,2026-04-19,Order Tracking,Low,Need tracking information,Normal Operations
T1846,C65141,2026-04-19,Return Request,High,Return process inquiry,Normal Operations
T1847,C52225,2026-04-19,Return Request,Medium,Customer wants to return product,Normal Operations
T1848,C84004,2026-04-19,Product Inquiry,Low,Need more product information,Normal Operations
T1849,C68179,2026-04-19,Refund Request,Medium,Refund not processed,Normal Operations
T1850,C38260,2026-04-20,Product Inquiry,High,Question about product specifications,Normal Operations
T1851,C73170,2026-04-20,Return Request,Low,Customer wants to return product,Normal Operations
T1852,C58902,2026-04-20,Refund Request,Low,Refund not processed,Normal Operations
T1853,C1583,2026-04-20,Return Request,Low,Need assistance with return,Normal Operations
T1854,C62225,2026-04-20,Order Tracking,High,Need tracking information,Normal Operations
T1855,C39391,2026-04-20,Product Inquiry,High,Question about product specifications,Normal Operations
T1856,C22260,2026-04-20,Account Question,Low,Unable to update account information,Normal Operations
T1857,C21603,2026-04-20,Product Inquiry,Low,Question about product specifications,Normal Operations
T1858,C80819,2026-04-20,Order Tracking,Medium,Order status not updated,Normal Operations
T1859,C46203,2026-04-20,Product Inquiry,High,Question about product specifications,Normal Operations
T1860,C24846,2026-04-21,Return Request,Medium,Customer wants to return product,Normal Operations
T1861,C60753,2026-04-21,Product Inquiry,Low,Question about product specifications,Normal Operations
T1862,C30545,2026-04-21,Order Tracking,High,Order status not updated,Normal Operations
T1863,C69604,2026-04-21,Order Tracking,Low,Need tracking information,Normal Operations
T1864,C31417,2026-04-21,Refund Request,Low,Refund not processed,Normal Operations
T1865,C21401,2026-04-21,Order Tracking,Low,Unable to track order,Normal Operations
T1866,C80207,2026-04-21,Order Tracking,Low,Need tracking information,Normal Operations
T1867,C38329,2026-04-21,Order Tracking,Low,Unable to track order,Normal Operations
T1868,C26499,2026-04-21,Product Inquiry,Medium,Need more product information,Normal Operations
T1869,C26029,2026-04-21,Order Tracking,Medium,Unable to track order,Normal Operations
T1870,C58900,2026-04-21,Order Tracking,High,Order status not updated,Normal Operations
T1871,C57805,2026-04-22,Refund Request,Low,Refund not processed,Normal Operations
T1872,C37384,2026-04-22,Refund Request,Medium,Customer requested refund,Normal Operations
T1873,C15734,2026-04-22,Return Request,High,Customer wants to return product,Normal Operations
T1874,C9248,2026-04-22,Account Question,Medium,Question regarding account settings,Normal Operations
T1875,C34930,2026-04-22,Product Inquiry,Low,Need more product information,Normal Operations
T1876,C84665,2026-04-22,Product Inquiry,Low,Need more product information,Normal Operations
T1877,C78210,2026-04-22,Refund Request,High,Refund not processed,Normal Operations
T1878,C44723,2026-04-22,Return Request,Low,Customer wants to return product,Normal Operations
T1879,C58761,2026-04-23,Product Inquiry,Low,Inquiry regarding product availability,Normal Operations
T1880,C81900,2026-04-23,Refund Request,Medium,Requesting refund for recent purchase,Normal Operations
T1881,C83566,2026-04-23,Order Tracking,Medium,Need tracking information,Normal Operations
T1882,C768,2026-04-23,Order Tracking,High,Unable to track order,Normal Operations
T1883,C15333,2026-04-23,Refund Request,Medium,Refund not processed,Normal Operations
T1884,C42499,2026-04-23,Product Inquiry,Medium,Question about product specifications,Normal Operations
T1885,C17195,2026-04-23,Account Question,Low,Unable to update account information,Normal Operations
T1886,C43724,2026-04-23,Refund Request,Medium,Refund not processed,Normal Operations
T1887,C59239,2026-04-23,Order Tracking,High,Order status not updated,Normal Operations
T1888,C2148,2026-04-23,Order Tracking,Low,Need tracking information,Normal Operations
T1889,C61109,2026-04-23,Return Request,Low,Return process inquiry,Normal Operations
T1890,C37756,2026-04-24,Product Inquiry,Medium,Inquiry regarding product availability,Normal Operations
T1891,C35695,2026-04-24,Order Tracking,High,Need tracking information,Normal Operations
T1892,C9491,2026-04-24,Return Request,Medium,Customer wants to return product,Normal Operations
T1893,C61992,2026-04-24,Product Inquiry,Medium,Inquiry regarding product availability,Normal Operations
T1894,C31827,2026-04-24,Product Inquiry,Medium,Need more product information,Normal Operations
T1895,C77991,2026-04-24,Order Tracking,Medium,Need tracking information,Normal Operations
T1896,C78053,2026-04-24,Refund Request,Medium,Requesting refund for recent purchase,Normal Operations
T1897,C39644,2026-04-24,Order Tracking,Low,Need tracking information,Normal Operations
T1898,C28805,2026-04-24,Refund Request,Low,Refund not processed,Normal Operations
T1899,C38507,2026-04-25,Return Request,Medium,Customer wants to return product,Normal Operations
T1900,C9970,2026-04-25,Product Inquiry,Low,Need more product information,Normal Operations
T1901,C39463,2026-04-25,Order Tracking,Medium,Need tracking information,Normal Operations
T1902,C61314,2026-04-25,Refund Request,High,Customer requested refund,Normal Operations
T1903,C65642,2026-04-25,Order Tracking,Medium,Unable to track order,Normal Operations
T1904,C13276,2026-04-25,Product Inquiry,Low,Question about product specifications,Normal Operations
T1905,C71750,2026-04-25,Account Question,High,Unable to update account information,Normal Operations
T1906,C75404,2026-04-25,Order Tracking,Medium,Order status not updated,Normal Operations
T1907,C95336,2026-04-25,Product Inquiry,Low,Inquiry regarding product availability,Normal Operations
T1908,C22761,2026-04-25,Account Question,Low,Question regarding account settings,Normal Operations
T1909,C65615,2026-04-25,Product Inquiry,Medium,Question about product specifications,Normal Operations
T1910,C73954,2026-04-25,Refund Request,Medium,Customer requested refund,Normal Operations
T1911,C18563,2026-04-26,Product Inquiry,Low,Need more product information,Normal Operations
T1912,C92919,2026-04-26,Product Inquiry,Low,Need more product information,Normal Operations
T1913,C67907,2026-04-26,Refund Request,Medium,Requesting refund for recent purchase,Normal Operations
T1914,C45891,2026-04-26,Refund Request,Low,Customer requested refund,Normal Operations
T1915,C20609,2026-04-26,Return Request,Medium,Customer wants to return product,Normal Operations
T1916,C57677,2026-04-26,Account Question,Medium,Unable to update account information,Normal Operations
T1917,C32464,2026-04-26,Account Question,High,Question regarding account settings,Normal Operations
T1918,C33124,2026-04-26,Product Inquiry,High,Need more product information,Normal Operations
T1919,C29,2026-04-26,Order Tracking,Low,Unable to track order,Normal Operations
T1920,C47658,2026-04-27,Return Request,High,Need assistance with return,Normal Operations
T1921,C13504,2026-04-27,Order Tracking,Medium,Need tracking information,Normal Operations
T1922,C50391,2026-04-27,Product Inquiry,High,Need more product information,Normal Operations
T1923,C26141,2026-04-27,Product Inquiry,Low,Need more product information,Normal Operations
T1924,C99765,2026-04-27,Refund Request,Medium,Customer requested refund,Normal Operations
T1925,C50569,2026-04-27,Order Tracking,Medium,Unable to track order,Normal Operations
T1926,C29505,2026-04-27,Account Question,Medium,Question regarding account settings,Normal Operations
T1927,C68608,2026-04-27,Order Tracking,Low,Order status not updated,Normal Operations
T1928,C66577,2026-04-27,Return Request,High,Customer wants to return product,Normal Operations
T1929,C16460,2026-04-27,Order Tracking,High,Order status not updated,Normal Operations
T1930,C19158,2026-04-27,Order Tracking,High,Unable to track order,Normal Operations
T1931,C83029,2026-04-27,Account Question,High,Question regarding account settings,Normal Operations
T1932,C29681,2026-04-27,Product Inquiry,Low,Inquiry regarding product availability,Normal Operations
T1933,C36446,2026-04-28,Refund Request,Low,Requesting refund for recent purchase,Normal Operations
T1934,C24075,2026-04-28,Product Inquiry,Low,Inquiry regarding product availability,Normal Operations
T1935,C68323,2026-04-28,Order Tracking,Low,Need tracking information,Normal Operations
T1936,C25989,2026-04-28,Account Question,High,Question regarding account settings,Normal Operations
T1937,C95252,2026-04-28,Account Question,Medium,Question regarding account settings,Normal Operations
T1938,C9753,2026-04-28,Return Request,Medium,Return process inquiry,Normal Operations
T1939,C75433,2026-04-28,Order Tracking,Low,Unable to track order,Normal Operations
T1940,C99123,2026-04-28,Refund Request,High,Customer requested refund,Normal Operations
T1941,C86841,2026-04-28,Product Inquiry,High,Question about product specifications,Normal Operations
T1942,C96517,2026-04-28,Return Request,Medium,Return process inquiry,Normal Operations
T1943,C55983,2026-04-28,Account Question,Low,Question regarding account settings,Normal Operations
T1944,C10708,2026-04-28,Return Request,Medium,Customer wants to return product,Normal Operations
T1945,C65748,2026-04-28,Refund Request,Medium,Refund not processed,Normal Operations
T1946,C57197,2026-04-28,Order Tracking,Low,Need tracking information,Normal Operations
T1947,C88535,2026-04-29,Return Request,Low,Customer wants to return product,Normal Operations
T1948,C23520,2026-04-29,Account Question,Medium,Account related inquiry,Normal Operations
T1949,C47935,2026-04-29,Return Request,Low,Customer wants to return product,Normal Operations
T1950,C89368,2026-04-29,Refund Request,High,Refund not processed,Normal Operations
T1951,C29188,2026-04-29,Order Tracking,Medium,Order status not updated,Normal Operations
T1952,C90640,2026-04-29,Return Request,Medium,Need assistance with return,Normal Operations
T1953,C87581,2026-04-29,Order Tracking,Medium,Unable to track order,Normal Operations
T1954,C83097,2026-04-29,Refund Request,Low,Customer requested refund,Normal Operations
T1955,C98257,2026-04-30,Refund Request,Low,Requesting refund for recent purchase,Normal Operations
T1956,C73397,2026-04-30,Account Question,Medium,Unable to update account information,Normal Operations
T1957,C73367,2026-04-30,Account Question,Low,Unable to update account information,Normal Operations
T1958,C81384,2026-04-30,Refund Request,Medium,Requesting refund for recent purchase,Normal Operations
T1959,C75702,2026-04-30,Refund Request,Medium,Customer requested refund,Normal Operations
T1960,C41955,2026-04-30,Product Inquiry,Medium,Need more product information,Normal Operations
T1961,C40644,2026-04-30,Order Tracking,High,Need tracking information,Normal Operations
T1962,C66395,2026-04-30,Account Question,Medium,Account related inquiry,Normal Operations
T1963,C85375,2026-04-30,Account Question,Low,Question regarding account settings,Normal Operations
T1964,C75792,2026-04-30,Product Inquiry,Medium,Need more product information,Normal Operations
T1965,C28401,2026-04-30,Return Request,Medium,Need assistance with return,Normal Operations
T1966,C75040,2026-04-30,Product Inquiry,Low,Question about product specifications,Normal Operations
T1967,C99977,2026-04-30,Product Inquiry,Medium,Question about product specifications,Normal Operations
T1968,C78083,2026-04-30,Account Question,Medium,Unable to update account information,Normal Operations
T1969,C70401,2026-05-01,Refund Request,High,Requesting refund for recent purchase,Normal Operations
T1970,C93103,2026-05-01,Account Question,Low,Unable to update account information,Normal Operations
T1971,C65422,2026-05-01,Order Tracking,Medium,Need tracking information,Normal Operations
T1972,C49112,2026-05-01,Order Tracking,Low,Order status not updated,Normal Operations
T1973,C42720,2026-05-01,Account Question,Low,Unable to update account information,Normal Operations
T1974,C13336,2026-05-01,Return Request,High,Return process inquiry,Normal Operations
T1975,C31008,2026-05-01,Product Inquiry,Low,Question about product specifications,Normal Operations
T1976,C26394,2026-05-01,Order Tracking,Medium,Need tracking information,Normal Operations
T1977,C5994,2026-05-01,Product Inquiry,Medium,Need more product information,Normal Operations
T1978,C42943,2026-05-01,Account Question,High,Account related inquiry,Normal Operations
T1979,C92260,2026-05-01,Refund Request,Medium,Requesting refund for recent purchase,Normal Operations
T1980,C29087,2026-05-01,Product Inquiry,Medium,Inquiry regarding product availability,Normal Operations
T1981,C83570,2026-05-01,Account Question,Low,Account related inquiry,Normal Operations
T1982,C53332,2026-05-01,Return Request,Low,Return process inquiry,Normal Operations
T1983,C53015,2026-05-02,Order Tracking,High,Unable to track order,Normal Operations
T1984,C35740,2026-05-02,Product Inquiry,Low,Inquiry regarding product availability,Normal Operations
T1985,C77029,2026-05-02,Product Inquiry,Medium,Question about product specifications,Normal Operations
T1986,C39030,2026-05-02,Order Tracking,Medium,Unable to track order,Normal Operations
T1987,C78219,2026-05-02,Refund Request,Medium,Requesting refund for recent purchase,Normal Operations
T1988,C46158,2026-05-02,Return Request,Medium,Need assistance with return,Normal Operations
T1989,C98073,2026-05-02,Product Inquiry,Medium,Inquiry regarding product availability,Normal Operations
T1990,C38099,2026-05-02,Product Inquiry,Medium,Inquiry regarding product availability,Normal Operations
T1991,C17559,2026-05-02,Account Question,Low,Unable to update account information,Normal Operations
T1992,C92104,2026-05-02,Return Request,Medium,Return process inquiry,Normal Operations
T1993,C77925,2026-05-02,Product Inquiry,Medium,Inquiry regarding product availability,Normal Operations
T1994,C51953,2026-05-03,Refund Request,Low,Requesting refund for recent purchase,Normal Operations
T1995,C26850,2026-05-03,Product Inquiry,High,Inquiry regarding product availability,Normal Operations
T1996,C770,2026-05-03,Product Inquiry,Medium,Question about product specifications,Normal Operations
T1997,C18654,2026-05-03,Account Question,High,Question regarding account settings,Normal Operations
T1998,C42400,2026-05-03,Return Request,Medium,Return process inquiry,Normal Operations
T1999,C76632,2026-05-03,Product Inquiry,Medium,Need more product information,Normal Operations
T2000,C74703,2026-05-03,Order Tracking,Medium,Order status not updated,Normal Operations
T2001,C556,2026-05-03,Refund Request,Low,Refund not processed,Normal Operations
T2002,C59275,2026-05-03,Product Inquiry,Medium,Inquiry regarding product availability,Normal Operations
T2003,C53020,2026-05-04,Return Request,Medium,Customer wants to return product,Normal Operations
T2004,C84086,2026-05-04,Order Tracking,Low,Unable to track order,Normal Operations
T2005,C79972,2026-05-04,Return Request,Medium,Need assistance with return,Normal Operations
T2006,C4382,2026-05-04,Refund Request,Medium,Refund not processed,Normal Operations
T2007,C94946,2026-05-04,Order Tracking,Low,Need tracking information,Normal Operations
T2008,C97470,2026-05-04,Return Request,Low,Need assistance with return,Normal Operations
T2009,C4582,2026-05-04,Account Question,High,Unable to update account information,Normal Operations
T2010,C50183,2026-05-04,Order Tracking,Medium,Need tracking information,Normal Operations
T2011,C13164,2026-05-04,Account Question,Low,Account related inquiry,Normal Operations
T2012,C22420,2026-05-04,Order Tracking,Low,Unable to track order,Normal Operations
T2013,C32215,2026-05-05,Product Inquiry,High,Inquiry regarding product availability,Normal Operations
T2014,C2414,2026-05-05,Account Question,Low,Account related inquiry,Normal Operations
T2015,C68105,2026-05-05,Product Inquiry,Medium,Need more product information,Normal Operations
T2016,C37680,2026-05-05,Order Tracking,Low,Need tracking information,Normal Operations
T2017,C65132,2026-05-05,Refund Request,Medium,Refund not processed,Normal Operations
T2018,C1215,2026-05-05,Product Inquiry,Low,Need more product information,Normal Operations
T2019,C32981,2026-05-05,Product Inquiry,Medium,Inquiry regarding product availability,Normal Operations
T2020,C22302,2026-05-05,Refund Request,Medium,Refund not processed,Normal Operations
T2021,C13778,2026-05-05,Account Question,High,Question regarding account settings,Normal Operations
T2022,C3846,2026-05-05,Order Tracking,Low,Unable to track order,Normal Operations
T2023,C98683,2026-05-05,Return Request,Low,Customer wants to return product,Normal Operations
T2024,C16609,2026-05-06,Order Tracking,High,Need tracking information,Normal Operations
T2025,C87909,2026-05-06,Return Request,Medium,Need assistance with return,Normal Operations
T2026,C56326,2026-05-06,Refund Request,Low,Requesting refund for recent purchase,Normal Operations
T2027,C19936,2026-05-06,Account Question,Medium,Account related inquiry,Normal Operations
T2028,C57854,2026-05-06,Product Inquiry,Medium,Question about product specifications,Normal Operations
T2029,C76670,2026-05-06,Account Question,Medium,Question regarding account settings,Normal Operations
T2030,C67314,2026-05-06,Order Tracking,High,Unable to track order,Normal Operations
T2031,C18162,2026-05-06,Account Question,High,Unable to update account information,Normal Operations
T2032,C58646,2026-05-07,Order Tracking,Medium,Unable to track order,Normal Operations
T2033,C70193,2026-05-07,Product Inquiry,Low,Inquiry regarding product availability,Normal Operations
T2034,C1832,2026-05-07,Account Question,Low,Account related inquiry,Normal Operations
T2035,C55569,2026-05-07,Return Request,High,Need assistance with return,Normal Operations
T2036,C76509,2026-05-07,Return Request,Low,Return process inquiry,Normal Operations
T2037,C33173,2026-05-07,Return Request,Low,Customer wants to return product,Normal Operations
T2038,C36614,2026-05-07,Account Question,Medium,Unable to update account information,Normal Operations
T2039,C16449,2026-05-07,Refund Request,Low,Customer requested refund,Normal Operations
T2040,C369,2026-05-07,Order Tracking,Low,Need tracking information,Normal Operations
T2041,C25497,2026-05-07,Product Inquiry,Low,Need more product information,Normal Operations
T2042,C67006,2026-05-07,Refund Request,Medium,Requesting refund for recent purchase,Normal Operations
T2043,C28366,2026-05-08,Account Question,Medium,Unable to update account information,Normal Operations
T2044,C80772,2026-05-08,Refund Request,High,Refund not processed,Normal Operations
T2045,C19277,2026-05-08,Return Request,Medium,Need assistance with return,Normal Operations
T2046,C62148,2026-05-08,Product Inquiry,High,Inquiry regarding product availability,Normal Operations
T2047,C81336,2026-05-08,Account Question,Medium,Account related inquiry,Normal Operations
T2048,C46183,2026-05-08,Account Question,Medium,Account related inquiry,Normal Operations
T2049,C27198,2026-05-08,Product Inquiry,High,Inquiry regarding product availability,Normal Operations
T2050,C78178,2026-05-08,Refund Request,High,Customer requested refund,Normal Operations
T2051,C56748,2026-05-08,Return Request,Low,Customer wants to return product,Normal Operations
T2052,C91229,2026-05-08,Account Question,Low,Account related inquiry,Normal Operations
T2053,C50831,2026-05-08,Return Request,Low,Need assistance with return,Normal Operations
T2054,C46220,2026-05-08,Refund Request,Medium,Refund not processed,Normal Operations
T2055,C83277,2026-05-08,Product Inquiry,Medium,Question about product specifications,Normal Operations
T2056,C67301,2026-05-08,Account Question,High,Account related inquiry,Normal Operations
T2057,C98972,2026-05-09,Account Question,Medium,Question regarding account settings,Normal Operations
T2058,C85991,2026-05-09,Product Inquiry,Medium,Inquiry regarding product availability,Normal Operations
T2059,C91245,2026-05-09,Product Inquiry,Low,Need more product information,Normal Operations
T2060,C32126,2026-05-09,Order Tracking,Medium,Unable to track order,Normal Operations
T2061,C47086,2026-05-09,Return Request,Low,Need assistance with return,Normal Operations
T2062,C87422,2026-05-09,Return Request,High,Return process inquiry,Normal Operations
T2063,C23933,2026-05-09,Return Request,Medium,Return process inquiry,Normal Operations
T2064,C85469,2026-05-09,Product Inquiry,Medium,Need more product information,Normal Operations
T2065,C18808,2026-05-09,Refund Request,Low,Requesting refund for recent purchase,Normal Operations
T2066,C70249,2026-05-09,Account Question,Medium,Question regarding account settings,Normal Operations
T2067,C22607,2026-05-10,Return Request,Low,Need assistance with return,Normal Operations
T2068,C93287,2026-05-10,Order Tracking,Medium,Need tracking information,Normal Operations
T2069,C20596,2026-05-10,Order Tracking,Low,Order status not updated,Normal Operations
T2070,C36496,2026-05-10,Refund Request,Medium,Refund not processed,Normal Operations
T2071,C88479,2026-05-10,Order Tracking,High,Unable to track order,Normal Operations
T2072,C33350,2026-05-10,Refund Request,Medium,Customer requested refund,Normal Operations
T2073,C68922,2026-05-10,Account Question,Low,Account related inquiry,Normal Operations
T2074,C4135,2026-05-10,Product Inquiry,Low,Inquiry regarding product availability,Normal Operations
T2075,C1910,2026-05-10,Order Tracking,Medium,Order status not updated,Normal Operations
T2076,C34732,2026-05-10,Product Inquiry,High,Need more product information,Normal Operations
T2077,C84982,2026-05-10,Order Tracking,Low,Need tracking information,Normal Operations
T2078,C59011,2026-05-10,Refund Request,Low,Customer requested refund,Normal Operations
T2079,C1068,2026-05-10,Return Request,Medium,Return process inquiry,Normal Operations
T2080,C48522,2026-05-10,Refund Request,Medium,Requesting refund for recent purchase,Normal Operations
T2081,C61246,2026-05-11,Account Question,High,Account related inquiry,Normal Operations
T2082,C92119,2026-05-11,Return Request,Low,Need assistance with return,Normal Operations
T2083,C17222,2026-05-11,Product Inquiry,High,Need more product information,Normal Operations
T2084,C41832,2026-05-11,Order Tracking,Medium,Need tracking information,Normal Operations
T2085,C86339,2026-05-11,Account Question,Medium,Account related inquiry,Normal Operations
T2086,C43311,2026-05-11,Product Inquiry,Low,Inquiry regarding product availability,Normal Operations
T2087,C42496,2026-05-11,Order Tracking,Medium,Order status not updated,Normal Operations
T2088,C27786,2026-05-11,Return Request,Medium,Customer wants to return product,Normal Operations
T2089,C77476,2026-05-11,Refund Request,Medium,Customer requested refund,Normal Operations
T2090,C35455,2026-05-12,Refund Request,Medium,Requesting refund for recent purchase,Normal Operations
T2091,C84295,2026-05-12,Account Question,Low,Unable to update account information,Normal Operations
T2092,C68937,2026-05-12,Order Tracking,Low,Order status not updated,Normal Operations
T2093,C76429,2026-05-12,Return Request,High,Customer wants to return product,Normal Operations
T2094,C37208,2026-05-12,Order Tracking,Medium,Need tracking information,Normal Operations
T2095,C42439,2026-05-12,Return Request,Low,Return process inquiry,Normal Operations
T2096,C56863,2026-05-12,Account Question,Medium,Unable to update account information,Normal Operations
T2097,C26146,2026-05-12,Refund Request,Low,Requesting refund for recent purchase,Normal Operations
T2098,C25597,2026-05-12,Product Inquiry,Low,Question about product specifications,Normal Operations
T2099,C15765,2026-05-12,Account Question,Low,Question regarding account settings,Normal Operations
T2100,C44646,2026-05-12,Product Inquiry,Low,Inquiry regarding product availability,Normal Operations
T2101,C85502,2026-05-13,Order Tracking,Low,Need tracking information,Normal Operations
T2102,C13895,2026-05-13,Account Question,High,Unable to update account information,Normal Operations
T2103,C81259,2026-05-13,Product Inquiry,High,Need more product information,Normal Operations
T2104,C17734,2026-05-13,Order Tracking,High,Order status not updated,Normal Operations
T2105,C58972,2026-05-13,Account Question,Medium,Question regarding account settings,Normal Operations
T2106,C52961,2026-05-13,Refund Request,Medium,Customer requested refund,Normal Operations
T2107,C48138,2026-05-13,Product Inquiry,Medium,Need more product information,Normal Operations
T2108,C46413,2026-05-13,Refund Request,Medium,Customer requested refund,Normal Operations
T2109,C84434,2026-05-13,Refund Request,Low,Requesting refund for recent purchase,Normal Operations
T2110,C79287,2026-05-13,Product Inquiry,Low,Question about product specifications,Normal Operations
T2111,C7066,2026-05-13,Return Request,Low,Customer wants to return product,Normal Operations
T2112,C57858,2026-05-13,Account Question,Medium,Question regarding account settings,Normal Operations
T2113,C94708,2026-05-14,Return Request,Low,Return process inquiry,Normal Operations
T2114,C96857,2026-05-14,Account Question,Medium,Account related inquiry,Normal Operations
T2115,C80142,2026-05-14,Return Request,Low,Customer wants to return product,Normal Operations
T2116,C33838,2026-05-14,Refund Request,Medium,Customer requested refund,Normal Operations
T2117,C34524,2026-05-14,Return Request,High,Customer wants to return product,Normal Operations
T2118,C10515,2026-05-14,Product Inquiry,High,Question about product specifications,Normal Operations
T2119,C6257,2026-05-14,Return Request,Medium,Return process inquiry,Normal Operations
T2120,C94938,2026-05-14,Refund Request,Low,Customer requested refund,Normal Operations
T2121,C89923,2026-05-14,Refund Request,Low,Refund not processed,Normal Operations
T2122,C25571,2026-05-14,Refund Request,Low,Refund not processed,Normal Operations
T2123,C65937,2026-05-14,Return Request,Medium,Customer wants to return product,Normal Operations
T2124,C24407,2026-05-14,Account Question,Low,Question regarding account settings,Normal Operations
T2125,C86754,2026-05-15,Refund Request,Low,Customer requested refund,Normal Operations
T2126,C14692,2026-05-15,Product Inquiry,High,Need more product information,Normal Operations
T2127,C16407,2026-05-15,Product Inquiry,Low,Inquiry regarding product availability,Normal Operations
T2128,C20801,2026-05-15,Refund Request,Low,Customer requested refund,Normal Operations
T2129,C15439,2026-05-15,Refund Request,Medium,Customer requested refund,Normal Operations
T2130,C54214,2026-05-15,Product Inquiry,Medium,Need more product information,Normal Operations
T2131,C5436,2026-05-15,Order Tracking,High,Need tracking information,Normal Operations
T2132,C31499,2026-05-15,Order Tracking,Low,Unable to track order,Normal Operations
T2133,C5575,2026-05-15,Order Tracking,Medium,Order status not updated,Normal Operations
T2134,C54413,2026-05-15,Return Request,Medium,Need assistance with return,Normal Operations
T2135,C56573,2026-05-16,Refund Request,Low,Requesting refund for recent purchase,Normal Operations
T2136,C36070,2026-05-16,Return Request,Low,Return process inquiry,Normal Operations
T2137,C11587,2026-05-16,Product Inquiry,Low,Inquiry regarding product availability,Normal Operations
T2138,C79469,2026-05-16,Product Inquiry,High,Inquiry regarding product availability,Normal Operations
T2139,C57135,2026-05-16,Order Tracking,High,Unable to track order,Normal Operations
T2140,C21391,2026-05-16,Order Tracking,High,Order status not updated,Normal Operations
T2141,C74328,2026-05-16,Return Request,Medium,Customer wants to return product,Normal Operations
T2142,C7834,2026-05-16,Return Request,Low,Return process inquiry,Normal Operations
T2143,C15755,2026-05-16,Order Tracking,Medium,Need tracking information,Normal Operations
T2144,C97428,2026-05-17,Product Inquiry,Medium,Need more product information,Normal Operations
T2145,C96652,2026-05-17,Account Question,Medium,Account related inquiry,Normal Operations
T2146,C34078,2026-05-17,Order Tracking,Low,Need tracking information,Normal Operations
T2147,C77515,2026-05-17,Return Request,Low,Customer wants to return product,Normal Operations
T2148,C29378,2026-05-17,Account Question,Medium,Question regarding account settings,Normal Operations
T2149,C99251,2026-05-17,Refund Request,Low,Customer requested refund,Normal Operations
T2150,C4945,2026-05-17,Account Question,Low,Question regarding account settings,Normal Operations
T2151,C55284,2026-05-17,Order Tracking,Medium,Need tracking information,Normal Operations
T2152,C39466,2026-05-18,Return Request,High,Need assistance with return,Normal Operations
T2153,C53633,2026-05-18,Order Tracking,Low,Unable to track order,Normal Operations
T2154,C80721,2026-05-18,Order Tracking,Medium,Unable to track order,Normal Operations
T2155,C11657,2026-05-18,Return Request,Medium,Need assistance with return,Normal Operations
T2156,C88649,2026-05-18,Refund Request,Low,Customer requested refund,Normal Operations
T2157,C24004,2026-05-18,Product Inquiry,Medium,Question about product specifications,Normal Operations
T2158,C16683,2026-05-18,Order Tracking,Low,Unable to track order,Normal Operations
T2159,C71919,2026-05-18,Product Inquiry,Low,Need more product information,Normal Operations
T2160,C371,2026-05-18,Account Question,Low,Question regarding account settings,Normal Operations
T2161,C94938,2026-05-19,Account Question,Medium,Question regarding account settings,Normal Operations
T2162,C28226,2026-05-19,Account Question,High,Question regarding account settings,Normal Operations
T2163,C59897,2026-05-19,Return Request,Medium,Return process inquiry,Normal Operations
T2164,C77401,2026-05-19,Return Request,Low,Customer wants to return product,Normal Operations
T2165,C57176,2026-05-19,Account Question,High,Account related inquiry,Normal Operations
T2166,C99795,2026-05-19,Refund Request,Medium,Refund not processed,Normal Operations
T2167,C47079,2026-05-19,Product Inquiry,Medium,Question about product specifications,Normal Operations
T2168,C12885,2026-05-19,Refund Request,Medium,Refund not processed,Normal Operations
T2169,C71493,2026-05-19,Product Inquiry,Low,Question about product specifications,Normal Operations
T2170,C5191,2026-05-19,Refund Request,Low,Requesting refund for recent purchase,Normal Operations
T2171,C44649,2026-05-20,Refund Request,Low,Requesting refund for recent purchase,Normal Operations
T2172,C51260,2026-05-20,Order Tracking,Low,Order status not updated,Normal Operations
T2173,C84668,2026-05-20,Refund Request,Low,Requesting refund for recent purchase,Normal Operations
T2174,C50618,2026-05-20,Order Tracking,High,Need tracking information,Normal Operations
T2175,C46927,2026-05-20,Return Request,Low,Customer wants to return product,Normal Operations
T2176,C63172,2026-05-20,Return Request,Medium,Customer wants to return product,Normal Operations
T2177,C37290,2026-05-20,Return Request,Low,Need assistance with return,Normal Operations
T2178,C34471,2026-05-20,Order Tracking,Low,Unable to track order,Normal Operations
T2179,C26383,2026-05-20,Account Question,Low,Question regarding account settings,Normal Operations
T2180,C81239,2026-05-20,Account Question,High,Unable to update account information,Normal Operations
T2181,C57889,2026-05-20,Return Request,Medium,Return process inquiry,Normal Operations
T2182,C75604,2026-05-21,Order Tracking,Low,Unable to track order,Normal Operations
T2183,C45648,2026-05-21,Refund Request,Low,Customer requested refund,Normal Operations
T2184,C38384,2026-05-21,Return Request,Low,Need assistance with return,Normal Operations
T2185,C94050,2026-05-21,Refund Request,Low,Customer requested refund,Normal Operations
T2186,C55613,2026-05-21,Product Inquiry,Medium,Need more product information,Normal Operations
T2187,C78346,2026-05-21,Refund Request,High,Requesting refund for recent purchase,Normal Operations
T2188,C35525,2026-05-21,Account Question,Low,Account related inquiry,Normal Operations
T2189,C52244,2026-05-21,Refund Request,High,Requesting refund for recent purchase,Normal Operations
T2190,C3204,2026-05-21,Order Tracking,Medium,Need tracking information,Normal Operations
T2191,C77187,2026-05-21,Order Tracking,Medium,Need tracking information,Normal Operations
T2192,C802,2026-05-21,Return Request,High,Return process inquiry,Normal Operations
T2193,C82270,2026-05-21,Order Tracking,Low,Unable to track order,Normal Operations
T2194,C9973,2026-05-22,Return Request,Low,Customer wants to return product,Normal Operations
T2195,C89615,2026-05-22,Order Tracking,Medium,Need tracking information,Normal Operations
T2196,C46405,2026-05-22,Order Tracking,Low,Unable to track order,Normal Operations
T2197,C6773,2026-05-22,Product Inquiry,Low,Inquiry regarding product availability,Normal Operations
T2198,C54098,2026-05-22,Return Request,Low,Customer wants to return product,Normal Operations
T2199,C87194,2026-05-22,Order Tracking,Medium,Unable to track order,Normal Operations
T2200,C88823,2026-05-22,Product Inquiry,Medium,Inquiry regarding product availability,Normal Operations
T2201,C81742,2026-05-22,Account Question,High,Unable to update account information,Normal Operations
T2202,C43517,2026-05-22,Refund Request,Medium,Requesting refund for recent purchase,Normal Operations
T2203,C20432,2026-05-23,Account Question,Low,Account related inquiry,Normal Operations
T2204,C31386,2026-05-23,Product Inquiry,Low,Inquiry regarding product availability,Normal Operations
T2205,C88223,2026-05-23,Refund Request,Low,Requesting refund for recent purchase,Normal Operations
T2206,C78895,2026-05-23,Refund Request,Low,Requesting refund for recent purchase,Normal Operations
T2207,C34960,2026-05-23,Order Tracking,Low,Unable to track order,Normal Operations
T2208,C74409,2026-05-23,Account Question,Low,Account related inquiry,Normal Operations
T2209,C92642,2026-05-23,Account Question,High,Unable to update account information,Normal Operations
T2210,C13542,2026-05-23,Refund Request,Low,Refund not processed,Normal Operations
T2211,C92265,2026-05-23,Order Tracking,Low,Need tracking information,Normal Operations
T2212,C66692,2026-05-23,Order Tracking,Medium,Order status not updated,Normal Operations
T2213,C67854,2026-05-23,Order Tracking,Low,Order status not updated,Normal Operations
T2214,C68048,2026-05-23,Account Question,Medium,Question regarding account settings,Normal Operations
T2215,C7849,2026-05-23,Product Inquiry,High,Question about product specifications,Normal Operations
T2216,C35234,2026-05-24,Return Request,Medium,Need assistance with return,Normal Operations
T2217,C93312,2026-05-24,Order Tracking,Medium,Unable to track order,Normal Operations
T2218,C73747,2026-05-24,Refund Request,High,Requesting refund for recent purchase,Normal Operations
T2219,C50412,2026-05-24,Product Inquiry,Low,Inquiry regarding product availability,Normal Operations
T2220,C71310,2026-05-24,Refund Request,High,Customer requested refund,Normal Operations
T2221,C88032,2026-05-24,Account Question,Low,Question regarding account settings,Normal Operations
T2222,C93294,2026-05-24,Product Inquiry,Low,Question about product specifications,Normal Operations
T2223,C51884,2026-05-24,Return Request,Medium,Need assistance with return,Normal Operations
T2224,C43221,2026-05-24,Return Request,High,Need assistance with return,Normal Operations
T2225,C28877,2026-05-25,Return Request,Medium,Need assistance with return,Normal Operations
T2226,C49229,2026-05-25,Return Request,Medium,Customer wants to return product,Normal Operations
T2227,C61261,2026-05-25,Order Tracking,Medium,Unable to track order,Normal Operations
T2228,C96344,2026-05-25,Order Tracking,High,Order status not updated,Normal Operations
T2229,C33013,2026-05-25,Account Question,Low,Question regarding account settings,Normal Operations
T2230,C17277,2026-05-25,Account Question,Low,Unable to update account information,Normal Operations
T2231,C10392,2026-05-25,Refund Request,Low,Customer requested refund,Normal Operations
T2232,C78587,2026-05-25,Account Question,High,Unable to update account information,Normal Operations
T2233,C79072,2026-05-25,Order Tracking,High,Need tracking information,Normal Operations
T2234,C9853,2026-05-25,Return Request,High,Need assistance with return,Normal Operations
T2235,C33726,2026-05-25,Product Inquiry,High,Question about product specifications,Normal Operations
T2236,C11596,2026-05-26,Refund Request,Medium,Refund not processed,Normal Operations
T2237,C75543,2026-05-26,Return Request,High,Return process inquiry,Normal Operations
T2238,C35646,2026-05-26,Refund Request,Medium,Customer requested refund,Normal Operations
T2239,C8750,2026-05-26,Return Request,Medium,Return process inquiry,Normal Operations
T2240,C17324,2026-05-26,Refund Request,Medium,Refund not processed,Normal Operations
T2241,C97368,2026-05-26,Refund Request,Low,Refund not processed,Normal Operations
T2242,C72724,2026-05-26,Order Tracking,Medium,Unable to track order,Normal Operations
T2243,C79945,2026-05-26,Refund Request,High,Refund not processed,Normal Operations
T2244,C12121,2026-05-26,Account Question,High,Account related inquiry,Normal Operations
T2245,C87823,2026-05-26,Account Question,Low,Question regarding account settings,Normal Operations
T2246,C47599,2026-05-27,Return Request,Medium,Return process inquiry,Normal Operations
T2247,C36913,2026-05-27,Product Inquiry,High,Need more product information,Normal Operations
T2248,C15929,2026-05-27,Refund Request,Low,Requesting refund for recent purchase,Normal Operations
T2249,C60999,2026-05-27,Refund Request,Medium,Customer requested refund,Normal Operations
T2250,C67043,2026-05-27,Account Question,High,Account related inquiry,Normal Operations
T2251,C44564,2026-05-27,Return Request,Low,Return process inquiry,Normal Operations
T2252,C69673,2026-05-27,Refund Request,Low,Refund not processed,Normal Operations
T2253,C92439,2026-05-27,Order Tracking,Low,Order status not updated,Normal Operations
T2254,C62364,2026-05-27,Refund Request,Low,Customer requested refund,Normal Operations
T2255,C3622,2026-05-27,Return Request,Medium,Customer wants to return product,Normal Operations
T2256,C66189,2026-05-28,Product Inquiry,Medium,Question about product specifications,Normal Operations
T2257,C15660,2026-05-28,Account Question,High,Account related inquiry,Normal Operations
T2258,C93824,2026-05-28,Refund Request,High,Requesting refund for recent purchase,Normal Operations
T2259,C27625,2026-05-28,Return Request,Medium,Return process inquiry,Normal Operations
T2260,C57746,2026-05-28,Product Inquiry,High,Need more product information,Normal Operations
T2261,C85844,2026-05-28,Account Question,Low,Account related inquiry,Normal Operations
T2262,C21515,2026-05-28,Account Question,Medium,Question regarding account settings,Normal Operations
T2263,C81407,2026-05-28,Order Tracking,Low,Unable to track order,Normal Operations
T2264,C75009,2026-05-28,Return Request,Low,Customer wants to return product,Normal Operations
T2265,C25193,2026-05-29,Account Question,High,Question regarding account settings,Normal Operations
T2266,C85598,2026-05-29,Refund Request,Low,Refund not processed,Normal Operations
T2267,C73742,2026-05-29,Refund Request,Medium,Refund not processed,Normal Operations
T2268,C15705,2026-05-29,Order Tracking,High,Unable to track order,Normal Operations
T2269,C1196,2026-05-29,Order Tracking,Medium,Order status not updated,Normal Operations
T2270,C21687,2026-05-29,Account Question,Low,Account related inquiry,Normal Operations
T2271,C2403,2026-05-29,Order Tracking,Medium,Unable to track order,Normal Operations
T2272,C14916,2026-05-29,Return Request,High,Need assistance with return,Normal Operations
T2273,C22621,2026-05-29,Account Question,Low,Unable to update account information,Normal Operations
T2274,C76122,2026-05-29,Refund Request,Medium,Customer requested refund,Normal Operations
T2275,C49933,2026-05-30,Return Request,Medium,Need assistance with return,Normal Operations
T2276,C74392,2026-05-30,Return Request,Medium,Need assistance with return,Normal Operations
T2277,C47830,2026-05-30,Product Inquiry,Low,Inquiry regarding product availability,Normal Operations
T2278,C94793,2026-05-30,Refund Request,High,Requesting refund for recent purchase,Normal Operations
T2279,C79199,2026-05-30,Return Request,Low,Customer wants to return product,Normal Operations
T2280,C19421,2026-05-30,Account Question,Low,Unable to update account information,Normal Operations
T2281,C44136,2026-05-30,Refund Request,Low,Refund not processed,Normal Operations
T2282,C76854,2026-05-30,Return Request,Low,Need assistance with return,Normal Operations
T2283,C7690,2026-05-30,Order Tracking,High,Need tracking information,Normal Operations
T2284,C37413,2026-05-30,Return Request,High,Return process inquiry,Normal Operations
T2285,C22229,2026-05-30,Order Tracking,Medium,Order status not updated,Normal Operations
T2286,C14729,2026-05-30,Return Request,Low,Need assistance with return,Normal Operations
T2287,C98751,2026-05-30,Account Question,Medium,Account related inquiry,Normal Operations
T2288,C30616,2026-05-30,Return Request,Medium,Return process inquiry,Normal Operations
T2289,C27633,2026-05-31,Refund Request,Medium,Refund not processed,Normal Operations
T2290,C68050,2026-05-31,Order Tracking,Low,Order status not updated,Normal Operations
T2291,C73758,2026-05-31,Order Tracking,Low,Unable to track order,Normal Operations
T2292,C14649,2026-05-31,Order Tracking,Low,Order status not updated,Normal Operations
T2293,C86714,2026-05-31,Refund Request,High,Customer requested refund,Normal Operations
T2294,C63296,2026-05-31,Refund Request,Medium,Customer requested refund,Normal Operations
T2295,C83107,2026-05-31,Order Tracking,Medium,Need tracking information,Normal Operations
T2296,C65889,2026-05-31,Account Question,Low,Question regarding account settings,Normal Operations
T2297,C4508,2026-05-31,Product Inquiry,High,Question about product specifications,Normal Operations
T2298,C55955,2026-06-01,Performance Issue,Medium,Screen takes too long to load,Mobile App Release
T2299,C49396,2026-06-01,Performance Issue,Low,Screen takes too long to load,Mobile App Release
T2300,C58906,2026-06-01,Login Problem,High,Authentication issue,Mobile App Release
T2301,C4019,2026-06-01,App Crash,Medium,Unable to use mobile app,Mobile App Release
T2302,C28344,2026-06-01,Performance Issue,Low,App is very slow,Mobile App Release
T2303,C18264,2026-06-01,Login Problem,High,Authentication issue,Mobile App Release
T2304,C90899,2026-06-01,Performance Issue,High,Performance degraded,Mobile App Release
T2305,C55834,2026-06-01,Login Problem,High,Login keeps failing,Mobile App Release
T2306,C78316,2026-06-01,Login Problem,Low,Authentication issue,Mobile App Release
T2307,C9796,2026-06-01,App Crash,Medium,Application crashes after update,Mobile App Release
T2308,C64861,2026-06-01,App Crash,Medium,Unable to use mobile app,Mobile App Release
T2309,C96579,2026-06-01,App Crash,Medium,Unable to use mobile app,Mobile App Release
T2310,C55729,2026-06-01,App Crash,Low,Application crashes after update,Mobile App Release
T2311,C68185,2026-06-01,Performance Issue,Medium,Performance degraded,Mobile App Release
T2312,C72944,2026-06-01,App Crash,High,Application crashes after update,Mobile App Release
T2313,C47781,2026-06-01,Performance Issue,Medium,App is very slow,Mobile App Release
T2314,C61359,2026-06-01,Login Problem,Low,Authentication issue,Mobile App Release
T2315,C59057,2026-06-01,Login Problem,High,Authentication issue,Mobile App Release
T2316,C82807,2026-06-01,Login Problem,Medium,Cannot login after update,Mobile App Release
T2317,C63156,2026-06-01,Performance Issue,Medium,Performance degraded,Mobile App Release
T2318,C82216,2026-06-01,Login Problem,High,Cannot login after update,Mobile App Release
T2319,C98629,2026-06-02,Performance Issue,Medium,Performance degraded,Mobile App Release
T2320,C85039,2026-06-02,Performance Issue,High,Performance degraded,Mobile App Release
T2321,C17291,2026-06-02,Login Problem,Medium,Cannot login after update,Mobile App Release
T2322,C32536,2026-06-02,Login Problem,High,Authentication issue,Mobile App Release
T2323,C42030,2026-06-02,Login Problem,Low,Cannot login after update,Mobile App Release
T2324,C46941,2026-06-02,Performance Issue,Medium,App is very slow,Mobile App Release
T2325,C19643,2026-06-02,Login Problem,Low,Cannot login after update,Mobile App Release
T2326,C84854,2026-06-02,App Crash,High,Unable to use mobile app,Mobile App Release
T2327,C13314,2026-06-02,Login Problem,High,Cannot login after update,Mobile App Release
T2328,C28440,2026-06-02,Performance Issue,Low,Screen takes too long to load,Mobile App Release
T2329,C22695,2026-06-02,Login Problem,High,Authentication issue,Mobile App Release
T2330,C22392,2026-06-02,Login Problem,Low,Cannot login after update,Mobile App Release
T2331,C80619,2026-06-02,App Crash,Low,Application crashes after update,Mobile App Release
T2332,C62538,2026-06-02,Login Problem,Low,Login keeps failing,Mobile App Release
T2333,C78554,2026-06-02,App Crash,Medium,Unable to use mobile app,Mobile App Release
T2334,C24715,2026-06-02,App Crash,Low,Application crashes after update,Mobile App Release
T2335,C43206,2026-06-02,App Crash,Low,App closes unexpectedly,Mobile App Release
T2336,C13093,2026-06-02,Performance Issue,Low,Screen takes too long to load,Mobile App Release
T2337,C90752,2026-06-02,Login Problem,Low,Authentication issue,Mobile App Release
T2338,C78628,2026-06-02,App Crash,Low,App closes unexpectedly,Mobile App Release
T2339,C560,2026-06-02,Performance Issue,Low,Screen takes too long to load,Mobile App Release
T2340,C20373,2026-06-02,App Crash,Low,App closes unexpectedly,Mobile App Release
T2341,C32545,2026-06-02,App Crash,Medium,Application crashes after update,Mobile App Release
T2342,C34601,2026-06-03,Performance Issue,Medium,App is very slow,Mobile App Release
T2343,C69688,2026-06-03,App Crash,High,Application crashes after update,Mobile App Release
T2344,C87641,2026-06-03,App Crash,Low,App closes unexpectedly,Mobile App Release
T2345,C44675,2026-06-03,App Crash,Low,App closes unexpectedly,Mobile App Release
T2346,C37298,2026-06-03,Performance Issue,Medium,App is very slow,Mobile App Release
T2347,C70052,2026-06-03,App Crash,Low,App closes unexpectedly,Mobile App Release
T2348,C72323,2026-06-03,App Crash,Medium,App closes unexpectedly,Mobile App Release
T2349,C32814,2026-06-03,Login Problem,Medium,Cannot login after update,Mobile App Release
T2350,C16631,2026-06-03,App Crash,Low,Unable to use mobile app,Mobile App Release
T2351,C64592,2026-06-03,App Crash,Medium,App closes unexpectedly,Mobile App Release
T2352,C55185,2026-06-03,App Crash,Medium,Application crashes after update,Mobile App Release
T2353,C73310,2026-06-03,App Crash,High,Unable to use mobile app,Mobile App Release
T2354,C2109,2026-06-03,Login Problem,Medium,Authentication issue,Mobile App Release
T2355,C77215,2026-06-03,Performance Issue,Low,Screen takes too long to load,Mobile App Release
T2356,C69869,2026-06-03,App Crash,Low,Unable to use mobile app,Mobile App Release
T2357,C15701,2026-06-03,App Crash,Low,App closes unexpectedly,Mobile App Release
T2358,C72500,2026-06-03,Performance Issue,Medium,Performance degraded,Mobile App Release
T2359,C45168,2026-06-03,Performance Issue,Medium,Performance degraded,Mobile App Release
T2360,C46711,2026-06-03,Login Problem,Medium,Authentication issue,Mobile App Release
T2361,C56222,2026-06-03,App Crash,Low,Unable to use mobile app,Mobile App Release
T2362,C34347,2026-06-03,Login Problem,Medium,Authentication issue,Mobile App Release
T2363,C31534,2026-06-03,Performance Issue,Low,App is very slow,Mobile App Release
T2364,C20345,2026-06-03,App Crash,Medium,App closes unexpectedly,Mobile App Release
T2365,C19117,2026-06-03,Login Problem,Medium,Cannot login after update,Mobile App Release
T2366,C30783,2026-06-03,Performance Issue,Medium,Screen takes too long to load,Mobile App Release
T2367,C91557,2026-06-03,App Crash,Low,Unable to use mobile app,Mobile App Release
T2368,C96189,2026-06-03,Login Problem,High,Cannot login after update,Mobile App Release
T2369,C78288,2026-06-03,Performance Issue,High,App is very slow,Mobile App Release
T2370,C98376,2026-06-03,Login Problem,Low,Authentication issue,Mobile App Release
T2371,C83769,2026-06-03,Login Problem,Low,Cannot login after update,Mobile App Release
T2372,C62452,2026-06-03,Performance Issue,Low,Screen takes too long to load,Mobile App Release
T2373,C35795,2026-06-03,Performance Issue,Medium,App is very slow,Mobile App Release
T2374,C35058,2026-06-04,App Crash,Low,Unable to use mobile app,Mobile App Release
T2375,C44112,2026-06-04,App Crash,Low,App closes unexpectedly,Mobile App Release
T2376,C97152,2026-06-04,Login Problem,Low,Login keeps failing,Mobile App Release
T2377,C77871,2026-06-04,Login Problem,Medium,Authentication issue,Mobile App Release
T2378,C90576,2026-06-04,App Crash,Low,Unable to use mobile app,Mobile App Release
T2379,C84102,2026-06-04,Performance Issue,Medium,Screen takes too long to load,Mobile App Release
T2380,C31569,2026-06-04,App Crash,Medium,App closes unexpectedly,Mobile App Release
T2381,C38774,2026-06-04,Performance Issue,Medium,Screen takes too long to load,Mobile App Release
T2382,C4312,2026-06-04,Performance Issue,Low,Performance degraded,Mobile App Release
T2383,C91226,2026-06-04,App Crash,Medium,Unable to use mobile app,Mobile App Release
T2384,C2581,2026-06-04,App Crash,Low,Application crashes after update,Mobile App Release
T2385,C53172,2026-06-04,Login Problem,Low,Login keeps failing,Mobile App Release
T2386,C54080,2026-06-04,App Crash,Low,App closes unexpectedly,Mobile App Release
T2387,C14261,2026-06-04,App Crash,Low,App closes unexpectedly,Mobile App Release
T2388,C15121,2026-06-04,App Crash,Medium,Unable to use mobile app,Mobile App Release
T2389,C55480,2026-06-04,Login Problem,Medium,Login keeps failing,Mobile App Release
T2390,C84154,2026-06-04,App Crash,Low,Unable to use mobile app,Mobile App Release
T2391,C40003,2026-06-04,App Crash,Low,Unable to use mobile app,Mobile App Release
T2392,C78948,2026-06-04,App Crash,Low,Application crashes after update,Mobile App Release
T2393,C37252,2026-06-04,Login Problem,Medium,Authentication issue,Mobile App Release
T2394,C51617,2026-06-04,Login Problem,Low,Login keeps failing,Mobile App Release
T2395,C39575,2026-06-05,App Crash,Low,Application crashes after update,Mobile App Release
T2396,C42719,2026-06-05,App Crash,Medium,Unable to use mobile app,Mobile App Release
T2397,C89315,2026-06-05,App Crash,Medium,App closes unexpectedly,Mobile App Release
T2398,C14319,2026-06-05,Performance Issue,Low,App is very slow,Mobile App Release
T2399,C91892,2026-06-05,Performance Issue,Low,App is very slow,Mobile App Release
T2400,C2838,2026-06-05,Performance Issue,Low,Screen takes too long to load,Mobile App Release
T2401,C40078,2026-06-05,App Crash,High,Unable to use mobile app,Mobile App Release
T2402,C29670,2026-06-05,App Crash,High,Application crashes after update,Mobile App Release
T2403,C11110,2026-06-05,Performance Issue,Medium,Performance degraded,Mobile App Release
T2404,C39237,2026-06-05,App Crash,Low,Application crashes after update,Mobile App Release
T2405,C81008,2026-06-05,Performance Issue,Low,App is very slow,Mobile App Release
T2406,C38986,2026-06-05,App Crash,Medium,App closes unexpectedly,Mobile App Release
T2407,C3771,2026-06-05,App Crash,Low,Unable to use mobile app,Mobile App Release
T2408,C52636,2026-06-05,Login Problem,Low,Cannot login after update,Mobile App Release
T2409,C43745,2026-06-05,App Crash,High,Application crashes after update,Mobile App Release
T2410,C14909,2026-06-05,App Crash,High,Unable to use mobile app,Mobile App Release
T2411,C96749,2026-06-05,Performance Issue,Low,Screen takes too long to load,Mobile App Release
T2412,C83552,2026-06-05,Login Problem,Low,Authentication issue,Mobile App Release
T2413,C27589,2026-06-05,Performance Issue,High,App is very slow,Mobile App Release
T2414,C4020,2026-06-05,App Crash,Medium,Unable to use mobile app,Mobile App Release
T2415,C95429,2026-06-05,App Crash,Medium,Application crashes after update,Mobile App Release
T2416,C11137,2026-06-05,Login Problem,Medium,Authentication issue,Mobile App Release
T2417,C66721,2026-06-05,Login Problem,High,Authentication issue,Mobile App Release
T2418,C69111,2026-06-05,App Crash,High,Application crashes after update,Mobile App Release
T2419,C85054,2026-06-05,Login Problem,Low,Login keeps failing,Mobile App Release
T2420,C81642,2026-06-05,Login Problem,Medium,Cannot login after update,Mobile App Release
T2421,C55402,2026-06-06,Login Problem,Medium,Cannot login after update,Mobile App Release
T2422,C50045,2026-06-06,Login Problem,Medium,Authentication issue,Mobile App Release
T2423,C37272,2026-06-06,App Crash,High,App closes unexpectedly,Mobile App Release
T2424,C23573,2026-06-06,Login Problem,Low,Login keeps failing,Mobile App Release
T2425,C63691,2026-06-06,Performance Issue,Medium,Screen takes too long to load,Mobile App Release
T2426,C27008,2026-06-06,App Crash,Low,Unable to use mobile app,Mobile App Release
T2427,C22025,2026-06-06,Login Problem,Low,Cannot login after update,Mobile App Release
T2428,C18158,2026-06-06,App Crash,Medium,App closes unexpectedly,Mobile App Release
T2429,C1757,2026-06-06,App Crash,Low,App closes unexpectedly,Mobile App Release
T2430,C58052,2026-06-06,App Crash,High,App closes unexpectedly,Mobile App Release
T2431,C87890,2026-06-06,Performance Issue,Medium,Performance degraded,Mobile App Release
T2432,C59813,2026-06-06,App Crash,Medium,Unable to use mobile app,Mobile App Release
T2433,C53252,2026-06-06,App Crash,Medium,Unable to use mobile app,Mobile App Release
T2434,C16227,2026-06-06,Login Problem,Medium,Authentication issue,Mobile App Release
T2435,C33823,2026-06-06,Performance Issue,Medium,App is very slow,Mobile App Release
T2436,C35158,2026-06-06,Performance Issue,Low,App is very slow,Mobile App Release
T2437,C27658,2026-06-06,Login Problem,Low,Cannot login after update,Mobile App Release
T2438,C44892,2026-06-06,Login Problem,Medium,Login keeps failing,Mobile App Release
T2439,C53011,2026-06-06,Performance Issue,Low,App is very slow,Mobile App Release
T2440,C49609,2026-06-06,App Crash,Medium,Application crashes after update,Mobile App Release
T2441,C24784,2026-06-06,App Crash,Medium,Application crashes after update,Mobile App Release
T2442,C79361,2026-06-06,Performance Issue,Medium,App is very slow,Mobile App Release
T2443,C56912,2026-06-07,App Crash,High,Unable to use mobile app,Mobile App Release
T2444,C80211,2026-06-07,Login Problem,High,Cannot login after update,Mobile App Release
T2445,C72729,2026-06-07,Performance Issue,Medium,Screen takes too long to load,Mobile App Release
T2446,C68946,2026-06-07,Performance Issue,Medium,Performance degraded,Mobile App Release
T2447,C55919,2026-06-07,Performance Issue,Low,App is very slow,Mobile App Release
T2448,C29456,2026-06-07,App Crash,Medium,Unable to use mobile app,Mobile App Release
T2449,C93609,2026-06-07,Performance Issue,Low,Screen takes too long to load,Mobile App Release
T2450,C34623,2026-06-07,Performance Issue,High,App is very slow,Mobile App Release
T2451,C40955,2026-06-07,Login Problem,Low,Authentication issue,Mobile App Release
T2452,C44773,2026-06-07,App Crash,High,Application crashes after update,Mobile App Release
T2453,C44872,2026-06-07,App Crash,Medium,Application crashes after update,Mobile App Release
T2454,C42723,2026-06-07,App Crash,Low,Unable to use mobile app,Mobile App Release
T2455,C54712,2026-06-07,Login Problem,High,Authentication issue,Mobile App Release
T2456,C11293,2026-06-07,App Crash,Medium,App closes unexpectedly,Mobile App Release
T2457,C27704,2026-06-07,App Crash,Low,Application crashes after update,Mobile App Release
T2458,C99982,2026-06-07,Performance Issue,High,App is very slow,Mobile App Release
T2459,C22258,2026-06-07,Performance Issue,Medium,Screen takes too long to load,Mobile App Release
T2460,C83510,2026-06-07,Performance Issue,High,Performance degraded,Mobile App Release
T2461,C22114,2026-06-07,App Crash,Low,Application crashes after update,Mobile App Release
T2462,C64086,2026-06-07,App Crash,Medium,Application crashes after update,Mobile App Release
T2463,C85604,2026-06-07,Performance Issue,Medium,Screen takes too long to load,Mobile App Release
T2464,C97013,2026-06-07,Login Problem,High,Authentication issue,Mobile App Release
T2465,C83592,2026-06-07,Performance Issue,Medium,App is very slow,Mobile App Release
T2466,C55245,2026-06-07,App Crash,Medium,Application crashes after update,Mobile App Release
T2467,C98558,2026-06-07,App Crash,Low,Unable to use mobile app,Mobile App Release
T2468,C6213,2026-06-07,Performance Issue,Medium,App is very slow,Mobile App Release
T2469,C44240,2026-06-08,App Crash,Medium,Unable to use mobile app,Mobile App Release
T2470,C79055,2026-06-08,Login Problem,Medium,Cannot login after update,Mobile App Release
T2471,C3272,2026-06-08,App Crash,Medium,Unable to use mobile app,Mobile App Release
T2472,C74143,2026-06-08,Login Problem,Medium,Authentication issue,Mobile App Release
T2473,C99073,2026-06-08,App Crash,Low,Application crashes after update,Mobile App Release
T2474,C51940,2026-06-08,Performance Issue,Medium,Performance degraded,Mobile App Release
T2475,C25118,2026-06-08,Performance Issue,Medium,App is very slow,Mobile App Release
T2476,C50625,2026-06-08,Performance Issue,Medium,Performance degraded,Mobile App Release
T2477,C38035,2026-06-08,App Crash,High,Unable to use mobile app,Mobile App Release
T2478,C55265,2026-06-08,Performance Issue,Medium,Performance degraded,Mobile App Release
T2479,C86106,2026-06-08,Performance Issue,High,App is very slow,Mobile App Release
T2480,C41633,2026-06-08,App Crash,Low,Application crashes after update,Mobile App Release
T2481,C20055,2026-06-08,Login Problem,Low,Login keeps failing,Mobile App Release
T2482,C53935,2026-06-08,Performance Issue,Low,Performance degraded,Mobile App Release
T2483,C64095,2026-06-08,Login Problem,High,Login keeps failing,Mobile App Release
T2484,C95950,2026-06-08,App Crash,Medium,Application crashes after update,Mobile App Release
T2485,C73546,2026-06-08,Login Problem,Low,Authentication issue,Mobile App Release
T2486,C82971,2026-06-08,App Crash,Medium,Unable to use mobile app,Mobile App Release
T2487,C20157,2026-06-08,Login Problem,High,Cannot login after update,Mobile App Release
T2488,C46337,2026-06-08,Login Problem,Low,Login keeps failing,Mobile App Release
T2489,C92610,2026-06-08,Login Problem,Low,Cannot login after update,Mobile App Release
T2490,C68305,2026-06-08,Performance Issue,High,Performance degraded,Mobile App Release
T2491,C55108,2026-06-08,Performance Issue,High,Screen takes too long to load,Mobile App Release
T2492,C72578,2026-06-08,App Crash,Low,App closes unexpectedly,Mobile App Release
T2493,C19925,2026-06-08,Login Problem,Medium,Cannot login after update,Mobile App Release
T2494,C66616,2026-06-09,Login Problem,Medium,Cannot login after update,Mobile App Release
T2495,C18345,2026-06-09,Performance Issue,Medium,Screen takes too long to load,Mobile App Release
T2496,C9002,2026-06-09,App Crash,Medium,App closes unexpectedly,Mobile App Release
T2497,C70820,2026-06-09,App Crash,Low,Application crashes after update,Mobile App Release
T2498,C99645,2026-06-09,Login Problem,Medium,Cannot login after update,Mobile App Release
T2499,C37906,2026-06-09,App Crash,High,Application crashes after update,Mobile App Release
T2500,C95019,2026-06-09,Performance Issue,Medium,App is very slow,Mobile App Release
T2501,C25105,2026-06-09,App Crash,Medium,Unable to use mobile app,Mobile App Release
T2502,C31219,2026-06-09,Login Problem,Low,Login keeps failing,Mobile App Release
T2503,C56126,2026-06-09,Performance Issue,Medium,Performance degraded,Mobile App Release
T2504,C25136,2026-06-09,Login Problem,High,Cannot login after update,Mobile App Release
T2505,C20170,2026-06-09,Performance Issue,Low,Performance degraded,Mobile App Release
T2506,C88739,2026-06-09,Performance Issue,Medium,Screen takes too long to load,Mobile App Release
T2507,C8008,2026-06-09,Login Problem,Low,Authentication issue,Mobile App Release
T2508,C83630,2026-06-09,Performance Issue,Low,Performance degraded,Mobile App Release
T2509,C99725,2026-06-09,Login Problem,Low,Authentication issue,Mobile App Release
T2510,C55187,2026-06-09,App Crash,Low,Unable to use mobile app,Mobile App Release
T2511,C50691,2026-06-09,App Crash,High,App closes unexpectedly,Mobile App Release
T2512,C56092,2026-06-09,App Crash,High,Unable to use mobile app,Mobile App Release
T2513,C65278,2026-06-09,Performance Issue,Low,App is very slow,Mobile App Release
T2514,C93609,2026-06-09,Performance Issue,Medium,App is very slow,Mobile App Release
T2515,C87711,2026-06-09,Performance Issue,Medium,App is very slow,Mobile App Release
T2516,C49307,2026-06-09,Login Problem,Low,Authentication issue,Mobile App Release
T2517,C40819,2026-06-09,App Crash,Low,Unable to use mobile app,Mobile App Release
T2518,C94239,2026-06-09,App Crash,Medium,Application crashes after update,Mobile App Release
T2519,C13419,2026-06-09,Login Problem,Medium,Cannot login after update,Mobile App Release
T2520,C4834,2026-06-09,Login Problem,Medium,Cannot login after update,Mobile App Release
T2521,C40181,2026-06-09,Login Problem,High,Authentication issue,Mobile App Release
T2522,C37181,2026-06-09,Performance Issue,Medium,Performance degraded,Mobile App Release
T2523,C73439,2026-06-09,App Crash,Low,App closes unexpectedly,Mobile App Release
T2524,C94911,2026-06-09,Login Problem,Medium,Cannot login after update,Mobile App Release
T2525,C76096,2026-06-10,Login Problem,Low,Authentication issue,Mobile App Release
T2526,C89406,2026-06-10,Login Problem,Low,Cannot login after update,Mobile App Release
T2527,C4024,2026-06-10,App Crash,High,Unable to use mobile app,Mobile App Release
T2528,C98695,2026-06-10,Performance Issue,High,Screen takes too long to load,Mobile App Release
T2529,C31018,2026-06-10,App Crash,Medium,App closes unexpectedly,Mobile App Release
T2530,C77035,2026-06-10,Performance Issue,Low,Performance degraded,Mobile App Release
T2531,C42216,2026-06-10,Login Problem,Low,Login keeps failing,Mobile App Release
T2532,C17274,2026-06-10,Performance Issue,Low,Performance degraded,Mobile App Release
T2533,C42680,2026-06-10,Login Problem,Medium,Cannot login after update,Mobile App Release
T2534,C7026,2026-06-10,Login Problem,Low,Authentication issue,Mobile App Release
T2535,C14962,2026-06-10,Performance Issue,High,App is very slow,Mobile App Release
T2536,C36136,2026-06-10,Performance Issue,High,Performance degraded,Mobile App Release
T2537,C70766,2026-06-10,Login Problem,Low,Login keeps failing,Mobile App Release
T2538,C19334,2026-06-10,Login Problem,Low,Cannot login after update,Mobile App Release
T2539,C3089,2026-06-10,Performance Issue,Medium,Screen takes too long to load,Mobile App Release
T2540,C72909,2026-06-10,Performance Issue,High,Performance degraded,Mobile App Release
T2541,C89234,2026-06-10,Performance Issue,Low,Performance degraded,Mobile App Release
T2542,C29431,2026-06-10,Login Problem,Low,Cannot login after update,Mobile App Release
T2543,C43555,2026-06-10,App Crash,High,App closes unexpectedly,Mobile App Release
T2544,C27529,2026-06-10,App Crash,Low,App closes unexpectedly,Mobile App Release
T2545,C74035,2026-06-10,App Crash,Medium,Unable to use mobile app,Mobile App Release
T2546,C30847,2026-06-10,Performance Issue,Low,App is very slow,Mobile App Release
T2547,C47704,2026-06-10,Performance Issue,Low,App is very slow,Mobile App Release
T2548,C88668,2026-06-10,Performance Issue,Medium,Performance degraded,Mobile App Release
T2549,C78019,2026-06-11,Login Problem,Medium,Login keeps failing,Mobile App Release
T2550,C86577,2026-06-11,Performance Issue,Low,App is very slow,Mobile App Release
T2551,C79703,2026-06-11,App Crash,Medium,App closes unexpectedly,Mobile App Release
T2552,C42465,2026-06-11,App Crash,Medium,App closes unexpectedly,Mobile App Release
T2553,C98385,2026-06-11,Performance Issue,Low,Screen takes too long to load,Mobile App Release
T2554,C17141,2026-06-11,App Crash,Medium,App closes unexpectedly,Mobile App Release
T2555,C14692,2026-06-11,App Crash,Medium,App closes unexpectedly,Mobile App Release
T2556,C33441,2026-06-11,App Crash,Low,Unable to use mobile app,Mobile App Release
T2557,C98749,2026-06-11,Performance Issue,Low,App is very slow,Mobile App Release
T2558,C60521,2026-06-11,Performance Issue,Low,Screen takes too long to load,Mobile App Release
T2559,C99768,2026-06-11,App Crash,Low,Application crashes after update,Mobile App Release
T2560,C83347,2026-06-11,Login Problem,Low,Authentication issue,Mobile App Release
T2561,C4762,2026-06-11,Performance Issue,Medium,Performance degraded,Mobile App Release
T2562,C30566,2026-06-11,Login Problem,Medium,Login keeps failing,Mobile App Release
T2563,C1884,2026-06-11,Login Problem,High,Login keeps failing,Mobile App Release
T2564,C8382,2026-06-11,Performance Issue,High,Screen takes too long to load,Mobile App Release
T2565,C70468,2026-06-11,App Crash,High,Unable to use mobile app,Mobile App Release
T2566,C29182,2026-06-11,App Crash,Low,Unable to use mobile app,Mobile App Release
T2567,C83610,2026-06-11,Login Problem,Low,Login keeps failing,Mobile App Release
T2568,C71326,2026-06-11,Login Problem,Low,Login keeps failing,Mobile App Release
T2569,C7943,2026-06-11,Login Problem,Low,Login keeps failing,Mobile App Release
T2570,C97781,2026-06-11,App Crash,Low,Application crashes after update,Mobile App Release
T2571,C34230,2026-06-11,App Crash,Low,Unable to use mobile app,Mobile App Release
T2572,C39323,2026-06-11,App Crash,Low,Unable to use mobile app,Mobile App Release
T2573,C72895,2026-06-11,Login Problem,High,Cannot login after update,Mobile App Release
T2574,C17672,2026-06-11,App Crash,High,App closes unexpectedly,Mobile App Release
T2575,C7638,2026-06-11,App Crash,High,App closes unexpectedly,Mobile App Release
T2576,C69507,2026-06-12,Login Problem,Low,Cannot login after update,Mobile App Release
T2577,C63986,2026-06-12,Performance Issue,Low,App is very slow,Mobile App Release
T2578,C30347,2026-06-12,Login Problem,Low,Authentication issue,Mobile App Release
T2579,C53527,2026-06-12,Login Problem,Low,Cannot login after update,Mobile App Release
T2580,C33691,2026-06-12,App Crash,Low,App closes unexpectedly,Mobile App Release
T2581,C20109,2026-06-12,Login Problem,Low,Cannot login after update,Mobile App Release
T2582,C54472,2026-06-12,Login Problem,Medium,Login keeps failing,Mobile App Release
T2583,C53740,2026-06-12,Performance Issue,High,Screen takes too long to load,Mobile App Release
T2584,C50819,2026-06-12,Login Problem,Low,Login keeps failing,Mobile App Release
T2585,C66921,2026-06-12,Login Problem,Low,Cannot login after update,Mobile App Release
T2586,C64357,2026-06-12,Login Problem,Low,Authentication issue,Mobile App Release
T2587,C23366,2026-06-12,App Crash,Low,Unable to use mobile app,Mobile App Release
T2588,C48889,2026-06-12,Login Problem,Low,Login keeps failing,Mobile App Release
T2589,C494,2026-06-12,Performance Issue,Medium,App is very slow,Mobile App Release
T2590,C13834,2026-06-12,Performance Issue,Medium,Screen takes too long to load,Mobile App Release
T2591,C82682,2026-06-12,Performance Issue,Low,App is very slow,Mobile App Release
T2592,C71201,2026-06-12,Performance Issue,Low,Performance degraded,Mobile App Release
T2593,C70691,2026-06-12,Performance Issue,Medium,Performance degraded,Mobile App Release
T2594,C99065,2026-06-12,Performance Issue,Low,Screen takes too long to load,Mobile App Release
T2595,C81215,2026-06-12,App Crash,High,Unable to use mobile app,Mobile App Release
T2596,C38726,2026-06-12,App Crash,Low,Unable to use mobile app,Mobile App Release
T2597,C36164,2026-06-13,Login Problem,Low,Login keeps failing,Mobile App Release
T2598,C84731,2026-06-13,Login Problem,High,Login keeps failing,Mobile App Release
T2599,C69051,2026-06-13,App Crash,Low,App closes unexpectedly,Mobile App Release
T2600,C12119,2026-06-13,App Crash,Medium,App closes unexpectedly,Mobile App Release
T2601,C91714,2026-06-13,Login Problem,Medium,Cannot login after update,Mobile App Release
T2602,C85974,2026-06-13,Performance Issue,Medium,App is very slow,Mobile App Release
T2603,C74511,2026-06-13,Performance Issue,High,Screen takes too long to load,Mobile App Release
T2604,C65019,2026-06-13,App Crash,Low,Unable to use mobile app,Mobile App Release
T2605,C61732,2026-06-13,App Crash,High,App closes unexpectedly,Mobile App Release
T2606,C12151,2026-06-13,Performance Issue,Medium,App is very slow,Mobile App Release
T2607,C18326,2026-06-13,Login Problem,Low,Authentication issue,Mobile App Release
T2608,C17670,2026-06-13,Login Problem,Low,Cannot login after update,Mobile App Release
T2609,C1844,2026-06-13,App Crash,Medium,Unable to use mobile app,Mobile App Release
T2610,C40769,2026-06-13,Login Problem,Low,Login keeps failing,Mobile App Release
T2611,C98636,2026-06-13,Login Problem,Low,Authentication issue,Mobile App Release
T2612,C87946,2026-06-13,Performance Issue,Low,Performance degraded,Mobile App Release
T2613,C45914,2026-06-13,Login Problem,Medium,Authentication issue,Mobile App Release
T2614,C35344,2026-06-13,Login Problem,Medium,Authentication issue,Mobile App Release
T2615,C5742,2026-06-13,Login Problem,Medium,Cannot login after update,Mobile App Release
T2616,C71241,2026-06-13,Performance Issue,Low,Screen takes too long to load,Mobile App Release
T2617,C39024,2026-06-13,Login Problem,Low,Cannot login after update,Mobile App Release
T2618,C80523,2026-06-13,App Crash,High,Application crashes after update,Mobile App Release
T2619,C17822,2026-06-13,App Crash,Low,Unable to use mobile app,Mobile App Release
T2620,C62525,2026-06-13,Login Problem,Low,Cannot login after update,Mobile App Release
T2621,C88268,2026-06-13,Login Problem,Medium,Cannot login after update,Mobile App Release
T2622,C40645,2026-06-13,App Crash,Medium,App closes unexpectedly,Mobile App Release
T2623,C30532,2026-06-13,Login Problem,Medium,Cannot login after update,Mobile App Release
T2624,C17819,2026-06-13,App Crash,Low,App closes unexpectedly,Mobile App Release
T2625,C84275,2026-06-14,Login Problem,Low,Cannot login after update,Mobile App Release
T2626,C7045,2026-06-14,Login Problem,Low,Cannot login after update,Mobile App Release
T2627,C79288,2026-06-14,Performance Issue,Medium,Performance degraded,Mobile App Release
T2628,C43827,2026-06-14,Performance Issue,Medium,App is very slow,Mobile App Release
T2629,C27316,2026-06-14,Performance Issue,Medium,Performance degraded,Mobile App Release
T2630,C51371,2026-06-14,Login Problem,Medium,Authentication issue,Mobile App Release
T2631,C77843,2026-06-14,Performance Issue,Low,App is very slow,Mobile App Release
T2632,C64809,2026-06-14,Performance Issue,High,App is very slow,Mobile App Release
T2633,C8246,2026-06-14,Login Problem,Low,Login keeps failing,Mobile App Release
T2634,C10589,2026-06-14,Performance Issue,Low,Screen takes too long to load,Mobile App Release
T2635,C10600,2026-06-14,Login Problem,Low,Authentication issue,Mobile App Release
T2636,C22150,2026-06-14,Performance Issue,High,App is very slow,Mobile App Release
T2637,C49493,2026-06-14,App Crash,Low,Unable to use mobile app,Mobile App Release
T2638,C28352,2026-06-14,Performance Issue,Low,Performance degraded,Mobile App Release
T2639,C59253,2026-06-14,Performance Issue,Low,App is very slow,Mobile App Release
T2640,C8721,2026-06-14,App Crash,High,Unable to use mobile app,Mobile App Release
T2641,C48927,2026-06-14,Login Problem,High,Authentication issue,Mobile App Release
T2642,C73509,2026-06-14,App Crash,Low,App closes unexpectedly,Mobile App Release
T2643,C14800,2026-06-14,Login Problem,Medium,Cannot login after update,Mobile App Release
T2644,C19872,2026-06-14,App Crash,Medium,Application crashes after update,Mobile App Release
T2645,C17275,2026-06-14,Performance Issue,Medium,Screen takes too long to load,Mobile App Release
T2646,C49893,2026-06-14,Login Problem,Medium,Cannot login after update,Mobile App Release
T2647,C16703,2026-06-14,App Crash,Medium,Application crashes after update,Mobile App Release
T2648,C28288,2026-06-14,Performance Issue,Low,Screen takes too long to load,Mobile App Release
T2649,C42236,2026-06-14,App Crash,Medium,Application crashes after update,Mobile App Release
T2650,C56698,2026-06-14,Login Problem,High,Login keeps failing,Mobile App Release
T2651,C79165,2026-06-14,App Crash,High,App closes unexpectedly,Mobile App Release
T2652,C33039,2026-06-14,Login Problem,Low,Authentication issue,Mobile App Release
T2653,C66794,2026-06-14,Performance Issue,High,App is very slow,Mobile App Release
T2654,C70395,2026-06-14,Performance Issue,Medium,Screen takes too long to load,Mobile App Release
T2655,C49273,2026-06-14,Performance Issue,Low,App is very slow,Mobile App Release
T2656,C43067,2026-06-14,Login Problem,High,Cannot login after update,Mobile App Release
T2657,C17635,2026-06-15,Login Problem,Medium,Authentication issue,Mobile App Release
T2658,C19341,2026-06-15,Login Problem,Medium,Authentication issue,Mobile App Release
T2659,C86915,2026-06-15,Performance Issue,Low,App is very slow,Mobile App Release
T2660,C25379,2026-06-15,App Crash,Medium,Unable to use mobile app,Mobile App Release
T2661,C64378,2026-06-15,Login Problem,Medium,Authentication issue,Mobile App Release
T2662,C64304,2026-06-15,App Crash,Low,App closes unexpectedly,Mobile App Release
T2663,C78344,2026-06-15,Performance Issue,Medium,App is very slow,Mobile App Release
T2664,C32315,2026-06-15,Login Problem,Medium,Login keeps failing,Mobile App Release
T2665,C10687,2026-06-15,Performance Issue,Medium,Performance degraded,Mobile App Release
T2666,C73031,2026-06-15,App Crash,Low,Application crashes after update,Mobile App Release
T2667,C14027,2026-06-15,Login Problem,Low,Authentication issue,Mobile App Release
T2668,C58032,2026-06-15,Login Problem,Low,Cannot login after update,Mobile App Release
T2669,C68233,2026-06-15,Performance Issue,Medium,App is very slow,Mobile App Release
T2670,C29961,2026-06-15,Login Problem,Low,Cannot login after update,Mobile App Release
T2671,C2694,2026-06-15,Performance Issue,Medium,Performance degraded,Mobile App Release
T2672,C88780,2026-06-15,Performance Issue,High,App is very slow,Mobile App Release
T2673,C28556,2026-06-15,Login Problem,Medium,Cannot login after update,Mobile App Release
T2674,C90788,2026-06-15,Login Problem,Low,Authentication issue,Mobile App Release
T2675,C93949,2026-06-15,App Crash,High,Application crashes after update,Mobile App Release
T2676,C73597,2026-06-15,Login Problem,Medium,Login keeps failing,Mobile App Release
T2677,C36649,2026-06-15,Login Problem,Low,Authentication issue,Mobile App Release
T2678,C6334,2026-06-15,Login Problem,Medium,Cannot login after update,Mobile App Release
T2679,C70604,2026-06-15,Performance Issue,Medium,App is very slow,Mobile App Release
T2680,C7888,2026-06-16,Performance Issue,Medium,Performance degraded,Mobile App Release
T2681,C35498,2026-06-16,Performance Issue,High,Performance degraded,Mobile App Release
T2682,C61763,2026-06-16,Login Problem,Low,Cannot login after update,Mobile App Release
T2683,C78425,2026-06-16,Performance Issue,Medium,Performance degraded,Mobile App Release
T2684,C84788,2026-06-16,Performance Issue,Low,Performance degraded,Mobile App Release
T2685,C28014,2026-06-16,Login Problem,Medium,Cannot login after update,Mobile App Release
T2686,C28085,2026-06-16,App Crash,Low,Unable to use mobile app,Mobile App Release
T2687,C10223,2026-06-16,App Crash,Medium,Unable to use mobile app,Mobile App Release
T2688,C23950,2026-06-16,Login Problem,Low,Cannot login after update,Mobile App Release
T2689,C83204,2026-06-16,Login Problem,High,Authentication issue,Mobile App Release
T2690,C14194,2026-06-16,Performance Issue,Medium,App is very slow,Mobile App Release
T2691,C82736,2026-06-16,Login Problem,Medium,Login keeps failing,Mobile App Release
T2692,C21210,2026-06-16,Performance Issue,High,Performance degraded,Mobile App Release
T2693,C85638,2026-06-16,Performance Issue,Low,Performance degraded,Mobile App Release
T2694,C63084,2026-06-16,Performance Issue,Medium,Screen takes too long to load,Mobile App Release
T2695,C81482,2026-06-16,Performance Issue,Medium,App is very slow,Mobile App Release
T2696,C35051,2026-06-16,Login Problem,High,Login keeps failing,Mobile App Release
T2697,C25147,2026-06-16,App Crash,Low,App closes unexpectedly,Mobile App Release
T2698,C61861,2026-06-16,App Crash,Medium,App closes unexpectedly,Mobile App Release
T2699,C37212,2026-06-16,Login Problem,High,Authentication issue,Mobile App Release
T2700,C93619,2026-06-16,Performance Issue,Low,Screen takes too long to load,Mobile App Release
T2701,C57017,2026-06-16,Performance Issue,Medium,Screen takes too long to load,Mobile App Release
T2702,C45214,2026-06-16,Performance Issue,Low,Screen takes too long to load,Mobile App Release
T2703,C76696,2026-06-16,Performance Issue,Medium,Performance degraded,Mobile App Release
T2704,C20045,2026-06-16,Performance Issue,Low,Screen takes too long to load,Mobile App Release
T2705,C1951,2026-06-17,App Crash,Medium,App closes unexpectedly,Mobile App Release
T2706,C17772,2026-06-17,App Crash,Low,Application crashes after update,Mobile App Release
T2707,C7046,2026-06-17,Performance Issue,High,App is very slow,Mobile App Release
T2708,C55049,2026-06-17,Performance Issue,Low,Performance degraded,Mobile App Release
T2709,C26845,2026-06-17,Login Problem,High,Login keeps failing,Mobile App Release
T2710,C54709,2026-06-17,Performance Issue,Low,App is very slow,Mobile App Release
T2711,C18813,2026-06-17,Performance Issue,Medium,App is very slow,Mobile App Release
T2712,C40582,2026-06-17,Performance Issue,Low,App is very slow,Mobile App Release
T2713,C79831,2026-06-17,App Crash,Low,App closes unexpectedly,Mobile App Release
T2714,C87236,2026-06-17,Performance Issue,High,App is very slow,Mobile App Release
T2715,C17111,2026-06-17,Performance Issue,Medium,Performance degraded,Mobile App Release
T2716,C81148,2026-06-17,Login Problem,Low,Login keeps failing,Mobile App Release
T2717,C92291,2026-06-17,Performance Issue,Low,App is very slow,Mobile App Release
T2718,C89711,2026-06-17,Login Problem,Medium,Authentication issue,Mobile App Release
T2719,C18299,2026-06-17,Login Problem,High,Login keeps failing,Mobile App Release
T2720,C69375,2026-06-17,App Crash,Medium,Application crashes after update,Mobile App Release
T2721,C31656,2026-06-17,App Crash,Medium,Application crashes after update,Mobile App Release
T2722,C94595,2026-06-17,Login Problem,Low,Cannot login after update,Mobile App Release
T2723,C28372,2026-06-17,Performance Issue,Medium,Performance degraded,Mobile App Release
T2724,C83701,2026-06-17,Login Problem,Low,Login keeps failing,Mobile App Release
T2725,C9917,2026-06-17,App Crash,Medium,App closes unexpectedly,Mobile App Release
T2726,C13454,2026-06-17,App Crash,High,App closes unexpectedly,Mobile App Release
T2727,C94800,2026-06-17,Login Problem,Low,Cannot login after update,Mobile App Release
T2728,C7411,2026-06-17,Performance Issue,Medium,App is very slow,Mobile App Release
T2729,C47801,2026-06-17,App Crash,Low,Unable to use mobile app,Mobile App Release
T2730,C35368,2026-06-17,App Crash,Low,Application crashes after update,Mobile App Release
T2731,C34270,2026-06-18,Performance Issue,Low,App is very slow,Mobile App Release
T2732,C39760,2026-06-18,Performance Issue,High,Performance degraded,Mobile App Release
T2733,C66578,2026-06-18,Performance Issue,Low,App is very slow,Mobile App Release
T2734,C69213,2026-06-18,App Crash,Medium,Unable to use mobile app,Mobile App Release
T2735,C3066,2026-06-18,Login Problem,Medium,Cannot login after update,Mobile App Release
T2736,C60205,2026-06-18,Performance Issue,Low,App is very slow,Mobile App Release
T2737,C17060,2026-06-18,App Crash,Medium,Unable to use mobile app,Mobile App Release
T2738,C89573,2026-06-18,App Crash,Low,Unable to use mobile app,Mobile App Release
T2739,C17141,2026-06-18,Login Problem,High,Cannot login after update,Mobile App Release
T2740,C78498,2026-06-18,Performance Issue,High,App is very slow,Mobile App Release
T2741,C31111,2026-06-18,App Crash,Low,Application crashes after update,Mobile App Release
T2742,C83039,2026-06-18,Performance Issue,Low,Performance degraded,Mobile App Release
T2743,C60125,2026-06-18,Login Problem,Medium,Authentication issue,Mobile App Release
T2744,C66321,2026-06-18,Login Problem,Medium,Cannot login after update,Mobile App Release
T2745,C75089,2026-06-18,Login Problem,Low,Cannot login after update,Mobile App Release
T2746,C68536,2026-06-18,Login Problem,High,Login keeps failing,Mobile App Release
T2747,C81132,2026-06-18,Performance Issue,Low,App is very slow,Mobile App Release
T2748,C88914,2026-06-18,App Crash,Low,Application crashes after update,Mobile App Release
T2749,C96435,2026-06-18,Performance Issue,Medium,App is very slow,Mobile App Release
T2750,C59941,2026-06-18,Performance Issue,Medium,App is very slow,Mobile App Release
T2751,C55280,2026-06-18,Login Problem,Medium,Authentication issue,Mobile App Release
T2752,C98207,2026-06-18,Performance Issue,Medium,App is very slow,Mobile App Release
T2753,C6051,2026-06-18,App Crash,Medium,Unable to use mobile app,Mobile App Release
T2754,C62649,2026-06-18,App Crash,Low,Application crashes after update,Mobile App Release
T2755,C87364,2026-06-18,App Crash,High,App closes unexpectedly,Mobile App Release
T2756,C26520,2026-06-18,Login Problem,High,Cannot login after update,Mobile App Release
T2757,C80984,2026-06-18,Login Problem,Medium,Authentication issue,Mobile App Release
T2758,C25652,2026-06-18,Performance Issue,High,Screen takes too long to load,Mobile App Release
T2759,C75180,2026-06-18,Performance Issue,High,App is very slow,Mobile App Release
T2760,C74091,2026-06-18,App Crash,Medium,Application crashes after update,Mobile App Release
T2761,C44046,2026-06-18,App Crash,High,Unable to use mobile app,Mobile App Release
T2762,C72255,2026-06-18,Performance Issue,Low,Screen takes too long to load,Mobile App Release
T2763,C65588,2026-06-18,Performance Issue,High,App is very slow,Mobile App Release
T2764,C45703,2026-06-19,Performance Issue,Low,Performance degraded,Mobile App Release
T2765,C43979,2026-06-19,App Crash,Low,Application crashes after update,Mobile App Release
T2766,C7044,2026-06-19,App Crash,Low,App closes unexpectedly,Mobile App Release
T2767,C78066,2026-06-19,Login Problem,Low,Login keeps failing,Mobile App Release
T2768,C69001,2026-06-19,Performance Issue,Low,App is very slow,Mobile App Release
T2769,C81491,2026-06-19,Login Problem,Low,Authentication issue,Mobile App Release
T2770,C65425,2026-06-19,Performance Issue,Medium,App is very slow,Mobile App Release
T2771,C52329,2026-06-19,Performance Issue,Medium,Screen takes too long to load,Mobile App Release
T2772,C86275,2026-06-19,Performance Issue,High,Performance degraded,Mobile App Release
T2773,C32600,2026-06-19,Performance Issue,High,Screen takes too long to load,Mobile App Release
T2774,C51365,2026-06-19,Performance Issue,Low,App is very slow,Mobile App Release
T2775,C7233,2026-06-19,App Crash,Medium,App closes unexpectedly,Mobile App Release
T2776,C48543,2026-06-19,Login Problem,Medium,Cannot login after update,Mobile App Release
T2777,C10568,2026-06-19,Login Problem,Medium,Authentication issue,Mobile App Release
T2778,C92027,2026-06-19,Login Problem,Low,Login keeps failing,Mobile App Release
T2779,C74388,2026-06-19,App Crash,Low,App closes unexpectedly,Mobile App Release
T2780,C75701,2026-06-19,Performance Issue,High,App is very slow,Mobile App Release
T2781,C90046,2026-06-19,Login Problem,Low,Login keeps failing,Mobile App Release
T2782,C88091,2026-06-19,Login Problem,Medium,Authentication issue,Mobile App Release
T2783,C89341,2026-06-19,Login Problem,High,Cannot login after update,Mobile App Release
T2784,C60163,2026-06-19,Performance Issue,High,App is very slow,Mobile App Release
T2785,C9305,2026-06-19,Login Problem,High,Cannot login after update,Mobile App Release
T2786,C73974,2026-06-19,Performance Issue,Medium,Performance degraded,Mobile App Release
T2787,C39329,2026-06-19,Login Problem,Medium,Cannot login after update,Mobile App Release
T2788,C86819,2026-06-19,App Crash,High,App closes unexpectedly,Mobile App Release
T2789,C99722,2026-06-19,Performance Issue,Medium,Performance degraded,Mobile App Release
T2790,C90202,2026-06-19,Performance Issue,High,Performance degraded,Mobile App Release
T2791,C87053,2026-06-19,App Crash,Medium,Application crashes after update,Mobile App Release
T2792,C27196,2026-06-20,App Crash,Medium,Unable to use mobile app,Mobile App Release
T2793,C96300,2026-06-20,App Crash,Medium,Unable to use mobile app,Mobile App Release
T2794,C14498,2026-06-20,Login Problem,Medium,Authentication issue,Mobile App Release
T2795,C87696,2026-06-20,Performance Issue,High,Screen takes too long to load,Mobile App Release
T2796,C63366,2026-06-20,Login Problem,Low,Login keeps failing,Mobile App Release
T2797,C4360,2026-06-20,App Crash,High,Unable to use mobile app,Mobile App Release
T2798,C38429,2026-06-20,Performance Issue,Low,Screen takes too long to load,Mobile App Release
T2799,C2094,2026-06-20,Performance Issue,Low,Screen takes too long to load,Mobile App Release
T2800,C82095,2026-06-20,Login Problem,Medium,Authentication issue,Mobile App Release
T2801,C62599,2026-06-20,Login Problem,Low,Login keeps failing,Mobile App Release
T2802,C32275,2026-06-20,Performance Issue,Medium,Screen takes too long to load,Mobile App Release
T2803,C55895,2026-06-20,Performance Issue,Low,App is very slow,Mobile App Release
T2804,C70539,2026-06-20,App Crash,High,Unable to use mobile app,Mobile App Release
T2805,C87346,2026-06-20,App Crash,Medium,App closes unexpectedly,Mobile App Release
T2806,C63351,2026-06-20,Login Problem,Low,Authentication issue,Mobile App Release
T2807,C44332,2026-06-20,Login Problem,Low,Cannot login after update,Mobile App Release
T2808,C66555,2026-06-20,App Crash,Low,App closes unexpectedly,Mobile App Release
T2809,C48218,2026-06-20,Login Problem,High,Cannot login after update,Mobile App Release
T2810,C58716,2026-06-20,Performance Issue,Low,App is very slow,Mobile App Release
T2811,C46009,2026-06-20,Login Problem,Medium,Authentication issue,Mobile App Release
T2812,C1627,2026-06-20,App Crash,High,Application crashes after update,Mobile App Release
T2813,C3810,2026-06-21,Performance Issue,Medium,App is very slow,Mobile App Release
T2814,C66096,2026-06-21,Login Problem,Medium,Authentication issue,Mobile App Release
T2815,C46024,2026-06-21,Login Problem,Low,Login keeps failing,Mobile App Release
T2816,C3440,2026-06-21,App Crash,Medium,Application crashes after update,Mobile App Release
T2817,C60290,2026-06-21,App Crash,Low,Application crashes after update,Mobile App Release
T2818,C19660,2026-06-21,App Crash,High,App closes unexpectedly,Mobile App Release
T2819,C21425,2026-06-21,Performance Issue,Low,App is very slow,Mobile App Release
T2820,C12301,2026-06-21,Login Problem,Low,Login keeps failing,Mobile App Release
T2821,C93255,2026-06-21,Login Problem,Medium,Cannot login after update,Mobile App Release
T2822,C92203,2026-06-21,Login Problem,Low,Cannot login after update,Mobile App Release
T2823,C49955,2026-06-21,App Crash,Medium,Unable to use mobile app,Mobile App Release
T2824,C34434,2026-06-21,Login Problem,Medium,Login keeps failing,Mobile App Release
T2825,C45381,2026-06-21,App Crash,Low,Unable to use mobile app,Mobile App Release
T2826,C45029,2026-06-21,Performance Issue,Low,Performance degraded,Mobile App Release
T2827,C10524,2026-06-21,App Crash,High,App closes unexpectedly,Mobile App Release
T2828,C44646,2026-06-21,Login Problem,Low,Login keeps failing,Mobile App Release
T2829,C79783,2026-06-21,App Crash,Low,App closes unexpectedly,Mobile App Release
T2830,C13471,2026-06-21,App Crash,High,App closes unexpectedly,Mobile App Release
T2831,C6806,2026-06-21,Login Problem,Low,Login keeps failing,Mobile App Release
T2832,C50773,2026-06-21,App Crash,Low,Application crashes after update,Mobile App Release
T2833,C89301,2026-06-21,App Crash,High,Unable to use mobile app,Mobile App Release
T2834,C15702,2026-06-21,Performance Issue,Medium,Screen takes too long to load,Mobile App Release
T2835,C97424,2026-06-21,Performance Issue,High,Screen takes too long to load,Mobile App Release
T2836,C69864,2026-06-21,App Crash,Medium,App closes unexpectedly,Mobile App Release
T2837,C1246,2026-06-21,Performance Issue,High,Screen takes too long to load,Mobile App Release
T2838,C49005,2026-06-21,Login Problem,Medium,Cannot login after update,Mobile App Release
T2839,C1653,2026-06-21,Performance Issue,Low,Performance degraded,Mobile App Release
T2840,C3811,2026-06-21,Performance Issue,Medium,App is very slow,Mobile App Release
T2841,C26784,2026-06-21,App Crash,Low,Application crashes after update,Mobile App Release
T2842,C83457,2026-06-21,Login Problem,Low,Login keeps failing,Mobile App Release
T2843,C20230,2026-06-21,App Crash,Medium,Unable to use mobile app,Mobile App Release
T2844,C21102,2026-06-21,Login Problem,Medium,Authentication issue,Mobile App Release
T2845,C34949,2026-06-21,Login Problem,Medium,Authentication issue,Mobile App Release
T2846,C21072,2026-06-22,App Crash,Low,Unable to use mobile app,Mobile App Release
T2847,C81068,2026-06-22,Login Problem,Medium,Authentication issue,Mobile App Release
T2848,C13732,2026-06-22,App Crash,Low,Unable to use mobile app,Mobile App Release
T2849,C49117,2026-06-22,Performance Issue,Medium,Performance degraded,Mobile App Release
T2850,C91190,2026-06-22,Login Problem,Low,Login keeps failing,Mobile App Release
T2851,C27453,2026-06-22,Performance Issue,Low,App is very slow,Mobile App Release
T2852,C11699,2026-06-22,App Crash,Medium,Application crashes after update,Mobile App Release
T2853,C2366,2026-06-22,Performance Issue,Medium,Screen takes too long to load,Mobile App Release
T2854,C37824,2026-06-22,App Crash,Medium,Unable to use mobile app,Mobile App Release
T2855,C49397,2026-06-22,App Crash,Low,App closes unexpectedly,Mobile App Release
T2856,C44388,2026-06-22,App Crash,Low,App closes unexpectedly,Mobile App Release
T2857,C1920,2026-06-22,App Crash,Low,App closes unexpectedly,Mobile App Release
T2858,C6930,2026-06-22,App Crash,High,Unable to use mobile app,Mobile App Release
T2859,C37925,2026-06-22,App Crash,Medium,App closes unexpectedly,Mobile App Release
T2860,C11921,2026-06-22,App Crash,Medium,Unable to use mobile app,Mobile App Release
T2861,C93576,2026-06-22,Login Problem,Low,Authentication issue,Mobile App Release
T2862,C59100,2026-06-22,Performance Issue,Low,Performance degraded,Mobile App Release
T2863,C70376,2026-06-22,Login Problem,Medium,Login keeps failing,Mobile App Release
T2864,C37390,2026-06-22,Login Problem,High,Login keeps failing,Mobile App Release
T2865,C57501,2026-06-22,Performance Issue,Low,App is very slow,Mobile App Release
T2866,C11597,2026-06-22,Performance Issue,Low,Performance degraded,Mobile App Release
T2867,C93434,2026-06-22,Login Problem,Low,Cannot login after update,Mobile App Release
T2868,C55599,2026-06-22,Performance Issue,Low,Performance degraded,Mobile App Release
T2869,C34929,2026-06-22,App Crash,High,App closes unexpectedly,Mobile App Release
T2870,C10337,2026-06-22,App Crash,Low,Application crashes after update,Mobile App Release
T2871,C25817,2026-06-22,Login Problem,Low,Authentication issue,Mobile App Release
T2872,C8799,2026-06-22,Login Problem,High,Authentication issue,Mobile App Release
T2873,C21183,2026-06-22,Performance Issue,Low,App is very slow,Mobile App Release
T2874,C87639,2026-06-22,Login Problem,Medium,Cannot login after update,Mobile App Release
T2875,C73357,2026-06-22,App Crash,Low,App closes unexpectedly,Mobile App Release
T2876,C95792,2026-06-22,Login Problem,Medium,Login keeps failing,Mobile App Release
T2877,C97842,2026-06-23,App Crash,Medium,App closes unexpectedly,Mobile App Release
T2878,C10986,2026-06-23,Login Problem,Low,Authentication issue,Mobile App Release
T2879,C51929,2026-06-23,Login Problem,High,Login keeps failing,Mobile App Release
T2880,C93331,2026-06-23,App Crash,Low,Application crashes after update,Mobile App Release
T2881,C85819,2026-06-23,App Crash,Medium,Unable to use mobile app,Mobile App Release
T2882,C99243,2026-06-23,App Crash,Medium,App closes unexpectedly,Mobile App Release
T2883,C1670,2026-06-23,Performance Issue,High,Screen takes too long to load,Mobile App Release
T2884,C51084,2026-06-23,Login Problem,Medium,Login keeps failing,Mobile App Release
T2885,C6022,2026-06-23,Performance Issue,Medium,Screen takes too long to load,Mobile App Release
T2886,C50356,2026-06-23,Login Problem,Low,Authentication issue,Mobile App Release
T2887,C64034,2026-06-23,App Crash,Medium,Application crashes after update,Mobile App Release
T2888,C3094,2026-06-23,App Crash,High,Unable to use mobile app,Mobile App Release
T2889,C9395,2026-06-23,App Crash,Medium,Unable to use mobile app,Mobile App Release
T2890,C97820,2026-06-23,Performance Issue,Medium,App is very slow,Mobile App Release
T2891,C60696,2026-06-23,App Crash,Medium,App closes unexpectedly,Mobile App Release
T2892,C91716,2026-06-23,Login Problem,Low,Cannot login after update,Mobile App Release
T2893,C94656,2026-06-23,Login Problem,Medium,Cannot login after update,Mobile App Release
T2894,C41724,2026-06-23,Performance Issue,Low,Screen takes too long to load,Mobile App Release
T2895,C76026,2026-06-23,Performance Issue,High,App is very slow,Mobile App Release
T2896,C67697,2026-06-23,App Crash,Medium,Application crashes after update,Mobile App Release
T2897,C35691,2026-06-23,Performance Issue,Medium,Screen takes too long to load,Mobile App Release
T2898,C67905,2026-06-23,App Crash,Low,Unable to use mobile app,Mobile App Release
T2899,C5609,2026-06-23,App Crash,Medium,Application crashes after update,Mobile App Release
T2900,C9863,2026-06-23,Login Problem,Low,Cannot login after update,Mobile App Release
T2901,C71881,2026-06-23,App Crash,Medium,Unable to use mobile app,Mobile App Release
T2902,C28416,2026-06-23,Login Problem,Low,Login keeps failing,Mobile App Release
T2903,C57004,2026-06-23,Performance Issue,Medium,Screen takes too long to load,Mobile App Release
T2904,C39843,2026-06-23,App Crash,Low,Application crashes after update,Mobile App Release
T2905,C58500,2026-06-23,Performance Issue,Medium,App is very slow,Mobile App Release
T2906,C6765,2026-06-23,Performance Issue,High,App is very slow,Mobile App Release
T2907,C95712,2026-06-23,App Crash,High,App closes unexpectedly,Mobile App Release
T2908,C18801,2026-06-23,Performance Issue,Medium,App is very slow,Mobile App Release
T2909,C56852,2026-06-24,App Crash,Low,Application crashes after update,Mobile App Release
T2910,C38502,2026-06-24,App Crash,High,Unable to use mobile app,Mobile App Release
T2911,C93779,2026-06-24,App Crash,Low,Application crashes after update,Mobile App Release
T2912,C17862,2026-06-24,App Crash,Low,App closes unexpectedly,Mobile App Release
T2913,C31127,2026-06-24,App Crash,Medium,App closes unexpectedly,Mobile App Release
T2914,C17884,2026-06-24,Performance Issue,Medium,Performance degraded,Mobile App Release
T2915,C66267,2026-06-24,Performance Issue,Low,Screen takes too long to load,Mobile App Release
T2916,C50439,2026-06-24,Login Problem,Low,Authentication issue,Mobile App Release
T2917,C66484,2026-06-24,Performance Issue,Medium,Screen takes too long to load,Mobile App Release
T2918,C96009,2026-06-24,Login Problem,Low,Login keeps failing,Mobile App Release
T2919,C75570,2026-06-24,Login Problem,Low,Cannot login after update,Mobile App Release
T2920,C909,2026-06-24,App Crash,Medium,App closes unexpectedly,Mobile App Release
T2921,C35080,2026-06-24,App Crash,Medium,App closes unexpectedly,Mobile App Release
T2922,C49324,2026-06-24,Login Problem,Medium,Authentication issue,Mobile App Release
T2923,C30165,2026-06-24,Login Problem,Medium,Authentication issue,Mobile App Release
T2924,C43272,2026-06-24,Login Problem,High,Authentication issue,Mobile App Release
T2925,C58098,2026-06-24,Performance Issue,High,Performance degraded,Mobile App Release
T2926,C8273,2026-06-24,Performance Issue,Low,Performance degraded,Mobile App Release
T2927,C73278,2026-06-24,Login Problem,Low,Login keeps failing,Mobile App Release
T2928,C67471,2026-06-24,Performance Issue,High,Performance degraded,Mobile App Release
T2929,C20294,2026-06-24,Performance Issue,Low,Performance degraded,Mobile App Release
T2930,C68603,2026-06-24,App Crash,Low,Unable to use mobile app,Mobile App Release
T2931,C5595,2026-06-24,Login Problem,Medium,Cannot login after update,Mobile App Release
T2932,C16192,2026-06-24,Performance Issue,High,Screen takes too long to load,Mobile App Release
T2933,C46799,2026-06-24,Login Problem,Medium,Login keeps failing,Mobile App Release
T2934,C12205,2026-06-25,Performance Issue,Low,Screen takes too long to load,Mobile App Release
T2935,C33594,2026-06-25,App Crash,Medium,Unable to use mobile app,Mobile App Release
T2936,C53366,2026-06-25,App Crash,High,Application crashes after update,Mobile App Release
T2937,C48792,2026-06-25,Performance Issue,Medium,App is very slow,Mobile App Release
T2938,C97078,2026-06-25,Login Problem,Medium,Cannot login after update,Mobile App Release
T2939,C22489,2026-06-25,Performance Issue,Medium,App is very slow,Mobile App Release
T2940,C1920,2026-06-25,App Crash,High,Unable to use mobile app,Mobile App Release
T2941,C47004,2026-06-25,Login Problem,Low,Authentication issue,Mobile App Release
T2942,C59031,2026-06-25,Performance Issue,Low,Screen takes too long to load,Mobile App Release
T2943,C52801,2026-06-25,Login Problem,Medium,Cannot login after update,Mobile App Release
T2944,C64316,2026-06-25,App Crash,High,Application crashes after update,Mobile App Release
T2945,C56239,2026-06-25,App Crash,Medium,Unable to use mobile app,Mobile App Release
T2946,C34608,2026-06-25,App Crash,Medium,Unable to use mobile app,Mobile App Release
T2947,C87688,2026-06-25,Performance Issue,Medium,Performance degraded,Mobile App Release
T2948,C63198,2026-06-25,Performance Issue,Medium,Screen takes too long to load,Mobile App Release
T2949,C27585,2026-06-25,Performance Issue,High,App is very slow,Mobile App Release
T2950,C5488,2026-06-25,Performance Issue,Medium,Screen takes too long to load,Mobile App Release
T2951,C76817,2026-06-25,Performance Issue,Medium,App is very slow,Mobile App Release
T2952,C10548,2026-06-25,Performance Issue,Low,Screen takes too long to load,Mobile App Release
T2953,C50871,2026-06-25,App Crash,Low,Unable to use mobile app,Mobile App Release
T2954,C60818,2026-06-25,App Crash,High,Unable to use mobile app,Mobile App Release
T2955,C2922,2026-06-25,Login Problem,High,Authentication issue,Mobile App Release
T2956,C13464,2026-06-25,Login Problem,Medium,Cannot login after update,Mobile App Release
T2957,C58597,2026-06-25,Performance Issue,Medium,Screen takes too long to load,Mobile App Release
T2958,C55153,2026-06-25,Login Problem,Low,Login keeps failing,Mobile App Release
T2959,C72468,2026-06-25,Login Problem,Medium,Authentication issue,Mobile App Release
T2960,C59005,2026-06-25,App Crash,High,Unable to use mobile app,Mobile App Release
T2961,C22321,2026-06-25,App Crash,Low,Application crashes after update,Mobile App Release
T2962,C48582,2026-06-25,Login Problem,Medium,Cannot login after update,Mobile App Release
T2963,C7208,2026-06-25,Performance Issue,Low,Screen takes too long to load,Mobile App Release
T2964,C87082,2026-06-25,Performance Issue,High,App is very slow,Mobile App Release
T2965,C74093,2026-06-25,Performance Issue,Low,App is very slow,Mobile App Release
T2966,C84459,2026-06-26,App Crash,Medium,App closes unexpectedly,Mobile App Release
T2967,C75482,2026-06-26,Performance Issue,Medium,App is very slow,Mobile App Release
T2968,C6337,2026-06-26,App Crash,Low,Unable to use mobile app,Mobile App Release
T2969,C49818,2026-06-26,App Crash,Medium,App closes unexpectedly,Mobile App Release
T2970,C30014,2026-06-26,Login Problem,High,Cannot login after update,Mobile App Release
T2971,C36777,2026-06-26,App Crash,High,Application crashes after update,Mobile App Release
T2972,C49924,2026-06-26,App Crash,Low,Unable to use mobile app,Mobile App Release
T2973,C61688,2026-06-26,Login Problem,Medium,Cannot login after update,Mobile App Release
T2974,C20449,2026-06-26,Performance Issue,Medium,Screen takes too long to load,Mobile App Release
T2975,C76580,2026-06-26,Performance Issue,Medium,Performance degraded,Mobile App Release
T2976,C28017,2026-06-26,Login Problem,Low,Login keeps failing,Mobile App Release
T2977,C7550,2026-06-26,Login Problem,High,Login keeps failing,Mobile App Release
T2978,C54597,2026-06-26,Performance Issue,Medium,Screen takes too long to load,Mobile App Release
T2979,C60288,2026-06-26,App Crash,Medium,Application crashes after update,Mobile App Release
T2980,C12824,2026-06-26,Performance Issue,Medium,Screen takes too long to load,Mobile App Release
T2981,C57772,2026-06-26,Login Problem,Low,Authentication issue,Mobile App Release
T2982,C10957,2026-06-26,Performance Issue,Low,App is very slow,Mobile App Release
T2983,C56235,2026-06-26,Login Problem,Medium,Login keeps failing,Mobile App Release
T2984,C1833,2026-06-26,Login Problem,Low,Login keeps failing,Mobile App Release
T2985,C69716,2026-06-26,Performance Issue,High,Performance degraded,Mobile App Release
T2986,C6616,2026-06-26,Performance Issue,Low,Screen takes too long to load,Mobile App Release
T2987,C86880,2026-06-26,Login Problem,Medium,Login keeps failing,Mobile App Release
T2988,C47446,2026-06-26,App Crash,Medium,App closes unexpectedly,Mobile App Release
T2989,C48622,2026-06-26,Login Problem,High,Cannot login after update,Mobile App Release
T2990,C59941,2026-06-26,App Crash,Low,App closes unexpectedly,Mobile App Release
T2991,C28392,2026-06-26,App Crash,Medium,Unable to use mobile app,Mobile App Release
T2992,C24687,2026-06-26,Performance Issue,Low,Performance degraded,Mobile App Release
T2993,C50291,2026-06-26,Performance Issue,Medium,Screen takes too long to load,Mobile App Release
T2994,C77339,2026-06-26,Login Problem,Medium,Login keeps failing,Mobile App Release
T2995,C50909,2026-06-26,Login Problem,Medium,Login keeps failing,Mobile App Release
T2996,C56783,2026-06-26,Performance Issue,Low,Screen takes too long to load,Mobile App Release
T2997,C22192,2026-06-26,App Crash,Low,Unable to use mobile app,Mobile App Release
T2998,C62514,2026-06-26,Login Problem,Low,Authentication issue,Mobile App Release
T2999,C49998,2026-06-27,Performance Issue,Medium,Performance degraded,Mobile App Release
T3000,C18031,2026-06-27,App Crash,High,Application crashes after update,Mobile App Release
T3001,C16741,2026-06-27,App Crash,Medium,App closes unexpectedly,Mobile App Release
T3002,C51433,2026-06-27,App Crash,Medium,App closes unexpectedly,Mobile App Release
T3003,C89343,2026-06-27,Login Problem,Low,Authentication issue,Mobile App Release
T3004,C58542,2026-06-27,App Crash,Medium,Application crashes after update,Mobile App Release
T3005,C50640,2026-06-27,App Crash,High,Application crashes after update,Mobile App Release
T3006,C65021,2026-06-27,App Crash,Low,Application crashes after update,Mobile App Release
T3007,C73252,2026-06-27,Performance Issue,Medium,App is very slow,Mobile App Release
T3008,C76763,2026-06-27,App Crash,Medium,Unable to use mobile app,Mobile App Release
T3009,C57440,2026-06-27,App Crash,Medium,App closes unexpectedly,Mobile App Release
T3010,C529,2026-06-27,Login Problem,Low,Authentication issue,Mobile App Release
T3011,C13920,2026-06-27,App Crash,Medium,App closes unexpectedly,Mobile App Release
T3012,C74421,2026-06-27,App Crash,Medium,App closes unexpectedly,Mobile App Release
T3013,C21947,2026-06-27,Performance Issue,Low,App is very slow,Mobile App Release
T3014,C3926,2026-06-27,Login Problem,Medium,Login keeps failing,Mobile App Release
T3015,C87939,2026-06-27,App Crash,Low,App closes unexpectedly,Mobile App Release
T3016,C86131,2026-06-27,App Crash,Low,App closes unexpectedly,Mobile App Release
T3017,C53224,2026-06-27,Login Problem,Low,Authentication issue,Mobile App Release
T3018,C36395,2026-06-27,Performance Issue,Medium,App is very slow,Mobile App Release
T3019,C86917,2026-06-27,App Crash,Medium,Application crashes after update,Mobile App Release
T3020,C97350,2026-06-27,App Crash,Medium,App closes unexpectedly,Mobile App Release
T3021,C57945,2026-06-27,App Crash,Medium,Unable to use mobile app,Mobile App Release
T3022,C34987,2026-06-27,Performance Issue,Medium,Screen takes too long to load,Mobile App Release
T3023,C58549,2026-06-27,App Crash,Low,Application crashes after update,Mobile App Release
T3024,C88282,2026-06-27,Performance Issue,Low,Performance degraded,Mobile App Release
T3025,C10682,2026-06-28,Login Problem,Medium,Cannot login after update,Mobile App Release
T3026,C27400,2026-06-28,Performance Issue,Medium,Screen takes too long to load,Mobile App Release
T3027,C39847,2026-06-28,Login Problem,High,Login keeps failing,Mobile App Release
T3028,C75288,2026-06-28,Login Problem,Low,Cannot login after update,Mobile App Release
T3029,C84847,2026-06-28,Performance Issue,High,Screen takes too long to load,Mobile App Release
T3030,C28768,2026-06-28,App Crash,Medium,App closes unexpectedly,Mobile App Release
T3031,C67439,2026-06-28,Performance Issue,Low,Screen takes too long to load,Mobile App Release
T3032,C40844,2026-06-28,Performance Issue,Medium,Screen takes too long to load,Mobile App Release
T3033,C7378,2026-06-28,Login Problem,Low,Login keeps failing,Mobile App Release
T3034,C36979,2026-06-28,Performance Issue,Low,App is very slow,Mobile App Release
T3035,C98113,2026-06-28,Performance Issue,Medium,Performance degraded,Mobile App Release
T3036,C40648,2026-06-28,Performance Issue,High,Performance degraded,Mobile App Release
T3037,C83698,2026-06-28,App Crash,Medium,App closes unexpectedly,Mobile App Release
T3038,C90725,2026-06-28,App Crash,Medium,App closes unexpectedly,Mobile App Release
T3039,C39160,2026-06-28,App Crash,Low,Unable to use mobile app,Mobile App Release
T3040,C24475,2026-06-28,App Crash,Medium,App closes unexpectedly,Mobile App Release
T3041,C31146,2026-06-28,Performance Issue,Low,Performance degraded,Mobile App Release
T3042,C67665,2026-06-28,Performance Issue,Low,Performance degraded,Mobile App Release
T3043,C17534,2026-06-28,App Crash,Low,App closes unexpectedly,Mobile App Release
T3044,C58598,2026-06-28,App Crash,Low,Unable to use mobile app,Mobile App Release
T3045,C52202,2026-06-29,App Crash,Low,Application crashes after update,Mobile App Release
T3046,C31747,2026-06-29,App Crash,Medium,Application crashes after update,Mobile App Release
T3047,C81542,2026-06-29,Login Problem,Medium,Authentication issue,Mobile App Release
T3048,C14818,2026-06-29,App Crash,Medium,Unable to use mobile app,Mobile App Release
T3049,C57758,2026-06-29,App Crash,Low,Application crashes after update,Mobile App Release
T3050,C7836,2026-06-29,Performance Issue,Medium,App is very slow,Mobile App Release
T3051,C51922,2026-06-29,Login Problem,High,Cannot login after update,Mobile App Release
T3052,C6841,2026-06-29,Performance Issue,Low,App is very slow,Mobile App Release
T3053,C2390,2026-06-29,App Crash,Medium,Application crashes after update,Mobile App Release
T3054,C39024,2026-06-29,Login Problem,Low,Authentication issue,Mobile App Release
T3055,C86960,2026-06-29,Login Problem,Low,Login keeps failing,Mobile App Release
T3056,C97897,2026-06-29,App Crash,Medium,Unable to use mobile app,Mobile App Release
T3057,C28174,2026-06-29,Login Problem,Low,Cannot login after update,Mobile App Release
T3058,C26640,2026-06-29,Login Problem,Low,Authentication issue,Mobile App Release
T3059,C30105,2026-06-29,App Crash,High,App closes unexpectedly,Mobile App Release
T3060,C10529,2026-06-29,Performance Issue,Low,App is very slow,Mobile App Release
T3061,C70180,2026-06-29,Login Problem,Medium,Authentication issue,Mobile App Release
T3062,C74249,2026-06-29,Login Problem,Medium,Cannot login after update,Mobile App Release
T3063,C42221,2026-06-29,App Crash,Low,Application crashes after update,Mobile App Release
T3064,C67144,2026-06-29,Login Problem,Low,Cannot login after update,Mobile App Release
T3065,C46310,2026-06-29,App Crash,Medium,Unable to use mobile app,Mobile App Release
T3066,C11827,2026-06-29,App Crash,Low,Unable to use mobile app,Mobile App Release
T3067,C70010,2026-06-29,Login Problem,Low,Cannot login after update,Mobile App Release
T3068,C91952,2026-06-29,Login Problem,High,Cannot login after update,Mobile App Release
T3069,C69073,2026-06-29,Performance Issue,Low,Performance degraded,Mobile App Release
T3070,C55060,2026-06-29,App Crash,Low,Unable to use mobile app,Mobile App Release
T3071,C47110,2026-06-29,App Crash,High,Application crashes after update,Mobile App Release
T3072,C74535,2026-06-29,Login Problem,Low,Cannot login after update,Mobile App Release
T3073,C48808,2026-06-30,Login Problem,Medium,Cannot login after update,Mobile App Release
T3074,C88816,2026-06-30,Login Problem,High,Authentication issue,Mobile App Release
T3075,C95526,2026-06-30,App Crash,Low,Application crashes after update,Mobile App Release
T3076,C48705,2026-06-30,Login Problem,Low,Authentication issue,Mobile App Release
T3077,C81579,2026-06-30,App Crash,Medium,Unable to use mobile app,Mobile App Release
T3078,C16255,2026-06-30,Performance Issue,High,Screen takes too long to load,Mobile App Release
T3079,C77396,2026-06-30,App Crash,Medium,Unable to use mobile app,Mobile App Release
T3080,C42486,2026-06-30,Login Problem,Low,Cannot login after update,Mobile App Release
T3081,C50604,2026-06-30,Login Problem,High,Cannot login after update,Mobile App Release
T3082,C35893,2026-06-30,Performance Issue,Low,Screen takes too long to load,Mobile App Release
T3083,C62821,2026-06-30,App Crash,Low,App closes unexpectedly,Mobile App Release
T3084,C66618,2026-06-30,Login Problem,High,Login keeps failing,Mobile App Release
T3085,C56355,2026-06-30,App Crash,Low,Application crashes after update,Mobile App Release
T3086,C86603,2026-06-30,App Crash,Medium,Unable to use mobile app,Mobile App Release
T3087,C26599,2026-06-30,Performance Issue,Low,App is very slow,Mobile App Release
T3088,C9696,2026-06-30,App Crash,Low,Unable to use mobile app,Mobile App Release
T3089,C1215,2026-06-30,Login Problem,Low,Authentication issue,Mobile App Release
T3090,C43482,2026-06-30,Performance Issue,Medium,Screen takes too long to load,Mobile App Release
T3091,C25539,2026-06-30,Performance Issue,Low,Performance degraded,Mobile App Release
T3092,C75134,2026-06-30,Login Problem,Medium,Authentication issue,Mobile App Release
T3093,C72106,2026-06-30,App Crash,Low,Application crashes after update,Mobile App Release
T3094,C32178,2026-06-30,Login Problem,Medium,Cannot login after update,Mobile App Release
T3095,C27916,2026-06-30,Performance Issue,Medium,App is very slow,Mobile App Release
T3096,C17132,2026-06-30,Login Problem,Low,Login keeps failing,Mobile App Release
T3097,C1380,2026-06-30,Login Problem,Medium,Authentication issue,Mobile App Release
T3098,C9089,2026-06-30,Performance Issue,Low,Performance degraded,Mobile App Release
T3099,C99600,2026-07-01,Refund Request,Low,Requesting refund for recent purchase,Normal Operations
T3100,C82863,2026-07-01,Order Tracking,Medium,Unable to track order,Normal Operations
T3101,C1621,2026-07-01,Order Tracking,Medium,Order status not updated,Normal Operations
T3102,C49323,2026-07-01,Product Inquiry,Low,Question about product specifications,Normal Operations
T3103,C15862,2026-07-01,Order Tracking,Low,Unable to track order,Normal Operations
T3104,C2838,2026-07-01,Product Inquiry,Medium,Need more product information,Normal Operations
T3105,C49832,2026-07-01,Account Question,Low,Unable to update account information,Normal Operations
T3106,C29542,2026-07-01,Order Tracking,Low,Need tracking information,Normal Operations
T3107,C27454,2026-07-01,Order Tracking,Low,Need tracking information,Normal Operations
T3108,C39108,2026-07-02,Account Question,Medium,Question regarding account settings,Normal Operations
T3109,C87330,2026-07-02,Account Question,Medium,Unable to update account information,Normal Operations
T3110,C37711,2026-07-02,Refund Request,High,Customer requested refund,Normal Operations
T3111,C72359,2026-07-02,Product Inquiry,Medium,Need more product information,Normal Operations
T3112,C63221,2026-07-02,Refund Request,High,Customer requested refund,Normal Operations
T3113,C95425,2026-07-02,Product Inquiry,High,Inquiry regarding product availability,Normal Operations
T3114,C54334,2026-07-02,Account Question,High,Unable to update account information,Normal Operations
T3115,C44412,2026-07-02,Refund Request,Medium,Requesting refund for recent purchase,Normal Operations
T3116,C55269,2026-07-02,Product Inquiry,Low,Question about product specifications,Normal Operations
T3117,C80782,2026-07-02,Product Inquiry,Medium,Inquiry regarding product availability,Normal Operations
T3118,C30483,2026-07-03,Product Inquiry,High,Question about product specifications,Normal Operations
T3119,C20546,2026-07-03,Order Tracking,Medium,Order status not updated,Normal Operations
T3120,C52483,2026-07-03,Order Tracking,High,Order status not updated,Normal Operations
T3121,C71592,2026-07-03,Order Tracking,Low,Order status not updated,Normal Operations
T3122,C99266,2026-07-03,Refund Request,Low,Refund not processed,Normal Operations
T3123,C71544,2026-07-03,Order Tracking,High,Need tracking information,Normal Operations
T3124,C16293,2026-07-03,Account Question,Low,Account related inquiry,Normal Operations
T3125,C30384,2026-07-03,Return Request,Low,Return process inquiry,Normal Operations
T3126,C4842,2026-07-04,Order Tracking,High,Order status not updated,Normal Operations
T3127,C17444,2026-07-04,Order Tracking,Low,Order status not updated,Normal Operations
T3128,C53745,2026-07-04,Refund Request,Medium,Refund not processed,Normal Operations
T3129,C32211,2026-07-04,Account Question,Medium,Account related inquiry,Normal Operations
T3130,C54605,2026-07-04,Account Question,Medium,Account related inquiry,Normal Operations
T3131,C89883,2026-07-04,Account Question,Medium,Unable to update account information,Normal Operations
T3132,C46871,2026-07-04,Order Tracking,Medium,Order status not updated,Normal Operations
T3133,C50062,2026-07-04,Return Request,High,Customer wants to return product,Normal Operations
T3134,C90074,2026-07-04,Account Question,Medium,Account related inquiry,Normal Operations
T3135,C42904,2026-07-04,Product Inquiry,High,Question about product specifications,Normal Operations
T3136,C58799,2026-07-04,Product Inquiry,High,Question about product specifications,Normal Operations
T3137,C69635,2026-07-04,Account Question,High,Unable to update account information,Normal Operations
T3138,C25323,2026-07-05,Return Request,Medium,Need assistance with return,Normal Operations
T3139,C36213,2026-07-05,Refund Request,Medium,Requesting refund for recent purchase,Normal Operations
T3140,C31741,2026-07-05,Product Inquiry,Medium,Inquiry regarding product availability,Normal Operations
T3141,C48366,2026-07-05,Return Request,Low,Customer wants to return product,Normal Operations
T3142,C95762,2026-07-05,Account Question,Low,Unable to update account information,Normal Operations
T3143,C8832,2026-07-05,Refund Request,Low,Refund not processed,Normal Operations
T3144,C45925,2026-07-05,Account Question,Low,Unable to update account information,Normal Operations
T3145,C65931,2026-07-05,Product Inquiry,Medium,Inquiry regarding product availability,Normal Operations
T3146,C98634,2026-07-05,Account Question,Medium,Question regarding account settings,Normal Operations
T3147,C59077,2026-07-05,Account Question,High,Unable to update account information,Normal Operations
T3148,C33542,2026-07-05,Refund Request,Low,Refund not processed,Normal Operations
T3149,C58943,2026-07-06,Return Request,Medium,Need assistance with return,Normal Operations
T3150,C26899,2026-07-06,Account Question,Medium,Unable to update account information,Normal Operations
T3151,C61769,2026-07-06,Product Inquiry,Low,Question about product specifications,Normal Operations
T3152,C16601,2026-07-06,Return Request,High,Need assistance with return,Normal Operations
T3153,C4430,2026-07-06,Order Tracking,Low,Unable to track order,Normal Operations
T3154,C40135,2026-07-06,Account Question,High,Question regarding account settings,Normal Operations
T3155,C21731,2026-07-06,Order Tracking,Medium,Unable to track order,Normal Operations
T3156,C85196,2026-07-06,Product Inquiry,Low,Need more product information,Normal Operations
T3157,C68880,2026-07-06,Refund Request,Medium,Customer requested refund,Normal Operations
T3158,C39995,2026-07-06,Account Question,Low,Question regarding account settings,Normal Operations
T3159,C18831,2026-07-06,Return Request,High,Need assistance with return,Normal Operations
T3160,C16739,2026-07-07,Account Question,Medium,Account related inquiry,Normal Operations
T3161,C89083,2026-07-07,Refund Request,Medium,Requesting refund for recent purchase,Normal Operations
T3162,C50279,2026-07-07,Order Tracking,Low,Unable to track order,Normal Operations
T3163,C97124,2026-07-07,Return Request,Low,Need assistance with return,Normal Operations
T3164,C99130,2026-07-07,Return Request,Medium,Customer wants to return product,Normal Operations
T3165,C97385,2026-07-07,Refund Request,Low,Refund not processed,Normal Operations
T3166,C97553,2026-07-07,Product Inquiry,Low,Question about product specifications,Normal Operations
T3167,C52704,2026-07-07,Return Request,Low,Customer wants to return product,Normal Operations
T3168,C99870,2026-07-07,Account Question,Medium,Question regarding account settings,Normal Operations
T3169,C66556,2026-07-07,Return Request,Medium,Customer wants to return product,Normal Operations
T3170,C5966,2026-07-08,Product Inquiry,Medium,Question about product specifications,Normal Operations
T3171,C32964,2026-07-08,Return Request,Medium,Return process inquiry,Normal Operations
T3172,C76423,2026-07-08,Product Inquiry,Medium,Inquiry regarding product availability,Normal Operations
T3173,C87595,2026-07-08,Return Request,Low,Return process inquiry,Normal Operations
T3174,C640,2026-07-08,Order Tracking,High,Order status not updated,Normal Operations
T3175,C16474,2026-07-08,Return Request,Low,Customer wants to return product,Normal Operations
T3176,C86624,2026-07-08,Return Request,Medium,Need assistance with return,Normal Operations
T3177,C57590,2026-07-08,Account Question,Low,Unable to update account information,Normal Operations
T3178,C60532,2026-07-08,Product Inquiry,High,Question about product specifications,Normal Operations
T3179,C76816,2026-07-08,Order Tracking,Low,Need tracking information,Normal Operations
T3180,C10858,2026-07-08,Order Tracking,High,Order status not updated,Normal Operations
T3181,C13581,2026-07-08,Return Request,High,Return process inquiry,Normal Operations
T3182,C46112,2026-07-08,Refund Request,High,Refund not processed,Normal Operations
T3183,C12212,2026-07-08,Order Tracking,High,Unable to track order,Normal Operations
T3184,C89461,2026-07-09,Return Request,High,Customer wants to return product,Normal Operations
T3185,C84978,2026-07-09,Product Inquiry,Low,Question about product specifications,Normal Operations
T3186,C27290,2026-07-09,Refund Request,Low,Refund not processed,Normal Operations
T3187,C19586,2026-07-09,Account Question,Medium,Unable to update account information,Normal Operations
T3188,C17350,2026-07-09,Account Question,Medium,Account related inquiry,Normal Operations
T3189,C19456,2026-07-09,Refund Request,High,Customer requested refund,Normal Operations
T3190,C39294,2026-07-09,Return Request,Medium,Return process inquiry,Normal Operations
T3191,C40485,2026-07-09,Account Question,Low,Unable to update account information,Normal Operations
T3192,C65643,2026-07-09,Account Question,Low,Question regarding account settings,Normal Operations
T3193,C29606,2026-07-09,Order Tracking,Low,Need tracking information,Normal Operations
T3194,C5401,2026-07-09,Order Tracking,Medium,Need tracking information,Normal Operations
T3195,C86174,2026-07-09,Product Inquiry,Medium,Question about product specifications,Normal Operations
T3196,C14975,2026-07-09,Order Tracking,High,Unable to track order,Normal Operations
T3197,C72154,2026-07-09,Product Inquiry,Low,Question about product specifications,Normal Operations
T3198,C98232,2026-07-10,Account Question,High,Unable to update account information,Normal Operations
T3199,C98384,2026-07-10,Return Request,Medium,Return process inquiry,Normal Operations
T3200,C17117,2026-07-10,Account Question,Medium,Unable to update account information,Normal Operations
T3201,C2125,2026-07-10,Return Request,Medium,Customer wants to return product,Normal Operations
T3202,C64819,2026-07-10,Refund Request,Medium,Requesting refund for recent purchase,Normal Operations
T3203,C998,2026-07-10,Order Tracking,High,Need tracking information,Normal Operations
T3204,C78654,2026-07-10,Refund Request,Low,Refund not processed,Normal Operations
T3205,C85448,2026-07-10,Refund Request,Medium,Refund not processed,Normal Operations
T3206,C95202,2026-07-10,Refund Request,Low,Refund not processed,Normal Operations
T3207,C27388,2026-07-10,Return Request,Low,Customer wants to return product,Normal Operations
T3208,C10197,2026-07-10,Order Tracking,Low,Need tracking information,Normal Operations
T3209,C41401,2026-07-10,Refund Request,Medium,Customer requested refund,Normal Operations
T3210,C24112,2026-07-10,Product Inquiry,High,Need more product information,Normal Operations
T3211,C61601,2026-07-10,Return Request,High,Customer wants to return product,Normal Operations
T3212,C7898,2026-07-11,Return Request,Medium,Need assistance with return,Normal Operations
T3213,C24816,2026-07-11,Account Question,Medium,Account related inquiry,Normal Operations
T3214,C14264,2026-07-11,Refund Request,High,Customer requested refund,Normal Operations
T3215,C41272,2026-07-11,Account Question,Low,Account related inquiry,Normal Operations
T3216,C33903,2026-07-11,Order Tracking,High,Unable to track order,Normal Operations
T3217,C62234,2026-07-11,Product Inquiry,Low,Inquiry regarding product availability,Normal Operations
T3218,C67450,2026-07-11,Return Request,Medium,Need assistance with return,Normal Operations
T3219,C83252,2026-07-11,Account Question,High,Question regarding account settings,Normal Operations
T3220,C23451,2026-07-11,Order Tracking,Medium,Need tracking information,Normal Operations
T3221,C91629,2026-07-12,Return Request,Medium,Customer wants to return product,Normal Operations
T3222,C95150,2026-07-12,Order Tracking,Low,Need tracking information,Normal Operations
T3223,C23467,2026-07-12,Product Inquiry,High,Need more product information,Normal Operations
T3224,C13666,2026-07-12,Refund Request,Medium,Customer requested refund,Normal Operations
T3225,C84767,2026-07-12,Account Question,Medium,Unable to update account information,Normal Operations
T3226,C86364,2026-07-12,Product Inquiry,Medium,Inquiry regarding product availability,Normal Operations
T3227,C18096,2026-07-12,Refund Request,Low,Requesting refund for recent purchase,Normal Operations
T3228,C45098,2026-07-12,Refund Request,Medium,Requesting refund for recent purchase,Normal Operations
T3229,C88017,2026-07-12,Return Request,Low,Customer wants to return product,Normal Operations
T3230,C9405,2026-07-13,Order Tracking,Low,Need tracking information,Normal Operations
T3231,C27685,2026-07-13,Return Request,High,Return process inquiry,Normal Operations
T3232,C38047,2026-07-13,Product Inquiry,Low,Inquiry regarding product availability,Normal Operations
T3233,C40492,2026-07-13,Refund Request,Low,Requesting refund for recent purchase,Normal Operations
T3234,C72726,2026-07-13,Refund Request,Medium,Requesting refund for recent purchase,Normal Operations
T3235,C21771,2026-07-13,Product Inquiry,Medium,Need more product information,Normal Operations
T3236,C95342,2026-07-13,Account Question,Low,Question regarding account settings,Normal Operations
T3237,C71304,2026-07-13,Order Tracking,High,Order status not updated,Normal Operations
T3238,C76287,2026-07-14,Order Tracking,Medium,Order status not updated,Normal Operations
T3239,C15052,2026-07-14,Account Question,Medium,Account related inquiry,Normal Operations
T3240,C35569,2026-07-14,Refund Request,High,Customer requested refund,Normal Operations
T3241,C91904,2026-07-14,Order Tracking,Medium,Need tracking information,Normal Operations
T3242,C10347,2026-07-14,Return Request,Low,Need assistance with return,Normal Operations
T3243,C16109,2026-07-14,Return Request,Low,Return process inquiry,Normal Operations
T3244,C25921,2026-07-14,Account Question,Low,Question regarding account settings,Normal Operations
T3245,C90667,2026-07-14,Order Tracking,Medium,Order status not updated,Normal Operations
T3246,C40668,2026-07-14,Account Question,Medium,Account related inquiry,Normal Operations
T3247,C6612,2026-07-14,Refund Request,Medium,Customer requested refund,Normal Operations
T3248,C58746,2026-07-14,Account Question,Medium,Unable to update account information,Normal Operations
T3249,C24465,2026-07-15,Order Tracking,Medium,Order status not updated,Normal Operations
T3250,C18229,2026-07-15,Order Tracking,Medium,Order status not updated,Normal Operations
T3251,C40109,2026-07-15,Product Inquiry,Medium,Inquiry regarding product availability,Normal Operations
T3252,C82964,2026-07-15,Return Request,Medium,Customer wants to return product,Normal Operations
T3253,C15226,2026-07-15,Product Inquiry,Medium,Question about product specifications,Normal Operations
T3254,C27379,2026-07-15,Return Request,Low,Return process inquiry,Normal Operations
T3255,C66331,2026-07-15,Return Request,Medium,Return process inquiry,Normal Operations
T3256,C27033,2026-07-15,Refund Request,Low,Refund not processed,Normal Operations
T3257,C63764,2026-07-15,Refund Request,Medium,Refund not processed,Normal Operations
T3258,C40884,2026-07-15,Refund Request,Low,Requesting refund for recent purchase,Normal Operations
T3259,C7451,2026-07-15,Return Request,High,Customer wants to return product,Normal Operations
T3260,C31818,2026-07-15,Refund Request,Low,Requesting refund for recent purchase,Normal Operations
T3261,C55780,2026-07-15,Refund Request,Low,Customer requested refund,Normal Operations
T3262,C20887,2026-07-16,Order Tracking,Low,Need tracking information,Normal Operations
T3263,C33263,2026-07-16,Return Request,Low,Return process inquiry,Normal Operations
T3264,C32323,2026-07-16,Refund Request,Medium,Requesting refund for recent purchase,Normal Operations
T3265,C52883,2026-07-16,Refund Request,Low,Customer requested refund,Normal Operations
T3266,C20558,2026-07-16,Product Inquiry,Low,Question about product specifications,Normal Operations
T3267,C57798,2026-07-16,Refund Request,High,Refund not processed,Normal Operations
T3268,C76290,2026-07-16,Account Question,Low,Account related inquiry,Normal Operations
T3269,C86541,2026-07-16,Product Inquiry,Low,Inquiry regarding product availability,Normal Operations
T3270,C5350,2026-07-16,Order Tracking,Medium,Unable to track order,Normal Operations
T3271,C13687,2026-07-16,Order Tracking,Medium,Need tracking information,Normal Operations
T3272,C95064,2026-07-16,Return Request,Medium,Customer wants to return product,Normal Operations
T3273,C15798,2026-07-17,Order Tracking,High,Need tracking information,Normal Operations
T3274,C60253,2026-07-17,Account Question,Low,Question regarding account settings,Normal Operations
T3275,C42104,2026-07-17,Return Request,High,Return process inquiry,Normal Operations
T3276,C91666,2026-07-17,Return Request,Low,Customer wants to return product,Normal Operations
T3277,C86068,2026-07-17,Account Question,Medium,Unable to update account information,Normal Operations
T3278,C90876,2026-07-17,Return Request,Low,Customer wants to return product,Normal Operations
T3279,C75977,2026-07-17,Product Inquiry,High,Question about product specifications,Normal Operations
T3280,C94183,2026-07-17,Return Request,High,Customer wants to return product,Normal Operations
T3281,C45435,2026-07-17,Product Inquiry,Low,Need more product information,Normal Operations
T3282,C79233,2026-07-17,Refund Request,Medium,Requesting refund for recent purchase,Normal Operations
T3283,C56064,2026-07-17,Refund Request,Low,Refund not processed,Normal Operations
T3284,C75974,2026-07-17,Refund Request,Medium,Customer requested refund,Normal Operations
T3285,C99855,2026-07-17,Product Inquiry,Medium,Question about product specifications,Normal Operations
T3286,C83750,2026-07-17,Order Tracking,Medium,Order status not updated,Normal Operations
T3287,C59527,2026-07-18,Order Tracking,High,Need tracking information,Normal Operations
T3288,C47923,2026-07-18,Return Request,Low,Need assistance with return,Normal Operations
T3289,C83469,2026-07-18,Refund Request,Medium,Customer requested refund,Normal Operations
T3290,C5640,2026-07-18,Refund Request,Low,Refund not processed,Normal Operations
T3291,C29428,2026-07-18,Account Question,Medium,Account related inquiry,Normal Operations
T3292,C64275,2026-07-18,Account Question,Low,Account related inquiry,Normal Operations
T3293,C48227,2026-07-18,Order Tracking,Low,Order status not updated,Normal Operations
T3294,C24688,2026-07-18,Product Inquiry,Low,Need more product information,Normal Operations
T3295,C5968,2026-07-18,Refund Request,Low,Requesting refund for recent purchase,Normal Operations
T3296,C34228,2026-07-18,Account Question,High,Question regarding account settings,Normal Operations
T3297,C54349,2026-07-19,Order Tracking,High,Unable to track order,Normal Operations
T3298,C55421,2026-07-19,Account Question,Low,Unable to update account information,Normal Operations
T3299,C54863,2026-07-19,Refund Request,Medium,Customer requested refund,Normal Operations
T3300,C20472,2026-07-19,Product Inquiry,High,Question about product specifications,Normal Operations
T3301,C83970,2026-07-19,Account Question,Medium,Question regarding account settings,Normal Operations
T3302,C57325,2026-07-19,Product Inquiry,Medium,Need more product information,Normal Operations
T3303,C16677,2026-07-19,Return Request,Medium,Customer wants to return product,Normal Operations
T3304,C77702,2026-07-19,Product Inquiry,High,Inquiry regarding product availability,Normal Operations
T3305,C4861,2026-07-19,Return Request,Low,Need assistance with return,Normal Operations
T3306,C24347,2026-07-19,Refund Request,Low,Customer requested refund,Normal Operations
T3307,C6956,2026-07-19,Order Tracking,Low,Need tracking information,Normal Operations
T3308,C61337,2026-07-19,Product Inquiry,High,Need more product information,Normal Operations
T3309,C12197,2026-07-19,Return Request,Low,Return process inquiry,Normal Operations
T3310,C54241,2026-07-20,Order Tracking,High,Unable to track order,Normal Operations
T3311,C48482,2026-07-20,Return Request,High,Return process inquiry,Normal Operations
T3312,C96670,2026-07-20,Order Tracking,Medium,Order status not updated,Normal Operations
T3313,C74475,2026-07-20,Product Inquiry,Low,Inquiry regarding product availability,Normal Operations
T3314,C61456,2026-07-20,Account Question,Medium,Account related inquiry,Normal Operations
T3315,C47459,2026-07-20,Refund Request,High,Requesting refund for recent purchase,Normal Operations
T3316,C58842,2026-07-20,Account Question,Low,Question regarding account settings,Normal Operations
T3317,C93994,2026-07-20,Return Request,Medium,Need assistance with return,Normal Operations
T3318,C86683,2026-07-21,Account Question,Low,Question regarding account settings,Normal Operations
T3319,C57066,2026-07-21,Product Inquiry,Medium,Question about product specifications,Normal Operations
T3320,C53818,2026-07-21,Return Request,Low,Return process inquiry,Normal Operations
T3321,C49108,2026-07-21,Refund Request,Medium,Refund not processed,Normal Operations
T3322,C99656,2026-07-21,Refund Request,Medium,Customer requested refund,Normal Operations
T3323,C94926,2026-07-21,Return Request,Low,Return process inquiry,Normal Operations
T3324,C76422,2026-07-21,Product Inquiry,High,Inquiry regarding product availability,Normal Operations
T3325,C74293,2026-07-21,Return Request,High,Return process inquiry,Normal Operations
T3326,C4124,2026-07-21,Return Request,Low,Customer wants to return product,Normal Operations
T3327,C86979,2026-07-22,Product Inquiry,Low,Inquiry regarding product availability,Normal Operations
T3328,C94525,2026-07-22,Order Tracking,Medium,Unable to track order,Normal Operations
T3329,C45407,2026-07-22,Order Tracking,High,Order status not updated,Normal Operations
T3330,C43017,2026-07-22,Order Tracking,High,Unable to track order,Normal Operations
T3331,C55736,2026-07-22,Refund Request,High,Customer requested refund,Normal Operations
T3332,C22561,2026-07-22,Order Tracking,Low,Need tracking information,Normal Operations
T3333,C57806,2026-07-22,Account Question,High,Question regarding account settings,Normal Operations
T3334,C91258,2026-07-22,Refund Request,High,Refund not processed,Normal Operations
T3335,C73921,2026-07-22,Order Tracking,Low,Unable to track order,Normal Operations
T3336,C97426,2026-07-22,Return Request,Medium,Customer wants to return product,Normal Operations
T3337,C59800,2026-07-22,Order Tracking,Low,Need tracking information,Normal Operations
T3338,C78444,2026-07-22,Product Inquiry,Medium,Inquiry regarding product availability,Normal Operations
T3339,C12876,2026-07-22,Order Tracking,Low,Unable to track order,Normal Operations
T3340,C33065,2026-07-23,Order Tracking,Low,Unable to track order,Normal Operations
T3341,C29282,2026-07-23,Order Tracking,High,Need tracking information,Normal Operations
T3342,C69919,2026-07-23,Order Tracking,Medium,Unable to track order,Normal Operations
T3343,C89143,2026-07-23,Return Request,Low,Customer wants to return product,Normal Operations
T3344,C93827,2026-07-23,Refund Request,Medium,Customer requested refund,Normal Operations
T3345,C6566,2026-07-23,Order Tracking,Medium,Unable to track order,Normal Operations
T3346,C44323,2026-07-23,Product Inquiry,High,Inquiry regarding product availability,Normal Operations
T3347,C97318,2026-07-23,Refund Request,Medium,Refund not processed,Normal Operations
T3348,C70950,2026-07-23,Return Request,High,Return process inquiry,Normal Operations
T3349,C6,2026-07-23,Account Question,Medium,Account related inquiry,Normal Operations
T3350,C76587,2026-07-23,Return Request,Medium,Need assistance with return,Normal Operations
T3351,C89988,2026-07-23,Order Tracking,High,Need tracking information,Normal Operations
T3352,C32401,2026-07-23,Return Request,High,Return process inquiry,Normal Operations
T3353,C46613,2026-07-24,Refund Request,Low,Requesting refund for recent purchase,Normal Operations
T3354,C9429,2026-07-24,Account Question,High,Question regarding account settings,Normal Operations
T3355,C71541,2026-07-24,Account Question,Medium,Account related inquiry,Normal Operations
T3356,C84554,2026-07-24,Return Request,Low,Return process inquiry,Normal Operations
T3357,C46630,2026-07-24,Refund Request,Low,Customer requested refund,Normal Operations
T3358,C89329,2026-07-24,Product Inquiry,High,Inquiry regarding product availability,Normal Operations
T3359,C1660,2026-07-24,Order Tracking,Medium,Order status not updated,Normal Operations
T3360,C16041,2026-07-24,Order Tracking,Medium,Order status not updated,Normal Operations
T3361,C55917,2026-07-24,Return Request,Low,Customer wants to return product,Normal Operations
T3362,C54146,2026-07-25,Return Request,Low,Customer wants to return product,Normal Operations
T3363,C55686,2026-07-25,Return Request,Low,Need assistance with return,Normal Operations
T3364,C62814,2026-07-25,Product Inquiry,Low,Need more product information,Normal Operations
T3365,C15403,2026-07-25,Account Question,High,Account related inquiry,Normal Operations
T3366,C88132,2026-07-25,Return Request,Low,Customer wants to return product,Normal Operations
T3367,C19406,2026-07-25,Account Question,Medium,Question regarding account settings,Normal Operations
T3368,C3448,2026-07-25,Order Tracking,Low,Unable to track order,Normal Operations
T3369,C4900,2026-07-25,Order Tracking,Low,Order status not updated,Normal Operations
T3370,C75872,2026-07-25,Order Tracking,Low,Unable to track order,Normal Operations
T3371,C7067,2026-07-25,Product Inquiry,Medium,Inquiry regarding product availability,Normal Operations
T3372,C65366,2026-07-25,Refund Request,Medium,Requesting refund for recent purchase,Normal Operations
T3373,C34137,2026-07-26,Product Inquiry,Low,Question about product specifications,Normal Operations
T3374,C42478,2026-07-26,Order Tracking,Low,Unable to track order,Normal Operations
T3375,C13225,2026-07-26,Account Question,Low,Unable to update account information,Normal Operations
T3376,C53390,2026-07-26,Account Question,Low,Question regarding account settings,Normal Operations
T3377,C16376,2026-07-26,Product Inquiry,Medium,Inquiry regarding product availability,Normal Operations
T3378,C87330,2026-07-26,Refund Request,Medium,Requesting refund for recent purchase,Normal Operations
T3379,C74238,2026-07-26,Refund Request,Medium,Requesting refund for recent purchase,Normal Operations
T3380,C7249,2026-07-26,Product Inquiry,Low,Need more product information,Normal Operations
T3381,C35248,2026-07-26,Product Inquiry,Low,Inquiry regarding product availability,Normal Operations
T3382,C435,2026-07-26,Product Inquiry,Low,Question about product specifications,Normal Operations
T3383,C38494,2026-07-26,Product Inquiry,Medium,Question about product specifications,Normal Operations
T3384,C39116,2026-07-26,Order Tracking,Medium,Unable to track order,Normal Operations
T3385,C77098,2026-07-26,Order Tracking,Low,Unable to track order,Normal Operations
T3386,C97283,2026-07-26,Refund Request,Medium,Customer requested refund,Normal Operations
T3387,C35990,2026-07-27,Order Tracking,Low,Unable to track order,Normal Operations
T3388,C96369,2026-07-27,Product Inquiry,Low,Need more product information,Normal Operations
T3389,C71063,2026-07-27,Refund Request,Low,Customer requested refund,Normal Operations
T3390,C17975,2026-07-27,Refund Request,Medium,Customer requested refund,Normal Operations
T3391,C78001,2026-07-27,Refund Request,Low,Refund not processed,Normal Operations
T3392,C19623,2026-07-27,Refund Request,Low,Requesting refund for recent purchase,Normal Operations
T3393,C45292,2026-07-27,Account Question,High,Question regarding account settings,Normal Operations
T3394,C19484,2026-07-27,Account Question,Medium,Unable to update account information,Normal Operations
T3395,C60612,2026-07-27,Product Inquiry,Medium,Need more product information,Normal Operations
T3396,C16259,2026-07-27,Order Tracking,Medium,Order status not updated,Normal Operations
T3397,C15390,2026-07-27,Product Inquiry,Low,Question about product specifications,Normal Operations
T3398,C71311,2026-07-27,Account Question,Low,Unable to update account information,Normal Operations
T3399,C62908,2026-07-27,Account Question,Low,Unable to update account information,Normal Operations
T3400,C35986,2026-07-27,Refund Request,Medium,Requesting refund for recent purchase,Normal Operations
T3401,C63116,2026-07-28,Return Request,Medium,Return process inquiry,Normal Operations
T3402,C22996,2026-07-28,Return Request,Low,Customer wants to return product,Normal Operations
T3403,C13567,2026-07-28,Order Tracking,High,Order status not updated,Normal Operations
T3404,C90451,2026-07-28,Refund Request,Low,Refund not processed,Normal Operations
T3405,C22334,2026-07-28,Return Request,Low,Need assistance with return,Normal Operations
T3406,C99684,2026-07-28,Product Inquiry,Medium,Inquiry regarding product availability,Normal Operations
T3407,C64290,2026-07-28,Product Inquiry,Low,Need more product information,Normal Operations
T3408,C62815,2026-07-28,Order Tracking,Low,Order status not updated,Normal Operations
T3409,C19337,2026-07-28,Account Question,Medium,Question regarding account settings,Normal Operations
T3410,C84512,2026-07-28,Account Question,Medium,Unable to update account information,Normal Operations
T3411,C25186,2026-07-28,Product Inquiry,Low,Need more product information,Normal Operations
T3412,C45611,2026-07-28,Account Question,High,Unable to update account information,Normal Operations
T3413,C53791,2026-07-29,Return Request,Medium,Return process inquiry,Normal Operations
T3414,C13201,2026-07-29,Refund Request,Medium,Refund not processed,Normal Operations
T3415,C21292,2026-07-29,Account Question,Low,Unable to update account information,Normal Operations
T3416,C1767,2026-07-29,Product Inquiry,Medium,Inquiry regarding product availability,Normal Operations
T3417,C48329,2026-07-29,Return Request,High,Need assistance with return,Normal Operations
T3418,C44764,2026-07-29,Product Inquiry,Low,Need more product information,Normal Operations
T3419,C12858,2026-07-29,Return Request,Medium,Return process inquiry,Normal Operations
T3420,C41458,2026-07-29,Account Question,High,Unable to update account information,Normal Operations
T3421,C38863,2026-07-29,Refund Request,High,Customer requested refund,Normal Operations
T3422,C9567,2026-07-29,Product Inquiry,High,Question about product specifications,Normal Operations
T3423,C63039,2026-07-29,Account Question,Low,Account related inquiry,Normal Operations
T3424,C22565,2026-07-29,Refund Request,Low,Customer requested refund,Normal Operations
T3425,C95260,2026-07-29,Return Request,High,Customer wants to return product,Normal Operations
T3426,C21700,2026-07-30,Refund Request,Low,Requesting refund for recent purchase,Normal Operations
T3427,C1287,2026-07-30,Order Tracking,Medium,Order status not updated,Normal Operations
T3428,C54584,2026-07-30,Return Request,Medium,Return process inquiry,Normal Operations
T3429,C59264,2026-07-30,Account Question,High,Question regarding account settings,Normal Operations
T3430,C17078,2026-07-30,Refund Request,Medium,Customer requested refund,Normal Operations
T3431,C3393,2026-07-30,Refund Request,Medium,Requesting refund for recent purchase,Normal Operations
T3432,C80016,2026-07-30,Refund Request,Medium,Customer requested refund,Normal Operations
T3433,C21033,2026-07-30,Order Tracking,Medium,Unable to track order,Normal Operations
T3434,C47941,2026-07-30,Refund Request,Low,Refund not processed,Normal Operations
T3435,C21231,2026-07-31,Product Inquiry,High,Need more product information,Normal Operations
T3436,C35951,2026-07-31,Return Request,High,Customer wants to return product,Normal Operations
T3437,C4330,2026-07-31,Return Request,Low,Need assistance with return,Normal Operations
T3438,C37870,2026-07-31,Account Question,Medium,Unable to update account information,Normal Operations
T3439,C89712,2026-07-31,Order Tracking,Medium,Need tracking information,Normal Operations
T3440,C1712,2026-07-31,Refund Request,Low,Requesting refund for recent purchase,Normal Operations
T3441,C53271,2026-07-31,Refund Request,Medium,Refund not processed,Normal Operations
T3442,C76760,2026-07-31,Refund Request,Low,Requesting refund for recent purchase,Normal Operations
T3443,C20011,2026-07-31,Return Request,Medium,Need assistance with return,Normal Operations
T3444,C96191,2026-07-31,Return Request,Medium,Need assistance with return,Normal Operations
T3445,C1083,2026-07-31,Refund Request,Low,Customer requested refund,Normal Operations
T3446,C36720,2026-07-31,Refund Request,Low,Customer requested refund,Normal Operations
T3447,C50834,2026-07-31,Refund Request,Low,Customer requested refund,Normal Operations
T3448,C51004,2026-07-31,Return Request,Low,Return process inquiry,Normal Operations
T3449,C42288,2026-08-01,Product Inquiry,High,Need more product information,Normal Operations
T3450,C46492,2026-08-01,Account Question,Low,Account related inquiry,Normal Operations
T3451,C93362,2026-08-01,Return Request,Low,Return process inquiry,Normal Operations
T3452,C13118,2026-08-01,Refund Request,Low,Requesting refund for recent purchase,Normal Operations
T3453,C87779,2026-08-01,Account Question,Medium,Account related inquiry,Normal Operations
T3454,C22503,2026-08-01,Order Tracking,Low,Order status not updated,Normal Operations
T3455,C46490,2026-08-01,Order Tracking,Low,Unable to track order,Normal Operations
T3456,C78799,2026-08-01,Refund Request,Low,Requesting refund for recent purchase,Normal Operations
T3457,C94826,2026-08-01,Order Tracking,Medium,Need tracking information,Normal Operations
T3458,C2264,2026-08-02,Order Tracking,Low,Order status not updated,Normal Operations
T3459,C72232,2026-08-02,Return Request,Medium,Need assistance with return,Normal Operations
T3460,C73353,2026-08-02,Refund Request,Low,Requesting refund for recent purchase,Normal Operations
T3461,C38699,2026-08-02,Order Tracking,Medium,Order status not updated,Normal Operations
T3462,C31501,2026-08-02,Refund Request,Medium,Requesting refund for recent purchase,Normal Operations
T3463,C54801,2026-08-02,Product Inquiry,Low,Inquiry regarding product availability,Normal Operations
T3464,C59242,2026-08-02,Product Inquiry,Medium,Question about product specifications,Normal Operations
T3465,C80172,2026-08-02,Account Question,High,Account related inquiry,Normal Operations
T3466,C68345,2026-08-02,Refund Request,Low,Customer requested refund,Normal Operations
T3467,C86480,2026-08-03,Order Tracking,Low,Unable to track order,Normal Operations
T3468,C71549,2026-08-03,Order Tracking,Medium,Need tracking information,Normal Operations
T3469,C60264,2026-08-03,Account Question,High,Question regarding account settings,Normal Operations
T3470,C11953,2026-08-03,Refund Request,Medium,Customer requested refund,Normal Operations
T3471,C66085,2026-08-03,Refund Request,Low,Customer requested refund,Normal Operations
T3472,C7904,2026-08-03,Order Tracking,Medium,Unable to track order,Normal Operations
T3473,C74527,2026-08-03,Account Question,Low,Question regarding account settings,Normal Operations
T3474,C19756,2026-08-03,Account Question,Low,Question regarding account settings,Normal Operations
T3475,C73347,2026-08-03,Order Tracking,Low,Need tracking information,Normal Operations
T3476,C92970,2026-08-04,Refund Request,Medium,Refund not processed,Normal Operations
T3477,C9237,2026-08-04,Refund Request,High,Requesting refund for recent purchase,Normal Operations
T3478,C99657,2026-08-04,Account Question,Low,Account related inquiry,Normal Operations
T3479,C20097,2026-08-04,Account Question,Low,Account related inquiry,Normal Operations
T3480,C41278,2026-08-04,Refund Request,Low,Refund not processed,Normal Operations
T3481,C87813,2026-08-04,Return Request,Low,Return process inquiry,Normal Operations
T3482,C89158,2026-08-04,Order Tracking,Medium,Need tracking information,Normal Operations
T3483,C68079,2026-08-04,Product Inquiry,High,Need more product information,Normal Operations
T3484,C54796,2026-08-04,Order Tracking,Low,Order status not updated,Normal Operations
T3485,C43316,2026-08-04,Product Inquiry,Medium,Need more product information,Normal Operations
T3486,C72355,2026-08-05,Refund Request,High,Requesting refund for recent purchase,Normal Operations
T3487,C74975,2026-08-05,Product Inquiry,Medium,Inquiry regarding product availability,Normal Operations
T3488,C68100,2026-08-05,Return Request,Low,Return process inquiry,Normal Operations
T3489,C2697,2026-08-05,Return Request,Medium,Return process inquiry,Normal Operations
T3490,C16443,2026-08-05,Refund Request,Low,Customer requested refund,Normal Operations
T3491,C11391,2026-08-05,Account Question,Low,Account related inquiry,Normal Operations
T3492,C6642,2026-08-05,Product Inquiry,Medium,Question about product specifications,Normal Operations
T3493,C89351,2026-08-05,Refund Request,High,Requesting refund for recent purchase,Normal Operations
T3494,C17224,2026-08-05,Account Question,High,Account related inquiry,Normal Operations
T3495,C50803,2026-08-06,Order Tracking,Medium,Need tracking information,Normal Operations
T3496,C94594,2026-08-06,Return Request,High,Need assistance with return,Normal Operations
T3497,C16773,2026-08-06,Order Tracking,Low,Need tracking information,Normal Operations
T3498,C22219,2026-08-06,Account Question,Low,Question regarding account settings,Normal Operations
T3499,C25875,2026-08-06,Return Request,Medium,Need assistance with return,Normal Operations
T3500,C86220,2026-08-06,Order Tracking,Low,Need tracking information,Normal Operations
T3501,C58361,2026-08-06,Refund Request,Low,Refund not processed,Normal Operations
T3502,C32736,2026-08-06,Order Tracking,Medium,Need tracking information,Normal Operations
T3503,C21712,2026-08-07,Order Tracking,High,Unable to track order,Normal Operations
T3504,C18954,2026-08-07,Return Request,Medium,Return process inquiry,Normal Operations
T3505,C55917,2026-08-07,Product Inquiry,Medium,Inquiry regarding product availability,Normal Operations
T3506,C80914,2026-08-07,Return Request,Low,Customer wants to return product,Normal Operations
T3507,C57296,2026-08-07,Return Request,Low,Return process inquiry,Normal Operations
T3508,C12819,2026-08-07,Product Inquiry,Medium,Inquiry regarding product availability,Normal Operations
T3509,C43149,2026-08-07,Refund Request,Low,Refund not processed,Normal Operations
T3510,C32926,2026-08-07,Account Question,Medium,Question regarding account settings,Normal Operations
T3511,C11096,2026-08-07,Product Inquiry,Medium,Need more product information,Normal Operations
T3512,C84298,2026-08-08,Refund Request,Low,Customer requested refund,Normal Operations
T3513,C28563,2026-08-08,Product Inquiry,Medium,Inquiry regarding product availability,Normal Operations
T3514,C52183,2026-08-08,Refund Request,Medium,Refund not processed,Normal Operations
T3515,C71428,2026-08-08,Return Request,Medium,Return process inquiry,Normal Operations
T3516,C2408,2026-08-08,Return Request,High,Need assistance with return,Normal Operations
T3517,C60747,2026-08-08,Account Question,Medium,Account related inquiry,Normal Operations
T3518,C38399,2026-08-08,Return Request,Low,Customer wants to return product,Normal Operations
T3519,C39434,2026-08-08,Product Inquiry,Medium,Need more product information,Normal Operations
T3520,C22287,2026-08-09,Return Request,Medium,Return process inquiry,Normal Operations
T3521,C48876,2026-08-09,Order Tracking,Medium,Order status not updated,Normal Operations
T3522,C4643,2026-08-09,Return Request,High,Customer wants to return product,Normal Operations
T3523,C59619,2026-08-09,Refund Request,High,Refund not processed,Normal Operations
T3524,C25728,2026-08-09,Account Question,Medium,Account related inquiry,Normal Operations
T3525,C62684,2026-08-09,Order Tracking,High,Need tracking information,Normal Operations
T3526,C3882,2026-08-09,Return Request,Low,Customer wants to return product,Normal Operations
T3527,C92759,2026-08-09,Refund Request,Low,Requesting refund for recent purchase,Normal Operations
T3528,C57027,2026-08-09,Refund Request,High,Refund not processed,Normal Operations
T3529,C74639,2026-08-10,Product Inquiry,High,Need more product information,Normal Operations
T3530,C4508,2026-08-10,Return Request,Medium,Return process inquiry,Normal Operations
T3531,C73564,2026-08-10,Return Request,High,Customer wants to return product,Normal Operations
T3532,C52130,2026-08-10,Account Question,High,Unable to update account information,Normal Operations
T3533,C91379,2026-08-10,Order Tracking,Medium,Need tracking information,Normal Operations
T3534,C46667,2026-08-10,Order Tracking,High,Order status not updated,Normal Operations
T3535,C22526,2026-08-10,Order Tracking,Low,Unable to track order,Normal Operations
T3536,C3831,2026-08-10,Return Request,Low,Return process inquiry,Normal Operations
T3537,C23505,2026-08-10,Product Inquiry,Medium,Inquiry regarding product availability,Normal Operations
T3538,C41851,2026-08-10,Order Tracking,Medium,Unable to track order,Normal Operations
T3539,C64510,2026-08-11,Order Tracking,Medium,Unable to track order,Normal Operations
T3540,C85982,2026-08-11,Return Request,Medium,Customer wants to return product,Normal Operations
T3541,C63131,2026-08-11,Return Request,Medium,Need assistance with return,Normal Operations
T3542,C47942,2026-08-11,Refund Request,Medium,Customer requested refund,Normal Operations
T3543,C82703,2026-08-11,Product Inquiry,Medium,Question about product specifications,Normal Operations
T3544,C38624,2026-08-11,Refund Request,Medium,Requesting refund for recent purchase,Normal Operations
T3545,C98981,2026-08-11,Product Inquiry,Low,Inquiry regarding product availability,Normal Operations
T3546,C30009,2026-08-11,Product Inquiry,Low,Inquiry regarding product availability,Normal Operations
T3547,C8383,2026-08-11,Order Tracking,Low,Order status not updated,Normal Operations
T3548,C1111,2026-08-11,Order Tracking,High,Order status not updated,Normal Operations
T3549,C84121,2026-08-11,Product Inquiry,Low,Need more product information,Normal Operations
T3550,C71858,2026-08-12,Account Question,Low,Unable to update account information,Normal Operations
T3551,C23799,2026-08-12,Order Tracking,Medium,Need tracking information,Normal Operations
T3552,C56879,2026-08-12,Account Question,High,Unable to update account information,Normal Operations
T3553,C26876,2026-08-12,Return Request,Medium,Customer wants to return product,Normal Operations
T3554,C85828,2026-08-12,Account Question,Low,Unable to update account information,Normal Operations
T3555,C49350,2026-08-12,Refund Request,Medium,Customer requested refund,Normal Operations
T3556,C1601,2026-08-12,Return Request,Low,Need assistance with return,Normal Operations
T3557,C58028,2026-08-12,Account Question,Low,Unable to update account information,Normal Operations
T3558,C62806,2026-08-12,Account Question,Medium,Unable to update account information,Normal Operations
T3559,C72870,2026-08-13,Return Request,Medium,Need assistance with return,Normal Operations
T3560,C95352,2026-08-13,Return Request,High,Need assistance with return,Normal Operations
T3561,C6821,2026-08-13,Refund Request,Low,Customer requested refund,Normal Operations
T3562,C83421,2026-08-13,Refund Request,Medium,Refund not processed,Normal Operations
T3563,C9712,2026-08-13,Account Question,High,Unable to update account information,Normal Operations
T3564,C60068,2026-08-13,Order Tracking,Medium,Unable to track order,Normal Operations
T3565,C18783,2026-08-13,Account Question,Low,Unable to update account information,Normal Operations
T3566,C72037,2026-08-13,Return Request,Medium,Return process inquiry,Normal Operations
T3567,C57397,2026-08-13,Order Tracking,Low,Need tracking information,Normal Operations
T3568,C66837,2026-08-13,Order Tracking,High,Order status not updated,Normal Operations
T3569,C77018,2026-08-13,Product Inquiry,Medium,Need more product information,Normal Operations
T3570,C80292,2026-08-14,Return Request,Medium,Return process inquiry,Normal Operations
T3571,C62399,2026-08-14,Account Question,High,Account related inquiry,Normal Operations
T3572,C7926,2026-08-14,Account Question,Low,Account related inquiry,Normal Operations
T3573,C74259,2026-08-14,Product Inquiry,Medium,Need more product information,Normal Operations
T3574,C97159,2026-08-14,Refund Request,Medium,Customer requested refund,Normal Operations
T3575,C17198,2026-08-14,Account Question,Low,Unable to update account information,Normal Operations
T3576,C24584,2026-08-14,Product Inquiry,Low,Need more product information,Normal Operations
T3577,C19524,2026-08-14,Product Inquiry,Low,Inquiry regarding product availability,Normal Operations
T3578,C76831,2026-08-14,Return Request,Medium,Return process inquiry,Normal Operations
T3579,C57291,2026-08-14,Account Question,Medium,Account related inquiry,Normal Operations
T3580,C66913,2026-08-14,Order Tracking,Medium,Unable to track order,Normal Operations
T3581,C38177,2026-08-14,Product Inquiry,Low,Need more product information,Normal Operations
T3582,C71980,2026-08-14,Account Question,High,Question regarding account settings,Normal Operations
T3583,C82912,2026-08-14,Return Request,High,Customer wants to return product,Normal Operations
T3584,C63180,2026-08-15,Account Question,Low,Account related inquiry,Normal Operations
T3585,C21,2026-08-15,Return Request,High,Need assistance with return,Normal Operations
T3586,C9665,2026-08-15,Account Question,High,Unable to update account information,Normal Operations
T3587,C40226,2026-08-15,Refund Request,Low,Refund not processed,Normal Operations
T3588,C63166,2026-08-15,Product Inquiry,High,Need more product information,Normal Operations
T3589,C15066,2026-08-15,Return Request,High,Customer wants to return product,Normal Operations
T3590,C61178,2026-08-15,Order Tracking,Low,Order status not updated,Normal Operations
T3591,C77854,2026-08-15,Return Request,Medium,Customer wants to return product,Normal Operations
T3592,C60896,2026-08-15,Account Question,Low,Account related inquiry,Normal Operations
T3593,C34838,2026-08-15,Refund Request,Medium,Requesting refund for recent purchase,Normal Operations
T3594,C19728,2026-08-15,Refund Request,Medium,Customer requested refund,Normal Operations
T3595,C40752,2026-08-16,Order Tracking,Medium,Order status not updated,Normal Operations
T3596,C73679,2026-08-16,Account Question,Low,Account related inquiry,Normal Operations
T3597,C27300,2026-08-16,Account Question,Low,Question regarding account settings,Normal Operations
T3598,C42186,2026-08-16,Return Request,Low,Need assistance with return,Normal Operations
T3599,C80947,2026-08-16,Refund Request,Medium,Customer requested refund,Normal Operations
T3600,C79425,2026-08-16,Order Tracking,Medium,Order status not updated,Normal Operations
T3601,C23022,2026-08-16,Return Request,High,Return process inquiry,Normal Operations
T3602,C50806,2026-08-16,Return Request,Low,Customer wants to return product,Normal Operations
T3603,C74643,2026-08-16,Refund Request,Low,Requesting refund for recent purchase,Normal Operations
T3604,C24551,2026-08-16,Return Request,Medium,Customer wants to return product,Normal Operations
T3605,C36510,2026-08-16,Product Inquiry,High,Inquiry regarding product availability,Normal Operations
T3606,C79866,2026-08-17,Refund Request,High,Refund not processed,Normal Operations
T3607,C904,2026-08-17,Return Request,Low,Customer wants to return product,Normal Operations
T3608,C17611,2026-08-17,Return Request,Medium,Customer wants to return product,Normal Operations
T3609,C97541,2026-08-17,Order Tracking,Medium,Need tracking information,Normal Operations
T3610,C28703,2026-08-17,Order Tracking,Medium,Unable to track order,Normal Operations
T3611,C70044,2026-08-17,Refund Request,Low,Customer requested refund,Normal Operations
T3612,C99008,2026-08-17,Account Question,High,Unable to update account information,Normal Operations
T3613,C28433,2026-08-17,Product Inquiry,Low,Question about product specifications,Normal Operations
T3614,C15583,2026-08-17,Order Tracking,Low,Unable to track order,Normal Operations
T3615,C21882,2026-08-17,Account Question,Medium,Unable to update account information,Normal Operations
T3616,C7934,2026-08-17,Return Request,Low,Need assistance with return,Normal Operations
T3617,C6941,2026-08-17,Product Inquiry,Medium,Need more product information,Normal Operations
T3618,C57521,2026-08-17,Order Tracking,Medium,Order status not updated,Normal Operations
T3619,C51501,2026-08-17,Account Question,Low,Account related inquiry,Normal Operations
T3620,C94080,2026-08-18,Account Question,High,Account related inquiry,Normal Operations
T3621,C3334,2026-08-18,Order Tracking,Low,Order status not updated,Normal Operations
T3622,C89628,2026-08-18,Account Question,Low,Question regarding account settings,Normal Operations
T3623,C82173,2026-08-18,Return Request,Low,Need assistance with return,Normal Operations
T3624,C74715,2026-08-18,Account Question,Low,Question regarding account settings,Normal Operations
T3625,C12271,2026-08-18,Refund Request,High,Requesting refund for recent purchase,Normal Operations
T3626,C76615,2026-08-18,Refund Request,High,Requesting refund for recent purchase,Normal Operations
T3627,C19360,2026-08-18,Account Question,High,Question regarding account settings,Normal Operations
T3628,C43635,2026-08-18,Account Question,High,Unable to update account information,Normal Operations
T3629,C37815,2026-08-18,Product Inquiry,Low,Inquiry regarding product availability,Normal Operations
T3630,C48172,2026-08-18,Return Request,Medium,Need assistance with return,Normal Operations
T3631,C58800,2026-08-18,Account Question,Low,Unable to update account information,Normal Operations
T3632,C72135,2026-08-18,Account Question,Low,Unable to update account information,Normal Operations
T3633,C26999,2026-08-18,Product Inquiry,Low,Question about product specifications,Normal Operations
T3634,C47346,2026-08-19,Product Inquiry,Low,Inquiry regarding product availability,Normal Operations
T3635,C7444,2026-08-19,Product Inquiry,High,Need more product information,Normal Operations
T3636,C34362,2026-08-19,Account Question,High,Unable to update account information,Normal Operations
T3637,C58575,2026-08-19,Order Tracking,Medium,Unable to track order,Normal Operations
T3638,C30933,2026-08-19,Product Inquiry,Medium,Need more product information,Normal Operations
T3639,C30359,2026-08-19,Account Question,Low,Account related inquiry,Normal Operations
T3640,C2929,2026-08-19,Refund Request,Low,Customer requested refund,Normal Operations
T3641,C87172,2026-08-19,Refund Request,Low,Refund not processed,Normal Operations
T3642,C98152,2026-08-19,Return Request,Low,Return process inquiry,Normal Operations
T3643,C18410,2026-08-19,Return Request,High,Customer wants to return product,Normal Operations
T3644,C67502,2026-08-19,Return Request,Low,Need assistance with return,Normal Operations
T3645,C37147,2026-08-20,Account Question,High,Unable to update account information,Normal Operations
T3646,C88177,2026-08-20,Order Tracking,Medium,Order status not updated,Normal Operations
T3647,C21585,2026-08-20,Account Question,Medium,Account related inquiry,Normal Operations
T3648,C73759,2026-08-20,Refund Request,Low,Refund not processed,Normal Operations
T3649,C62498,2026-08-20,Account Question,Medium,Question regarding account settings,Normal Operations
T3650,C36369,2026-08-20,Product Inquiry,High,Inquiry regarding product availability,Normal Operations
T3651,C39024,2026-08-20,Product Inquiry,High,Question about product specifications,Normal Operations
T3652,C94898,2026-08-20,Account Question,Medium,Question regarding account settings,Normal Operations
T3653,C45074,2026-08-20,Order Tracking,High,Order status not updated,Normal Operations
T3654,C13066,2026-08-20,Product Inquiry,Low,Need more product information,Normal Operations
T3655,C212,2026-08-20,Return Request,Medium,Need assistance with return,Normal Operations
T3656,C15116,2026-08-20,Product Inquiry,Low,Inquiry regarding product availability,Normal Operations
T3657,C13622,2026-08-20,Account Question,Medium,Question regarding account settings,Normal Operations
T3658,C55044,2026-08-20,Order Tracking,Low,Need tracking information,Normal Operations
T3659,C28751,2026-08-21,Product Inquiry,Medium,Inquiry regarding product availability,Normal Operations
T3660,C91730,2026-08-21,Order Tracking,Low,Order status not updated,Normal Operations
T3661,C387,2026-08-21,Product Inquiry,Low,Need more product information,Normal Operations
T3662,C21953,2026-08-21,Refund Request,Low,Refund not processed,Normal Operations
T3663,C18384,2026-08-21,Order Tracking,Low,Unable to track order,Normal Operations
T3664,C19164,2026-08-21,Order Tracking,High,Need tracking information,Normal Operations
T3665,C45102,2026-08-21,Refund Request,High,Refund not processed,Normal Operations
T3666,C39980,2026-08-21,Return Request,Low,Return process inquiry,Normal Operations
T3667,C10634,2026-08-21,Product Inquiry,Medium,Question about product specifications,Normal Operations
T3668,C35381,2026-08-21,Product Inquiry,Low,Need more product information,Normal Operations
T3669,C4862,2026-08-22,Return Request,High,Customer wants to return product,Normal Operations
T3670,C18229,2026-08-22,Order Tracking,Low,Order status not updated,Normal Operations
T3671,C52222,2026-08-22,Account Question,Medium,Question regarding account settings,Normal Operations
T3672,C90511,2026-08-22,Return Request,Medium,Need assistance with return,Normal Operations
T3673,C72813,2026-08-22,Return Request,High,Customer wants to return product,Normal Operations
T3674,C78534,2026-08-22,Order Tracking,Low,Need tracking information,Normal Operations
T3675,C54533,2026-08-22,Account Question,Medium,Unable to update account information,Normal Operations
T3676,C1321,2026-08-22,Refund Request,Low,Requesting refund for recent purchase,Normal Operations
T3677,C36376,2026-08-22,Order Tracking,High,Unable to track order,Normal Operations
T3678,C26733,2026-08-22,Refund Request,Low,Customer requested refund,Normal Operations
T3679,C28515,2026-08-22,Refund Request,Medium,Requesting refund for recent purchase,Normal Operations
T3680,C62799,2026-08-22,Account Question,Medium,Account related inquiry,Normal Operations
T3681,C21160,2026-08-23,Product Inquiry,Low,Need more product information,Normal Operations
T3682,C35140,2026-08-23,Return Request,Low,Need assistance with return,Normal Operations
T3683,C82647,2026-08-23,Return Request,Low,Customer wants to return product,Normal Operations
T3684,C40769,2026-08-23,Refund Request,Medium,Customer requested refund,Normal Operations
T3685,C14373,2026-08-23,Order Tracking,Low,Unable to track order,Normal Operations
T3686,C87074,2026-08-23,Product Inquiry,High,Question about product specifications,Normal Operations
T3687,C23704,2026-08-23,Refund Request,Medium,Refund not processed,Normal Operations
T3688,C50255,2026-08-23,Refund Request,High,Requesting refund for recent purchase,Normal Operations
T3689,C32295,2026-08-24,Order Tracking,Medium,Order status not updated,Normal Operations
T3690,C69188,2026-08-24,Return Request,Low,Return process inquiry,Normal Operations
T3691,C90028,2026-08-24,Return Request,High,Return process inquiry,Normal Operations
T3692,C47388,2026-08-24,Refund Request,Low,Requesting refund for recent purchase,Normal Operations
T3693,C59487,2026-08-24,Refund Request,Low,Refund not processed,Normal Operations
T3694,C50698,2026-08-24,Account Question,Low,Account related inquiry,Normal Operations
T3695,C6260,2026-08-24,Product Inquiry,Low,Need more product information,Normal Operations
T3696,C4943,2026-08-24,Account Question,Medium,Question regarding account settings,Normal Operations
T3697,C72657,2026-08-24,Order Tracking,Medium,Need tracking information,Normal Operations
T3698,C88079,2026-08-24,Account Question,Medium,Question regarding account settings,Normal Operations
T3699,C96227,2026-08-24,Product Inquiry,Medium,Inquiry regarding product availability,Normal Operations
T3700,C28894,2026-08-24,Product Inquiry,Medium,Need more product information,Normal Operations
T3701,C89245,2026-08-25,Order Tracking,Low,Need tracking information,Normal Operations
T3702,C112,2026-08-25,Order Tracking,Low,Need tracking information,Normal Operations
T3703,C87347,2026-08-25,Refund Request,Low,Refund not processed,Normal Operations
T3704,C86513,2026-08-25,Account Question,High,Question regarding account settings,Normal Operations
T3705,C19492,2026-08-25,Return Request,High,Need assistance with return,Normal Operations
T3706,C95798,2026-08-25,Order Tracking,Low,Unable to track order,Normal Operations
T3707,C77735,2026-08-25,Refund Request,Medium,Requesting refund for recent purchase,Normal Operations
T3708,C97446,2026-08-25,Order Tracking,Low,Unable to track order,Normal Operations
T3709,C63868,2026-08-25,Account Question,Low,Unable to update account information,Normal Operations
T3710,C16247,2026-08-25,Return Request,High,Customer wants to return product,Normal Operations
T3711,C21008,2026-08-25,Order Tracking,Low,Order status not updated,Normal Operations
T3712,C53953,2026-08-25,Order Tracking,Low,Unable to track order,Normal Operations
T3713,C26544,2026-08-26,Product Inquiry,Medium,Inquiry regarding product availability,Normal Operations
T3714,C7700,2026-08-26,Return Request,Low,Return process inquiry,Normal Operations
T3715,C30717,2026-08-26,Account Question,Low,Unable to update account information,Normal Operations
T3716,C15783,2026-08-26,Order Tracking,Medium,Unable to track order,Normal Operations
T3717,C88868,2026-08-26,Order Tracking,Low,Need tracking information,Normal Operations
T3718,C23564,2026-08-26,Order Tracking,Medium,Order status not updated,Normal Operations
T3719,C12421,2026-08-26,Order Tracking,High,Need tracking information,Normal Operations
T3720,C97912,2026-08-26,Order Tracking,Medium,Need tracking information,Normal Operations
T3721,C90894,2026-08-26,Refund Request,Medium,Customer requested refund,Normal Operations
T3722,C4133,2026-08-26,Refund Request,High,Requesting refund for recent purchase,Normal Operations
T3723,C74901,2026-08-26,Account Question,Medium,Account related inquiry,Normal Operations
T3724,C75578,2026-08-26,Product Inquiry,Low,Question about product specifications,Normal Operations
T3725,C27485,2026-08-26,Return Request,Low,Need assistance with return,Normal Operations
T3726,C36623,2026-08-27,Return Request,High,Need assistance with return,Normal Operations
T3727,C49863,2026-08-27,Order Tracking,Medium,Order status not updated,Normal Operations
T3728,C17660,2026-08-27,Product Inquiry,Medium,Inquiry regarding product availability,Normal Operations
T3729,C16313,2026-08-27,Product Inquiry,High,Need more product information,Normal Operations
T3730,C73230,2026-08-27,Return Request,Medium,Return process inquiry,Normal Operations
T3731,C9306,2026-08-27,Order Tracking,High,Unable to track order,Normal Operations
T3732,C40431,2026-08-27,Account Question,Low,Account related inquiry,Normal Operations
T3733,C9880,2026-08-27,Account Question,Medium,Account related inquiry,Normal Operations
T3734,C36680,2026-08-28,Account Question,Medium,Unable to update account information,Normal Operations
T3735,C90142,2026-08-28,Account Question,Low,Account related inquiry,Normal Operations
T3736,C72552,2026-08-28,Account Question,Low,Account related inquiry,Normal Operations
T3737,C53517,2026-08-28,Product Inquiry,High,Need more product information,Normal Operations
T3738,C38131,2026-08-28,Refund Request,Low,Customer requested refund,Normal Operations
T3739,C21653,2026-08-28,Product Inquiry,High,Need more product information,Normal Operations
T3740,C3045,2026-08-28,Return Request,Medium,Return process inquiry,Normal Operations
T3741,C66776,2026-08-28,Product Inquiry,High,Need more product information,Normal Operations
T3742,C90711,2026-08-28,Order Tracking,Medium,Order status not updated,Normal Operations
T3743,C60858,2026-08-28,Refund Request,Low,Requesting refund for recent purchase,Normal Operations
T3744,C30162,2026-08-28,Account Question,Medium,Unable to update account information,Normal Operations
T3745,C82056,2026-08-28,Return Request,High,Return process inquiry,Normal Operations
T3746,C29697,2026-08-29,Product Inquiry,Low,Need more product information,Normal Operations
T3747,C86492,2026-08-29,Account Question,Medium,Question regarding account settings,Normal Operations
T3748,C20512,2026-08-29,Refund Request,High,Customer requested refund,Normal Operations
T3749,C34890,2026-08-29,Product Inquiry,Low,Need more product information,Normal Operations
T3750,C98418,2026-08-29,Order Tracking,High,Need tracking information,Normal Operations
T3751,C18670,2026-08-29,Order Tracking,Medium,Order status not updated,Normal Operations
T3752,C63428,2026-08-29,Order Tracking,Medium,Need tracking information,Normal Operations
T3753,C10833,2026-08-29,Account Question,High,Account related inquiry,Normal Operations
T3754,C23439,2026-08-29,Account Question,Low,Question regarding account settings,Normal Operations
T3755,C36154,2026-08-29,Account Question,Medium,Account related inquiry,Normal Operations
T3756,C90726,2026-08-29,Account Question,Medium,Unable to update account information,Normal Operations
T3757,C15155,2026-08-29,Return Request,Low,Customer wants to return product,Normal Operations
T3758,C23529,2026-08-29,Refund Request,Medium,Customer requested refund,Normal Operations
T3759,C14320,2026-08-29,Refund Request,Low,Customer requested refund,Normal Operations
T3760,C56579,2026-08-30,Product Inquiry,Medium,Question about product specifications,Normal Operations
T3761,C52186,2026-08-30,Refund Request,Low,Customer requested refund,Normal Operations
T3762,C5085,2026-08-30,Return Request,High,Customer wants to return product,Normal Operations
T3763,C20873,2026-08-30,Order Tracking,Low,Need tracking information,Normal Operations
T3764,C98105,2026-08-30,Return Request,Low,Return process inquiry,Normal Operations
T3765,C77332,2026-08-30,Account Question,Low,Unable to update account information,Normal Operations
T3766,C42003,2026-08-30,Account Question,High,Account related inquiry,Normal Operations
T3767,C17246,2026-08-30,Product Inquiry,Medium,Inquiry regarding product availability,Normal Operations
T3768,C3527,2026-08-30,Product Inquiry,Low,Question about product specifications,Normal Operations
T3769,C8700,2026-08-30,Order Tracking,Medium,Need tracking information,Normal Operations
T3770,C16674,2026-08-30,Refund Request,High,Refund not processed,Normal Operations
T3771,C75938,2026-08-30,Refund Request,Medium,Refund not processed,Normal Operations
T3772,C56417,2026-08-30,Refund Request,Medium,Customer requested refund,Normal Operations
T3773,C32549,2026-08-31,Order Tracking,Low,Need tracking information,Normal Operations
T3774,C19645,2026-08-31,Order Tracking,Medium,Unable to track order,Normal Operations
T3775,C68788,2026-08-31,Return Request,Medium,Return process inquiry,Normal Operations
T3776,C66847,2026-08-31,Account Question,Medium,Question regarding account settings,Normal Operations
T3777,C4258,2026-08-31,Refund Request,Medium,Refund not processed,Normal Operations
T3778,C33237,2026-08-31,Account Question,High,Question regarding account settings,Normal Operations
T3779,C80338,2026-08-31,Product Inquiry,High,Question about product specifications,Normal Operations
T3780,C43774,2026-08-31,Refund Request,Medium,Customer requested refund,Normal Operations
T3781,C59185,2026-08-31,Return Request,Low,Need assistance with return,Normal Operations
T3782,C45589,2026-09-01,Late Delivery,Low,Order delayed,Shipping Migration
T3783,C61744,2026-09-01,Package Missing,High,Order missing,Shipping Migration
T3784,C68341,2026-09-01,Late Delivery,Low,Order delayed,Shipping Migration
T3785,C88769,2026-09-01,Tracking Issue,High,Tracking information unavailable,Shipping Migration
T3786,C8367,2026-09-01,Package Missing,High,Order missing,Shipping Migration
T3787,C62198,2026-09-01,Late Delivery,High,Order delayed,Shipping Migration
T3788,C87368,2026-09-01,Tracking Issue,Medium,Cannot locate shipment,Shipping Migration
T3789,C80146,2026-09-01,Tracking Issue,Low,Tracking information unavailable,Shipping Migration
T3790,C35179,2026-09-01,Tracking Issue,Low,Tracking information unavailable,Shipping Migration
T3791,C74222,2026-09-01,Tracking Issue,Low,Tracking not updating,Shipping Migration
T3792,C27274,2026-09-01,Tracking Issue,Low,Cannot locate shipment,Shipping Migration
T3793,C88790,2026-09-01,Late Delivery,Medium,Package arrived very late,Shipping Migration
T3794,C5001,2026-09-01,Package Missing,High,Package never arrived,Shipping Migration
T3795,C93848,2026-09-01,Late Delivery,Medium,Order delayed,Shipping Migration
T3796,C22381,2026-09-01,Package Missing,High,Package never arrived,Shipping Migration
T3797,C8263,2026-09-01,Package Missing,Medium,Order missing,Shipping Migration
T3798,C82026,2026-09-01,Late Delivery,Medium,Delivery took too long,Shipping Migration
T3799,C49105,2026-09-01,Late Delivery,Low,Order delayed,Shipping Migration
T3800,C28888,2026-09-01,Tracking Issue,High,Tracking not updating,Shipping Migration
T3801,C71443,2026-09-01,Package Missing,Low,Order missing,Shipping Migration
T3802,C4475,2026-09-01,Tracking Issue,Low,Tracking not updating,Shipping Migration
T3803,C59052,2026-09-01,Package Missing,Low,Order missing,Shipping Migration
T3804,C43725,2026-09-01,Tracking Issue,Medium,Tracking not updating,Shipping Migration
T3805,C46628,2026-09-02,Late Delivery,High,Package arrived very late,Shipping Migration
T3806,C61197,2026-09-02,Tracking Issue,Low,Tracking information unavailable,Shipping Migration
T3807,C30695,2026-09-02,Package Missing,High,Order missing,Shipping Migration
T3808,C16926,2026-09-02,Tracking Issue,High,Tracking not updating,Shipping Migration
T3809,C23534,2026-09-02,Package Missing,High,Shipment lost,Shipping Migration
T3810,C20999,2026-09-02,Package Missing,Medium,Shipment lost,Shipping Migration
T3811,C79245,2026-09-02,Package Missing,Low,Shipment lost,Shipping Migration
T3812,C67174,2026-09-02,Package Missing,Medium,Package never arrived,Shipping Migration
T3813,C63784,2026-09-02,Late Delivery,Medium,Delivery took too long,Shipping Migration
T3814,C52358,2026-09-02,Tracking Issue,Low,Cannot locate shipment,Shipping Migration
T3815,C56960,2026-09-02,Tracking Issue,High,Cannot locate shipment,Shipping Migration
T3816,C9908,2026-09-02,Late Delivery,Medium,Package arrived very late,Shipping Migration
T3817,C65500,2026-09-02,Late Delivery,Medium,Package arrived very late,Shipping Migration
T3818,C98561,2026-09-02,Package Missing,Low,Package never arrived,Shipping Migration
T3819,C58529,2026-09-02,Package Missing,Medium,Package never arrived,Shipping Migration
T3820,C50461,2026-09-02,Tracking Issue,Medium,Cannot locate shipment,Shipping Migration
T3821,C24724,2026-09-02,Package Missing,Medium,Shipment lost,Shipping Migration
T3822,C20456,2026-09-02,Late Delivery,Low,Order delayed,Shipping Migration
T3823,C3937,2026-09-02,Tracking Issue,Medium,Cannot locate shipment,Shipping Migration
T3824,C28369,2026-09-02,Late Delivery,Low,Package arrived very late,Shipping Migration
T3825,C92100,2026-09-02,Late Delivery,Low,Order delayed,Shipping Migration
T3826,C56791,2026-09-02,Tracking Issue,High,Tracking information unavailable,Shipping Migration
T3827,C60522,2026-09-02,Late Delivery,Low,Package arrived very late,Shipping Migration
T3828,C13795,2026-09-02,Late Delivery,Low,Delivery took too long,Shipping Migration
T3829,C86801,2026-09-02,Tracking Issue,Low,Tracking information unavailable,Shipping Migration
T3830,C52715,2026-09-02,Late Delivery,Medium,Delivery took too long,Shipping Migration
T3831,C55832,2026-09-02,Package Missing,Medium,Order missing,Shipping Migration
T3832,C36477,2026-09-02,Late Delivery,Medium,Order delayed,Shipping Migration
T3833,C62899,2026-09-02,Tracking Issue,High,Cannot locate shipment,Shipping Migration
T3834,C52197,2026-09-02,Package Missing,Low,Order missing,Shipping Migration
T3835,C25237,2026-09-02,Package Missing,Medium,Package never arrived,Shipping Migration
T3836,C64058,2026-09-02,Late Delivery,Low,Package arrived very late,Shipping Migration
T3837,C52272,2026-09-02,Tracking Issue,Medium,Cannot locate shipment,Shipping Migration
T3838,C37118,2026-09-02,Tracking Issue,High,Tracking not updating,Shipping Migration
T3839,C85380,2026-09-03,Late Delivery,Low,Package arrived very late,Shipping Migration
T3840,C6655,2026-09-03,Late Delivery,Low,Package arrived very late,Shipping Migration
T3841,C26584,2026-09-03,Tracking Issue,Medium,Cannot locate shipment,Shipping Migration
T3842,C3744,2026-09-03,Late Delivery,Low,Order delayed,Shipping Migration
T3843,C78462,2026-09-03,Tracking Issue,Low,Tracking information unavailable,Shipping Migration
T3844,C42349,2026-09-03,Late Delivery,Low,Package arrived very late,Shipping Migration
T3845,C76758,2026-09-03,Package Missing,Low,Shipment lost,Shipping Migration
T3846,C501,2026-09-03,Tracking Issue,Medium,Tracking information unavailable,Shipping Migration
T3847,C5544,2026-09-03,Tracking Issue,Low,Tracking information unavailable,Shipping Migration
T3848,C6614,2026-09-03,Package Missing,High,Package never arrived,Shipping Migration
T3849,C26256,2026-09-03,Late Delivery,Low,Delivery took too long,Shipping Migration
T3850,C18947,2026-09-03,Late Delivery,High,Package arrived very late,Shipping Migration
T3851,C24884,2026-09-03,Late Delivery,Medium,Package arrived very late,Shipping Migration
T3852,C35163,2026-09-03,Tracking Issue,Low,Tracking not updating,Shipping Migration
T3853,C21537,2026-09-03,Tracking Issue,Low,Cannot locate shipment,Shipping Migration
T3854,C23660,2026-09-03,Late Delivery,Low,Delivery took too long,Shipping Migration
T3855,C23089,2026-09-03,Late Delivery,Low,Order delayed,Shipping Migration
T3856,C40383,2026-09-03,Package Missing,Low,Order missing,Shipping Migration
T3857,C91281,2026-09-03,Tracking Issue,High,Cannot locate shipment,Shipping Migration
T3858,C21149,2026-09-03,Package Missing,High,Package never arrived,Shipping Migration
T3859,C94280,2026-09-03,Late Delivery,Low,Delivery took too long,Shipping Migration
T3860,C17749,2026-09-03,Tracking Issue,Medium,Tracking not updating,Shipping Migration
T3861,C65283,2026-09-03,Tracking Issue,Low,Tracking not updating,Shipping Migration
T3862,C30341,2026-09-03,Tracking Issue,Medium,Cannot locate shipment,Shipping Migration
T3863,C7408,2026-09-04,Late Delivery,Low,Package arrived very late,Shipping Migration
T3864,C75698,2026-09-04,Package Missing,High,Order missing,Shipping Migration
T3865,C19284,2026-09-04,Late Delivery,Low,Package arrived very late,Shipping Migration
T3866,C38234,2026-09-04,Late Delivery,Medium,Order delayed,Shipping Migration
T3867,C42735,2026-09-04,Late Delivery,High,Order delayed,Shipping Migration
T3868,C1011,2026-09-04,Late Delivery,Low,Delivery took too long,Shipping Migration
T3869,C24126,2026-09-04,Late Delivery,High,Package arrived very late,Shipping Migration
T3870,C64513,2026-09-04,Package Missing,Medium,Package never arrived,Shipping Migration
T3871,C53421,2026-09-04,Tracking Issue,Low,Cannot locate shipment,Shipping Migration
T3872,C49704,2026-09-04,Package Missing,Medium,Shipment lost,Shipping Migration
T3873,C3052,2026-09-04,Tracking Issue,Medium,Tracking information unavailable,Shipping Migration
T3874,C2556,2026-09-04,Tracking Issue,Low,Tracking not updating,Shipping Migration
T3875,C16067,2026-09-04,Tracking Issue,Low,Cannot locate shipment,Shipping Migration
T3876,C42968,2026-09-04,Late Delivery,Medium,Package arrived very late,Shipping Migration
T3877,C71835,2026-09-04,Tracking Issue,Low,Tracking information unavailable,Shipping Migration
T3878,C2590,2026-09-04,Tracking Issue,Medium,Cannot locate shipment,Shipping Migration
T3879,C13602,2026-09-04,Package Missing,Medium,Order missing,Shipping Migration
T3880,C95147,2026-09-04,Tracking Issue,Low,Cannot locate shipment,Shipping Migration
T3881,C36177,2026-09-04,Package Missing,High,Order missing,Shipping Migration
T3882,C5951,2026-09-04,Late Delivery,Low,Package arrived very late,Shipping Migration
T3883,C23399,2026-09-04,Package Missing,High,Order missing,Shipping Migration
T3884,C72124,2026-09-05,Package Missing,Medium,Order missing,Shipping Migration
T3885,C82598,2026-09-05,Package Missing,Medium,Order missing,Shipping Migration
T3886,C59811,2026-09-05,Package Missing,Medium,Package never arrived,Shipping Migration
T3887,C86067,2026-09-05,Late Delivery,Low,Delivery took too long,Shipping Migration
T3888,C32978,2026-09-05,Tracking Issue,Medium,Cannot locate shipment,Shipping Migration
T3889,C49030,2026-09-05,Tracking Issue,Medium,Tracking information unavailable,Shipping Migration
T3890,C74355,2026-09-05,Tracking Issue,Low,Tracking not updating,Shipping Migration
T3891,C4759,2026-09-05,Late Delivery,High,Delivery took too long,Shipping Migration
T3892,C97640,2026-09-05,Package Missing,Low,Shipment lost,Shipping Migration
T3893,C41863,2026-09-05,Package Missing,Medium,Shipment lost,Shipping Migration
T3894,C28184,2026-09-05,Package Missing,Low,Shipment lost,Shipping Migration
T3895,C5281,2026-09-05,Late Delivery,Medium,Delivery took too long,Shipping Migration
T3896,C79625,2026-09-05,Package Missing,Medium,Package never arrived,Shipping Migration
T3897,C10474,2026-09-05,Tracking Issue,High,Tracking information unavailable,Shipping Migration
T3898,C77715,2026-09-05,Package Missing,Low,Package never arrived,Shipping Migration
T3899,C79633,2026-09-05,Tracking Issue,Medium,Tracking not updating,Shipping Migration
T3900,C86546,2026-09-05,Tracking Issue,Low,Tracking information unavailable,Shipping Migration
T3901,C8130,2026-09-05,Late Delivery,Low,Package arrived very late,Shipping Migration
T3902,C96385,2026-09-05,Package Missing,Medium,Shipment lost,Shipping Migration
T3903,C93750,2026-09-05,Package Missing,Medium,Package never arrived,Shipping Migration
T3904,C92423,2026-09-05,Tracking Issue,High,Tracking not updating,Shipping Migration
T3905,C95562,2026-09-05,Package Missing,Medium,Package never arrived,Shipping Migration
T3906,C44942,2026-09-05,Tracking Issue,High,Tracking not updating,Shipping Migration
T3907,C11155,2026-09-05,Package Missing,Low,Order missing,Shipping Migration
T3908,C14324,2026-09-05,Package Missing,Low,Order missing,Shipping Migration
T3909,C26293,2026-09-05,Late Delivery,Low,Delivery took too long,Shipping Migration
T3910,C95254,2026-09-05,Package Missing,Low,Shipment lost,Shipping Migration
T3911,C26235,2026-09-05,Package Missing,High,Shipment lost,Shipping Migration
T3912,C64321,2026-09-06,Package Missing,Medium,Package never arrived,Shipping Migration
T3913,C72554,2026-09-06,Late Delivery,High,Order delayed,Shipping Migration
T3914,C17045,2026-09-06,Package Missing,Low,Shipment lost,Shipping Migration
T3915,C23290,2026-09-06,Tracking Issue,High,Tracking information unavailable,Shipping Migration
T3916,C70816,2026-09-06,Late Delivery,Medium,Order delayed,Shipping Migration
T3917,C45167,2026-09-06,Late Delivery,Medium,Delivery took too long,Shipping Migration
T3918,C98076,2026-09-06,Tracking Issue,Low,Tracking information unavailable,Shipping Migration
T3919,C7122,2026-09-06,Tracking Issue,High,Cannot locate shipment,Shipping Migration
T3920,C87410,2026-09-06,Package Missing,Medium,Shipment lost,Shipping Migration
T3921,C22444,2026-09-06,Tracking Issue,High,Tracking not updating,Shipping Migration
T3922,C39045,2026-09-06,Late Delivery,Medium,Package arrived very late,Shipping Migration
T3923,C30130,2026-09-06,Package Missing,Low,Shipment lost,Shipping Migration
T3924,C48504,2026-09-06,Tracking Issue,High,Tracking not updating,Shipping Migration
T3925,C68173,2026-09-06,Package Missing,Medium,Order missing,Shipping Migration
T3926,C27191,2026-09-06,Package Missing,High,Order missing,Shipping Migration
T3927,C2675,2026-09-06,Tracking Issue,Medium,Tracking information unavailable,Shipping Migration
T3928,C25667,2026-09-06,Late Delivery,Medium,Order delayed,Shipping Migration
T3929,C52343,2026-09-06,Late Delivery,Medium,Delivery took too long,Shipping Migration
T3930,C40263,2026-09-06,Tracking Issue,Low,Tracking information unavailable,Shipping Migration
T3931,C68118,2026-09-06,Package Missing,Medium,Package never arrived,Shipping Migration
T3932,C33701,2026-09-06,Package Missing,Low,Package never arrived,Shipping Migration
T3933,C15016,2026-09-06,Package Missing,Medium,Order missing,Shipping Migration
T3934,C91804,2026-09-06,Late Delivery,High,Order delayed,Shipping Migration
T3935,C45705,2026-09-06,Late Delivery,Medium,Delivery took too long,Shipping Migration
T3936,C14879,2026-09-06,Tracking Issue,Low,Tracking information unavailable,Shipping Migration
T3937,C18227,2026-09-06,Package Missing,High,Order missing,Shipping Migration
T3938,C92722,2026-09-06,Late Delivery,Low,Package arrived very late,Shipping Migration
T3939,C52190,2026-09-06,Package Missing,Low,Package never arrived,Shipping Migration
T3940,C42950,2026-09-06,Package Missing,Low,Order missing,Shipping Migration
T3941,C2065,2026-09-06,Package Missing,Medium,Order missing,Shipping Migration
T3942,C93529,2026-09-06,Late Delivery,Low,Order delayed,Shipping Migration
T3943,C71780,2026-09-06,Late Delivery,Low,Order delayed,Shipping Migration
T3944,C41099,2026-09-06,Late Delivery,High,Order delayed,Shipping Migration
T3945,C22033,2026-09-07,Package Missing,Medium,Package never arrived,Shipping Migration
T3946,C12304,2026-09-07,Package Missing,High,Order missing,Shipping Migration
T3947,C39428,2026-09-07,Late Delivery,High,Order delayed,Shipping Migration
T3948,C66047,2026-09-07,Package Missing,Medium,Package never arrived,Shipping Migration
T3949,C58169,2026-09-07,Tracking Issue,Medium,Cannot locate shipment,Shipping Migration
T3950,C38893,2026-09-07,Late Delivery,Low,Delivery took too long,Shipping Migration
T3951,C6110,2026-09-07,Late Delivery,Medium,Package arrived very late,Shipping Migration
T3952,C15065,2026-09-07,Tracking Issue,High,Cannot locate shipment,Shipping Migration
T3953,C44259,2026-09-07,Late Delivery,Low,Delivery took too long,Shipping Migration
T3954,C96577,2026-09-07,Late Delivery,Low,Order delayed,Shipping Migration
T3955,C77256,2026-09-07,Tracking Issue,Medium,Tracking not updating,Shipping Migration
T3956,C83337,2026-09-07,Package Missing,High,Shipment lost,Shipping Migration
T3957,C14072,2026-09-07,Tracking Issue,High,Cannot locate shipment,Shipping Migration
T3958,C51787,2026-09-07,Tracking Issue,High,Tracking information unavailable,Shipping Migration
T3959,C19875,2026-09-07,Tracking Issue,Low,Tracking not updating,Shipping Migration
T3960,C22788,2026-09-07,Package Missing,Medium,Order missing,Shipping Migration
T3961,C44654,2026-09-07,Package Missing,Low,Package never arrived,Shipping Migration
T3962,C32253,2026-09-07,Tracking Issue,High,Tracking not updating,Shipping Migration
T3963,C41539,2026-09-07,Package Missing,High,Shipment lost,Shipping Migration
T3964,C53107,2026-09-07,Tracking Issue,Low,Tracking information unavailable,Shipping Migration
T3965,C98718,2026-09-07,Late Delivery,Low,Delivery took too long,Shipping Migration
T3966,C45951,2026-09-07,Tracking Issue,High,Tracking not updating,Shipping Migration
T3967,C79712,2026-09-07,Tracking Issue,Low,Tracking information unavailable,Shipping Migration
T3968,C41096,2026-09-07,Late Delivery,High,Package arrived very late,Shipping Migration
T3969,C97070,2026-09-07,Tracking Issue,Low,Tracking not updating,Shipping Migration
T3970,C32323,2026-09-07,Late Delivery,Low,Delivery took too long,Shipping Migration
T3971,C96151,2026-09-07,Package Missing,High,Package never arrived,Shipping Migration
T3972,C15765,2026-09-07,Late Delivery,Low,Delivery took too long,Shipping Migration
T3973,C93527,2026-09-07,Tracking Issue,High,Tracking not updating,Shipping Migration
T3974,C5463,2026-09-07,Late Delivery,Low,Order delayed,Shipping Migration
T3975,C61110,2026-09-07,Tracking Issue,High,Tracking not updating,Shipping Migration
T3976,C65884,2026-09-07,Tracking Issue,High,Cannot locate shipment,Shipping Migration
T3977,C72103,2026-09-07,Tracking Issue,Low,Tracking not updating,Shipping Migration
T3978,C66771,2026-09-08,Late Delivery,High,Delivery took too long,Shipping Migration
T3979,C88178,2026-09-08,Tracking Issue,High,Cannot locate shipment,Shipping Migration
T3980,C99273,2026-09-08,Tracking Issue,High,Tracking information unavailable,Shipping Migration
T3981,C13369,2026-09-08,Tracking Issue,Low,Tracking information unavailable,Shipping Migration
T3982,C99330,2026-09-08,Tracking Issue,High,Cannot locate shipment,Shipping Migration
T3983,C56832,2026-09-08,Package Missing,Medium,Package never arrived,Shipping Migration
T3984,C80489,2026-09-08,Package Missing,Low,Order missing,Shipping Migration
T3985,C67272,2026-09-08,Tracking Issue,Medium,Tracking information unavailable,Shipping Migration
T3986,C48233,2026-09-08,Package Missing,Medium,Package never arrived,Shipping Migration
T3987,C15637,2026-09-08,Tracking Issue,High,Cannot locate shipment,Shipping Migration
T3988,C18884,2026-09-08,Tracking Issue,Low,Tracking information unavailable,Shipping Migration
T3989,C19930,2026-09-08,Late Delivery,Low,Delivery took too long,Shipping Migration
T3990,C70497,2026-09-08,Tracking Issue,Medium,Tracking not updating,Shipping Migration
T3991,C30882,2026-09-08,Tracking Issue,Medium,Cannot locate shipment,Shipping Migration
T3992,C30658,2026-09-08,Tracking Issue,Medium,Tracking not updating,Shipping Migration
T3993,C44865,2026-09-08,Late Delivery,Medium,Order delayed,Shipping Migration
T3994,C59955,2026-09-08,Late Delivery,High,Package arrived very late,Shipping Migration
T3995,C15785,2026-09-08,Late Delivery,High,Package arrived very late,Shipping Migration
T3996,C48721,2026-09-08,Late Delivery,Low,Delivery took too long,Shipping Migration
T3997,C98352,2026-09-08,Package Missing,Medium,Shipment lost,Shipping Migration
T3998,C12865,2026-09-08,Tracking Issue,Low,Cannot locate shipment,Shipping Migration
T3999,C56211,2026-09-08,Package Missing,Low,Order missing,Shipping Migration
T4000,C13419,2026-09-08,Late Delivery,Low,Delivery took too long,Shipping Migration
T4001,C65228,2026-09-08,Tracking Issue,Low,Cannot locate shipment,Shipping Migration
T4002,C87859,2026-09-08,Tracking Issue,Low,Tracking not updating,Shipping Migration
T4003,C74386,2026-09-08,Package Missing,Low,Package never arrived,Shipping Migration
T4004,C10349,2026-09-08,Late Delivery,High,Order delayed,Shipping Migration
T4005,C14630,2026-09-08,Late Delivery,High,Delivery took too long,Shipping Migration
T4006,C46074,2026-09-09,Late Delivery,High,Delivery took too long,Shipping Migration
T4007,C72437,2026-09-09,Tracking Issue,Medium,Tracking not updating,Shipping Migration
T4008,C72591,2026-09-09,Tracking Issue,Low,Cannot locate shipment,Shipping Migration
T4009,C27526,2026-09-09,Package Missing,Low,Shipment lost,Shipping Migration
T4010,C78605,2026-09-09,Package Missing,Low,Order missing,Shipping Migration
T4011,C56540,2026-09-09,Late Delivery,Medium,Package arrived very late,Shipping Migration
T4012,C35256,2026-09-09,Late Delivery,Low,Delivery took too long,Shipping Migration
T4013,C86438,2026-09-09,Package Missing,Low,Order missing,Shipping Migration
T4014,C86624,2026-09-09,Late Delivery,Medium,Package arrived very late,Shipping Migration
T4015,C55439,2026-09-09,Package Missing,Medium,Package never arrived,Shipping Migration
T4016,C9821,2026-09-09,Package Missing,Low,Order missing,Shipping Migration
T4017,C37791,2026-09-09,Late Delivery,Medium,Delivery took too long,Shipping Migration
T4018,C82202,2026-09-09,Package Missing,Low,Order missing,Shipping Migration
T4019,C36172,2026-09-09,Tracking Issue,Medium,Cannot locate shipment,Shipping Migration
T4020,C30395,2026-09-09,Late Delivery,Low,Package arrived very late,Shipping Migration
T4021,C91780,2026-09-09,Tracking Issue,Medium,Tracking not updating,Shipping Migration
T4022,C4790,2026-09-09,Tracking Issue,Low,Cannot locate shipment,Shipping Migration
T4023,C70887,2026-09-09,Tracking Issue,High,Cannot locate shipment,Shipping Migration
T4024,C48504,2026-09-09,Package Missing,Medium,Order missing,Shipping Migration
T4025,C52250,2026-09-09,Package Missing,Low,Order missing,Shipping Migration
T4026,C60659,2026-09-09,Late Delivery,Medium,Package arrived very late,Shipping Migration
T4027,C738,2026-09-09,Package Missing,Low,Shipment lost,Shipping Migration
T4028,C65876,2026-09-09,Tracking Issue,Medium,Tracking not updating,Shipping Migration
T4029,C84972,2026-09-09,Package Missing,Medium,Order missing,Shipping Migration
T4030,C42096,2026-09-09,Package Missing,Medium,Order missing,Shipping Migration
T4031,C66910,2026-09-09,Package Missing,Medium,Shipment lost,Shipping Migration
T4032,C60286,2026-09-09,Late Delivery,High,Package arrived very late,Shipping Migration
T4033,C76709,2026-09-09,Tracking Issue,Low,Tracking not updating,Shipping Migration
T4034,C30347,2026-09-09,Late Delivery,Medium,Delivery took too long,Shipping Migration
T4035,C30805,2026-09-09,Late Delivery,Medium,Package arrived very late,Shipping Migration
T4036,C18749,2026-09-09,Late Delivery,High,Package arrived very late,Shipping Migration
T4037,C17389,2026-09-10,Late Delivery,Medium,Delivery took too long,Shipping Migration
T4038,C57694,2026-09-10,Tracking Issue,Low,Cannot locate shipment,Shipping Migration
T4039,C52777,2026-09-10,Package Missing,Low,Order missing,Shipping Migration
T4040,C76621,2026-09-10,Tracking Issue,Low,Tracking not updating,Shipping Migration
T4041,C2920,2026-09-10,Late Delivery,Medium,Order delayed,Shipping Migration
T4042,C40119,2026-09-10,Tracking Issue,Medium,Tracking information unavailable,Shipping Migration
T4043,C65404,2026-09-10,Package Missing,Low,Shipment lost,Shipping Migration
T4044,C17677,2026-09-10,Package Missing,Medium,Shipment lost,Shipping Migration
T4045,C74712,2026-09-10,Late Delivery,Low,Order delayed,Shipping Migration
T4046,C29811,2026-09-10,Tracking Issue,Low,Tracking information unavailable,Shipping Migration
T4047,C44714,2026-09-10,Tracking Issue,Medium,Tracking not updating,Shipping Migration
T4048,C33291,2026-09-10,Late Delivery,Low,Order delayed,Shipping Migration
T4049,C83389,2026-09-10,Tracking Issue,Medium,Tracking not updating,Shipping Migration
T4050,C62403,2026-09-10,Late Delivery,Low,Delivery took too long,Shipping Migration
T4051,C11958,2026-09-10,Package Missing,Low,Shipment lost,Shipping Migration
T4052,C5838,2026-09-10,Tracking Issue,Medium,Tracking not updating,Shipping Migration
T4053,C30216,2026-09-10,Tracking Issue,Low,Tracking information unavailable,Shipping Migration
T4054,C43049,2026-09-10,Tracking Issue,Low,Cannot locate shipment,Shipping Migration
T4055,C35320,2026-09-10,Late Delivery,Low,Delivery took too long,Shipping Migration
T4056,C42917,2026-09-10,Late Delivery,Low,Delivery took too long,Shipping Migration
T4057,C88307,2026-09-10,Tracking Issue,Low,Tracking not updating,Shipping Migration
T4058,C45464,2026-09-10,Package Missing,Medium,Order missing,Shipping Migration
T4059,C28831,2026-09-10,Late Delivery,Low,Delivery took too long,Shipping Migration
T4060,C17402,2026-09-10,Package Missing,Medium,Shipment lost,Shipping Migration
T4061,C57392,2026-09-10,Tracking Issue,Medium,Tracking not updating,Shipping Migration
T4062,C6016,2026-09-10,Late Delivery,Medium,Delivery took too long,Shipping Migration
T4063,C97256,2026-09-10,Package Missing,Medium,Package never arrived,Shipping Migration
T4064,C42772,2026-09-10,Late Delivery,High,Order delayed,Shipping Migration
T4065,C78979,2026-09-10,Tracking Issue,Low,Cannot locate shipment,Shipping Migration
T4066,C28156,2026-09-10,Package Missing,High,Package never arrived,Shipping Migration
T4067,C11252,2026-09-11,Package Missing,Medium,Package never arrived,Shipping Migration
T4068,C39096,2026-09-11,Late Delivery,Low,Package arrived very late,Shipping Migration
T4069,C34815,2026-09-11,Package Missing,Low,Shipment lost,Shipping Migration
T4070,C37833,2026-09-11,Late Delivery,Low,Order delayed,Shipping Migration
T4071,C80747,2026-09-11,Tracking Issue,Medium,Tracking not updating,Shipping Migration
T4072,C69855,2026-09-11,Tracking Issue,High,Tracking information unavailable,Shipping Migration
T4073,C87209,2026-09-11,Tracking Issue,Medium,Tracking information unavailable,Shipping Migration
T4074,C85896,2026-09-11,Package Missing,Low,Shipment lost,Shipping Migration
T4075,C83221,2026-09-11,Package Missing,Low,Package never arrived,Shipping Migration
T4076,C21952,2026-09-11,Package Missing,High,Package never arrived,Shipping Migration
T4077,C63095,2026-09-11,Package Missing,Low,Package never arrived,Shipping Migration
T4078,C76946,2026-09-11,Late Delivery,Low,Delivery took too long,Shipping Migration
T4079,C8173,2026-09-11,Tracking Issue,Medium,Tracking information unavailable,Shipping Migration
T4080,C96707,2026-09-11,Tracking Issue,Medium,Tracking not updating,Shipping Migration
T4081,C78749,2026-09-11,Late Delivery,High,Delivery took too long,Shipping Migration
T4082,C99249,2026-09-11,Package Missing,Low,Package never arrived,Shipping Migration
T4083,C50850,2026-09-11,Late Delivery,Low,Delivery took too long,Shipping Migration
T4084,C95620,2026-09-11,Package Missing,Low,Package never arrived,Shipping Migration
T4085,C10350,2026-09-11,Tracking Issue,High,Tracking not updating,Shipping Migration
T4086,C28526,2026-09-11,Late Delivery,Medium,Package arrived very late,Shipping Migration
T4087,C59791,2026-09-11,Tracking Issue,Low,Cannot locate shipment,Shipping Migration
T4088,C46660,2026-09-11,Tracking Issue,High,Tracking information unavailable,Shipping Migration
T4089,C75886,2026-09-11,Tracking Issue,Low,Tracking not updating,Shipping Migration
T4090,C39914,2026-09-11,Tracking Issue,Medium,Tracking not updating,Shipping Migration
T4091,C77858,2026-09-11,Late Delivery,Low,Order delayed,Shipping Migration
T4092,C2861,2026-09-11,Tracking Issue,High,Tracking not updating,Shipping Migration
T4093,C51987,2026-09-11,Package Missing,Medium,Order missing,Shipping Migration
T4094,C94462,2026-09-12,Late Delivery,Low,Package arrived very late,Shipping Migration
T4095,C16434,2026-09-12,Package Missing,Medium,Order missing,Shipping Migration
T4096,C70208,2026-09-12,Tracking Issue,Low,Cannot locate shipment,Shipping Migration
T4097,C65951,2026-09-12,Package Missing,Low,Order missing,Shipping Migration
T4098,C86779,2026-09-12,Package Missing,Low,Package never arrived,Shipping Migration
T4099,C15232,2026-09-12,Late Delivery,Low,Delivery took too long,Shipping Migration
T4100,C87593,2026-09-12,Late Delivery,Low,Order delayed,Shipping Migration
T4101,C46111,2026-09-12,Late Delivery,High,Order delayed,Shipping Migration
T4102,C72370,2026-09-12,Tracking Issue,Low,Tracking not updating,Shipping Migration
T4103,C41496,2026-09-12,Package Missing,Low,Shipment lost,Shipping Migration
T4104,C16147,2026-09-12,Tracking Issue,High,Tracking not updating,Shipping Migration
T4105,C82447,2026-09-12,Tracking Issue,Medium,Tracking not updating,Shipping Migration
T4106,C51435,2026-09-12,Tracking Issue,Low,Tracking information unavailable,Shipping Migration
T4107,C10109,2026-09-12,Tracking Issue,Medium,Tracking not updating,Shipping Migration
T4108,C52078,2026-09-12,Late Delivery,Low,Order delayed,Shipping Migration
T4109,C74694,2026-09-12,Package Missing,Low,Order missing,Shipping Migration
T4110,C57967,2026-09-12,Tracking Issue,High,Cannot locate shipment,Shipping Migration
T4111,C51525,2026-09-12,Tracking Issue,Medium,Cannot locate shipment,Shipping Migration
T4112,C12942,2026-09-12,Late Delivery,High,Order delayed,Shipping Migration
T4113,C45853,2026-09-12,Package Missing,Medium,Package never arrived,Shipping Migration
T4114,C9013,2026-09-12,Late Delivery,Medium,Order delayed,Shipping Migration
T4115,C96913,2026-09-12,Tracking Issue,Low,Tracking information unavailable,Shipping Migration
T4116,C47377,2026-09-12,Tracking Issue,Medium,Cannot locate shipment,Shipping Migration
T4117,C77990,2026-09-12,Late Delivery,Low,Package arrived very late,Shipping Migration
T4118,C45490,2026-09-12,Late Delivery,Low,Package arrived very late,Shipping Migration
T4119,C86679,2026-09-12,Late Delivery,Low,Package arrived very late,Shipping Migration
T4120,C20783,2026-09-12,Package Missing,Medium,Shipment lost,Shipping Migration
T4121,C30741,2026-09-12,Tracking Issue,Low,Tracking information unavailable,Shipping Migration
T4122,C6591,2026-09-12,Late Delivery,High,Delivery took too long,Shipping Migration
T4123,C11629,2026-09-13,Package Missing,Low,Shipment lost,Shipping Migration
T4124,C1477,2026-09-13,Late Delivery,Medium,Package arrived very late,Shipping Migration
T4125,C89974,2026-09-13,Late Delivery,High,Delivery took too long,Shipping Migration
T4126,C64199,2026-09-13,Tracking Issue,Low,Cannot locate shipment,Shipping Migration
T4127,C46177,2026-09-13,Package Missing,Low,Package never arrived,Shipping Migration
T4128,C31416,2026-09-13,Late Delivery,Low,Package arrived very late,Shipping Migration
T4129,C94331,2026-09-13,Tracking Issue,Medium,Tracking information unavailable,Shipping Migration
T4130,C616,2026-09-13,Package Missing,Medium,Package never arrived,Shipping Migration
T4131,C41937,2026-09-13,Tracking Issue,Medium,Cannot locate shipment,Shipping Migration
T4132,C61701,2026-09-13,Tracking Issue,High,Cannot locate shipment,Shipping Migration
T4133,C82299,2026-09-13,Late Delivery,Medium,Package arrived very late,Shipping Migration
T4134,C35540,2026-09-13,Tracking Issue,High,Tracking information unavailable,Shipping Migration
T4135,C29370,2026-09-13,Tracking Issue,Low,Tracking not updating,Shipping Migration
T4136,C60013,2026-09-13,Package Missing,Low,Order missing,Shipping Migration
T4137,C75520,2026-09-13,Late Delivery,Low,Delivery took too long,Shipping Migration
T4138,C206,2026-09-13,Tracking Issue,Medium,Cannot locate shipment,Shipping Migration
T4139,C5692,2026-09-13,Tracking Issue,Medium,Tracking information unavailable,Shipping Migration
T4140,C95699,2026-09-13,Late Delivery,Medium,Delivery took too long,Shipping Migration
T4141,C87088,2026-09-13,Tracking Issue,Medium,Cannot locate shipment,Shipping Migration
T4142,C46983,2026-09-13,Late Delivery,High,Order delayed,Shipping Migration
T4143,C93281,2026-09-13,Package Missing,High,Shipment lost,Shipping Migration
T4144,C67691,2026-09-14,Late Delivery,Low,Delivery took too long,Shipping Migration
T4145,C5903,2026-09-14,Tracking Issue,Low,Tracking not updating,Shipping Migration
T4146,C69111,2026-09-14,Package Missing,High,Order missing,Shipping Migration
T4147,C40245,2026-09-14,Late Delivery,Medium,Order delayed,Shipping Migration
T4148,C96221,2026-09-14,Tracking Issue,Low,Tracking information unavailable,Shipping Migration
T4149,C53495,2026-09-14,Tracking Issue,Medium,Cannot locate shipment,Shipping Migration
T4150,C83041,2026-09-14,Tracking Issue,Low,Tracking information unavailable,Shipping Migration
T4151,C1909,2026-09-14,Tracking Issue,Medium,Cannot locate shipment,Shipping Migration
T4152,C56144,2026-09-14,Late Delivery,Medium,Delivery took too long,Shipping Migration
T4153,C90575,2026-09-14,Package Missing,Medium,Shipment lost,Shipping Migration
T4154,C66687,2026-09-14,Package Missing,Low,Package never arrived,Shipping Migration
T4155,C54360,2026-09-14,Tracking Issue,Low,Tracking not updating,Shipping Migration
T4156,C38346,2026-09-14,Late Delivery,Medium,Delivery took too long,Shipping Migration
T4157,C96754,2026-09-14,Package Missing,Medium,Order missing,Shipping Migration
T4158,C98511,2026-09-14,Late Delivery,Low,Delivery took too long,Shipping Migration
T4159,C28175,2026-09-14,Late Delivery,Low,Order delayed,Shipping Migration
T4160,C51320,2026-09-14,Tracking Issue,High,Tracking not updating,Shipping Migration
T4161,C54809,2026-09-14,Tracking Issue,Medium,Tracking information unavailable,Shipping Migration
T4162,C25288,2026-09-14,Late Delivery,High,Package arrived very late,Shipping Migration
T4163,C96906,2026-09-14,Late Delivery,Medium,Order delayed,Shipping Migration
T4164,C23898,2026-09-14,Late Delivery,Medium,Package arrived very late,Shipping Migration
T4165,C19051,2026-09-14,Tracking Issue,Low,Cannot locate shipment,Shipping Migration
T4166,C44847,2026-09-14,Tracking Issue,Medium,Tracking information unavailable,Shipping Migration
T4167,C88117,2026-09-14,Late Delivery,High,Package arrived very late,Shipping Migration
T4168,C66195,2026-09-14,Tracking Issue,Low,Tracking not updating,Shipping Migration
T4169,C43828,2026-09-14,Tracking Issue,High,Cannot locate shipment,Shipping Migration
T4170,C28224,2026-09-14,Late Delivery,Medium,Package arrived very late,Shipping Migration
T4171,C96064,2026-09-14,Package Missing,Low,Order missing,Shipping Migration
T4172,C20918,2026-09-14,Tracking Issue,Low,Tracking information unavailable,Shipping Migration
T4173,C9948,2026-09-14,Late Delivery,Medium,Package arrived very late,Shipping Migration
T4174,C23654,2026-09-14,Late Delivery,Low,Order delayed,Shipping Migration
T4175,C37922,2026-09-15,Tracking Issue,Low,Tracking information unavailable,Shipping Migration
T4176,C53453,2026-09-15,Late Delivery,Medium,Delivery took too long,Shipping Migration
T4177,C2156,2026-09-15,Package Missing,Low,Package never arrived,Shipping Migration
T4178,C26191,2026-09-15,Tracking Issue,High,Cannot locate shipment,Shipping Migration
T4179,C86118,2026-09-15,Package Missing,High,Order missing,Shipping Migration
T4180,C70036,2026-09-15,Late Delivery,Low,Order delayed,Shipping Migration
T4181,C58974,2026-09-15,Tracking Issue,Medium,Cannot locate shipment,Shipping Migration
T4182,C48751,2026-09-15,Package Missing,High,Package never arrived,Shipping Migration
T4183,C63965,2026-09-15,Late Delivery,High,Package arrived very late,Shipping Migration
T4184,C68320,2026-09-15,Late Delivery,Medium,Order delayed,Shipping Migration
T4185,C19193,2026-09-15,Late Delivery,Low,Order delayed,Shipping Migration
T4186,C68383,2026-09-15,Late Delivery,Low,Package arrived very late,Shipping Migration
T4187,C58619,2026-09-15,Tracking Issue,High,Tracking not updating,Shipping Migration
T4188,C87974,2026-09-15,Late Delivery,Low,Delivery took too long,Shipping Migration
T4189,C94521,2026-09-15,Package Missing,Medium,Package never arrived,Shipping Migration
T4190,C23387,2026-09-15,Tracking Issue,High,Tracking not updating,Shipping Migration
T4191,C94241,2026-09-15,Package Missing,Low,Order missing,Shipping Migration
T4192,C32408,2026-09-15,Package Missing,Low,Order missing,Shipping Migration
T4193,C3488,2026-09-15,Late Delivery,Medium,Package arrived very late,Shipping Migration
T4194,C85108,2026-09-15,Package Missing,High,Order missing,Shipping Migration
T4195,C39866,2026-09-15,Package Missing,High,Shipment lost,Shipping Migration
T4196,C19929,2026-09-15,Tracking Issue,Low,Cannot locate shipment,Shipping Migration
T4197,C70688,2026-09-15,Late Delivery,Medium,Delivery took too long,Shipping Migration
T4198,C85228,2026-09-15,Package Missing,High,Package never arrived,Shipping Migration
T4199,C4371,2026-09-15,Late Delivery,High,Package arrived very late,Shipping Migration
T4200,C43200,2026-09-15,Package Missing,Medium,Order missing,Shipping Migration
T4201,C20114,2026-09-15,Tracking Issue,High,Tracking not updating,Shipping Migration
T4202,C12939,2026-09-15,Package Missing,Low,Shipment lost,Shipping Migration
T4203,C24407,2026-09-16,Package Missing,Low,Shipment lost,Shipping Migration
T4204,C82049,2026-09-16,Package Missing,Medium,Package never arrived,Shipping Migration
T4205,C13449,2026-09-16,Tracking Issue,Low,Tracking information unavailable,Shipping Migration
T4206,C50800,2026-09-16,Late Delivery,Low,Delivery took too long,Shipping Migration
T4207,C52257,2026-09-16,Package Missing,Medium,Order missing,Shipping Migration
T4208,C85824,2026-09-16,Tracking Issue,Low,Tracking information unavailable,Shipping Migration
T4209,C17537,2026-09-16,Late Delivery,Low,Delivery took too long,Shipping Migration
T4210,C21674,2026-09-16,Package Missing,Medium,Shipment lost,Shipping Migration
T4211,C88637,2026-09-16,Late Delivery,Medium,Package arrived very late,Shipping Migration
T4212,C12694,2026-09-16,Tracking Issue,Low,Cannot locate shipment,Shipping Migration
T4213,C1659,2026-09-16,Tracking Issue,High,Cannot locate shipment,Shipping Migration
T4214,C39728,2026-09-16,Late Delivery,Low,Package arrived very late,Shipping Migration
T4215,C51674,2026-09-16,Late Delivery,Low,Order delayed,Shipping Migration
T4216,C91270,2026-09-16,Tracking Issue,Medium,Cannot locate shipment,Shipping Migration
T4217,C68561,2026-09-16,Late Delivery,Medium,Order delayed,Shipping Migration
T4218,C72124,2026-09-16,Late Delivery,Low,Package arrived very late,Shipping Migration
T4219,C34095,2026-09-16,Late Delivery,High,Delivery took too long,Shipping Migration
T4220,C66142,2026-09-16,Package Missing,Low,Order missing,Shipping Migration
T4221,C59539,2026-09-16,Tracking Issue,High,Tracking not updating,Shipping Migration
T4222,C30030,2026-09-16,Package Missing,Low,Order missing,Shipping Migration
T4223,C39043,2026-09-16,Tracking Issue,Low,Tracking not updating,Shipping Migration
T4224,C43740,2026-09-17,Package Missing,Low,Package never arrived,Shipping Migration
T4225,C56252,2026-09-17,Late Delivery,High,Delivery took too long,Shipping Migration
T4226,C92009,2026-09-17,Late Delivery,Low,Package arrived very late,Shipping Migration
T4227,C76356,2026-09-17,Late Delivery,Medium,Delivery took too long,Shipping Migration
T4228,C97329,2026-09-17,Package Missing,Medium,Package never arrived,Shipping Migration
T4229,C46527,2026-09-17,Package Missing,Low,Package never arrived,Shipping Migration
T4230,C90481,2026-09-17,Tracking Issue,Low,Cannot locate shipment,Shipping Migration
T4231,C12931,2026-09-17,Late Delivery,Low,Package arrived very late,Shipping Migration
T4232,C40205,2026-09-17,Late Delivery,Medium,Package arrived very late,Shipping Migration
T4233,C40855,2026-09-17,Package Missing,Low,Shipment lost,Shipping Migration
T4234,C2986,2026-09-17,Tracking Issue,Medium,Cannot locate shipment,Shipping Migration
T4235,C33327,2026-09-17,Tracking Issue,Low,Tracking information unavailable,Shipping Migration
T4236,C87192,2026-09-17,Tracking Issue,Medium,Tracking not updating,Shipping Migration
T4237,C68862,2026-09-17,Tracking Issue,Low,Tracking information unavailable,Shipping Migration
T4238,C12418,2026-09-17,Package Missing,Low,Shipment lost,Shipping Migration
T4239,C50630,2026-09-17,Late Delivery,Low,Package arrived very late,Shipping Migration
T4240,C56423,2026-09-17,Tracking Issue,Medium,Cannot locate shipment,Shipping Migration
T4241,C65392,2026-09-17,Package Missing,Low,Order missing,Shipping Migration
T4242,C73186,2026-09-17,Tracking Issue,High,Tracking not updating,Shipping Migration
T4243,C57136,2026-09-17,Late Delivery,Medium,Delivery took too long,Shipping Migration
T4244,C11076,2026-09-17,Tracking Issue,Low,Cannot locate shipment,Shipping Migration
T4245,C5414,2026-09-17,Late Delivery,Low,Delivery took too long,Shipping Migration
T4246,C30086,2026-09-17,Package Missing,Low,Order missing,Shipping Migration
T4247,C87152,2026-09-17,Tracking Issue,Low,Tracking information unavailable,Shipping Migration
T4248,C3825,2026-09-17,Tracking Issue,Low,Cannot locate shipment,Shipping Migration
T4249,C1311,2026-09-18,Package Missing,Low,Shipment lost,Shipping Migration
T4250,C78994,2026-09-18,Package Missing,Medium,Package never arrived,Shipping Migration
T4251,C18547,2026-09-18,Tracking Issue,Medium,Tracking information unavailable,Shipping Migration
T4252,C67382,2026-09-18,Late Delivery,Medium,Package arrived very late,Shipping Migration
T4253,C59205,2026-09-18,Tracking Issue,Medium,Cannot locate shipment,Shipping Migration
T4254,C4630,2026-09-18,Package Missing,Medium,Shipment lost,Shipping Migration
T4255,C31237,2026-09-18,Package Missing,High,Package never arrived,Shipping Migration
T4256,C50947,2026-09-18,Package Missing,Low,Package never arrived,Shipping Migration
T4257,C1934,2026-09-18,Package Missing,High,Order missing,Shipping Migration
T4258,C92608,2026-09-18,Late Delivery,Low,Package arrived very late,Shipping Migration
T4259,C91201,2026-09-18,Late Delivery,High,Package arrived very late,Shipping Migration
T4260,C84611,2026-09-18,Tracking Issue,Medium,Tracking not updating,Shipping Migration
T4261,C83569,2026-09-18,Late Delivery,Low,Delivery took too long,Shipping Migration
T4262,C44871,2026-09-18,Tracking Issue,Medium,Tracking information unavailable,Shipping Migration
T4263,C5172,2026-09-18,Tracking Issue,Low,Cannot locate shipment,Shipping Migration
T4264,C85773,2026-09-18,Tracking Issue,Low,Cannot locate shipment,Shipping Migration
T4265,C7049,2026-09-18,Tracking Issue,Low,Tracking information unavailable,Shipping Migration
T4266,C94450,2026-09-18,Package Missing,Medium,Shipment lost,Shipping Migration
T4267,C8710,2026-09-18,Late Delivery,High,Delivery took too long,Shipping Migration
T4268,C63176,2026-09-18,Late Delivery,Low,Order delayed,Shipping Migration
T4269,C86729,2026-09-18,Package Missing,Medium,Shipment lost,Shipping Migration
T4270,C11448,2026-09-18,Tracking Issue,Medium,Tracking information unavailable,Shipping Migration
T4271,C13908,2026-09-18,Package Missing,Low,Order missing,Shipping Migration
T4272,C97218,2026-09-18,Package Missing,Medium,Shipment lost,Shipping Migration
T4273,C92450,2026-09-18,Tracking Issue,High,Tracking not updating,Shipping Migration
T4274,C3485,2026-09-18,Late Delivery,Low,Order delayed,Shipping Migration
T4275,C20937,2026-09-18,Tracking Issue,Medium,Tracking information unavailable,Shipping Migration
T4276,C39953,2026-09-18,Package Missing,Low,Shipment lost,Shipping Migration
T4277,C86247,2026-09-18,Late Delivery,Low,Delivery took too long,Shipping Migration
T4278,C31579,2026-09-18,Late Delivery,Medium,Package arrived very late,Shipping Migration
T4279,C92527,2026-09-18,Tracking Issue,High,Cannot locate shipment,Shipping Migration
T4280,C52956,2026-09-18,Package Missing,Low,Order missing,Shipping Migration
T4281,C53620,2026-09-18,Package Missing,Low,Order missing,Shipping Migration
T4282,C98530,2026-09-18,Package Missing,Medium,Order missing,Shipping Migration
T4283,C70995,2026-09-19,Tracking Issue,Low,Cannot locate shipment,Shipping Migration
T4284,C40286,2026-09-19,Package Missing,Low,Shipment lost,Shipping Migration
T4285,C88152,2026-09-19,Late Delivery,Medium,Delivery took too long,Shipping Migration
T4286,C72266,2026-09-19,Tracking Issue,Medium,Cannot locate shipment,Shipping Migration
T4287,C49949,2026-09-19,Late Delivery,Low,Package arrived very late,Shipping Migration
T4288,C84601,2026-09-19,Late Delivery,Medium,Order delayed,Shipping Migration
T4289,C87405,2026-09-19,Late Delivery,High,Package arrived very late,Shipping Migration
T4290,C42739,2026-09-19,Late Delivery,Medium,Delivery took too long,Shipping Migration
T4291,C87091,2026-09-19,Package Missing,Low,Shipment lost,Shipping Migration
T4292,C71886,2026-09-19,Tracking Issue,Low,Tracking not updating,Shipping Migration
T4293,C87351,2026-09-19,Late Delivery,Medium,Order delayed,Shipping Migration
T4294,C18954,2026-09-19,Package Missing,Medium,Package never arrived,Shipping Migration
T4295,C49265,2026-09-19,Package Missing,High,Shipment lost,Shipping Migration
T4296,C1988,2026-09-19,Tracking Issue,Medium,Tracking not updating,Shipping Migration
T4297,C76971,2026-09-19,Package Missing,Low,Package never arrived,Shipping Migration
T4298,C57468,2026-09-19,Late Delivery,Medium,Order delayed,Shipping Migration
T4299,C3390,2026-09-19,Late Delivery,Low,Order delayed,Shipping Migration
T4300,C74889,2026-09-19,Tracking Issue,Medium,Tracking not updating,Shipping Migration
T4301,C64368,2026-09-19,Late Delivery,Medium,Package arrived very late,Shipping Migration
T4302,C1113,2026-09-19,Package Missing,High,Package never arrived,Shipping Migration
T4303,C34083,2026-09-19,Package Missing,Medium,Shipment lost,Shipping Migration
T4304,C56626,2026-09-19,Tracking Issue,High,Tracking information unavailable,Shipping Migration
T4305,C20968,2026-09-19,Tracking Issue,Low,Tracking information unavailable,Shipping Migration
T4306,C25053,2026-09-19,Late Delivery,Medium,Order delayed,Shipping Migration
T4307,C83626,2026-09-19,Late Delivery,Low,Order delayed,Shipping Migration
T4308,C58536,2026-09-20,Late Delivery,Low,Package arrived very late,Shipping Migration
T4309,C56589,2026-09-20,Package Missing,Medium,Order missing,Shipping Migration
T4310,C33742,2026-09-20,Late Delivery,High,Package arrived very late,Shipping Migration
T4311,C571,2026-09-20,Late Delivery,High,Delivery took too long,Shipping Migration
T4312,C94329,2026-09-20,Late Delivery,Medium,Delivery took too long,Shipping Migration
T4313,C61202,2026-09-20,Late Delivery,High,Delivery took too long,Shipping Migration
T4314,C79834,2026-09-20,Package Missing,Low,Order missing,Shipping Migration
T4315,C37444,2026-09-20,Package Missing,High,Shipment lost,Shipping Migration
T4316,C57850,2026-09-20,Late Delivery,High,Package arrived very late,Shipping Migration
T4317,C33501,2026-09-20,Late Delivery,Medium,Delivery took too long,Shipping Migration
T4318,C26898,2026-09-20,Package Missing,High,Order missing,Shipping Migration
T4319,C57321,2026-09-20,Package Missing,High,Order missing,Shipping Migration
T4320,C99677,2026-09-20,Package Missing,High,Shipment lost,Shipping Migration
T4321,C43026,2026-09-20,Late Delivery,Medium,Package arrived very late,Shipping Migration
T4322,C4859,2026-09-20,Package Missing,Medium,Shipment lost,Shipping Migration
T4323,C4540,2026-09-20,Tracking Issue,Low,Tracking information unavailable,Shipping Migration
T4324,C65986,2026-09-20,Tracking Issue,Low,Tracking information unavailable,Shipping Migration
T4325,C870,2026-09-20,Tracking Issue,Medium,Cannot locate shipment,Shipping Migration
T4326,C58186,2026-09-20,Late Delivery,Medium,Delivery took too long,Shipping Migration
T4327,C84874,2026-09-20,Tracking Issue,Medium,Tracking information unavailable,Shipping Migration
T4328,C57372,2026-09-20,Tracking Issue,Low,Cannot locate shipment,Shipping Migration
T4329,C41210,2026-09-20,Tracking Issue,Medium,Tracking information unavailable,Shipping Migration
T4330,C42321,2026-09-20,Package Missing,High,Order missing,Shipping Migration
T4331,C892,2026-09-20,Tracking Issue,Low,Tracking information unavailable,Shipping Migration
T4332,C4193,2026-09-20,Package Missing,Low,Package never arrived,Shipping Migration
T4333,C22779,2026-09-20,Package Missing,High,Package never arrived,Shipping Migration
T4334,C57267,2026-09-20,Package Missing,Low,Package never arrived,Shipping Migration
T4335,C19522,2026-09-20,Late Delivery,Low,Order delayed,Shipping Migration
T4336,C79346,2026-09-20,Tracking Issue,Medium,Cannot locate shipment,Shipping Migration
T4337,C22031,2026-09-20,Late Delivery,Medium,Package arrived very late,Shipping Migration
T4338,C78413,2026-09-21,Late Delivery,Low,Delivery took too long,Shipping Migration
T4339,C74862,2026-09-21,Late Delivery,High,Package arrived very late,Shipping Migration
T4340,C85910,2026-09-21,Tracking Issue,High,Tracking not updating,Shipping Migration
T4341,C76498,2026-09-21,Late Delivery,Medium,Order delayed,Shipping Migration
T4342,C79046,2026-09-21,Tracking Issue,Low,Tracking information unavailable,Shipping Migration
T4343,C56978,2026-09-21,Tracking Issue,Medium,Tracking information unavailable,Shipping Migration
T4344,C41909,2026-09-21,Package Missing,Medium,Shipment lost,Shipping Migration
T4345,C16544,2026-09-21,Tracking Issue,Medium,Cannot locate shipment,Shipping Migration
T4346,C7750,2026-09-21,Package Missing,Low,Order missing,Shipping Migration
T4347,C25413,2026-09-21,Late Delivery,Low,Delivery took too long,Shipping Migration
T4348,C96405,2026-09-21,Tracking Issue,Medium,Tracking not updating,Shipping Migration
T4349,C96482,2026-09-21,Late Delivery,Medium,Package arrived very late,Shipping Migration
T4350,C22943,2026-09-21,Late Delivery,Low,Package arrived very late,Shipping Migration
T4351,C48193,2026-09-21,Tracking Issue,Low,Tracking not updating,Shipping Migration
T4352,C64006,2026-09-21,Late Delivery,Low,Package arrived very late,Shipping Migration
T4353,C59184,2026-09-21,Package Missing,High,Order missing,Shipping Migration
T4354,C81987,2026-09-21,Package Missing,Medium,Shipment lost,Shipping Migration
T4355,C69695,2026-09-21,Package Missing,Medium,Order missing,Shipping Migration
T4356,C46409,2026-09-21,Package Missing,High,Order missing,Shipping Migration
T4357,C9279,2026-09-21,Late Delivery,Medium,Package arrived very late,Shipping Migration
T4358,C33540,2026-09-21,Tracking Issue,Low,Tracking information unavailable,Shipping Migration
T4359,C73704,2026-09-21,Package Missing,Low,Shipment lost,Shipping Migration
T4360,C26808,2026-09-21,Tracking Issue,Medium,Tracking not updating,Shipping Migration
T4361,C19054,2026-09-21,Tracking Issue,High,Tracking not updating,Shipping Migration
T4362,C86299,2026-09-21,Package Missing,Medium,Shipment lost,Shipping Migration
T4363,C94244,2026-09-22,Package Missing,High,Shipment lost,Shipping Migration
T4364,C34711,2026-09-22,Late Delivery,Low,Order delayed,Shipping Migration
T4365,C49250,2026-09-22,Tracking Issue,High,Cannot locate shipment,Shipping Migration
T4366,C70684,2026-09-22,Late Delivery,Low,Package arrived very late,Shipping Migration
T4367,C38346,2026-09-22,Tracking Issue,Low,Cannot locate shipment,Shipping Migration
T4368,C79305,2026-09-22,Package Missing,Medium,Package never arrived,Shipping Migration
T4369,C35392,2026-09-22,Tracking Issue,Medium,Tracking not updating,Shipping Migration
T4370,C95321,2026-09-22,Package Missing,Low,Package never arrived,Shipping Migration
T4371,C3879,2026-09-22,Package Missing,Low,Package never arrived,Shipping Migration
T4372,C51307,2026-09-22,Late Delivery,Medium,Package arrived very late,Shipping Migration
T4373,C59186,2026-09-22,Package Missing,Low,Order missing,Shipping Migration
T4374,C21200,2026-09-22,Package Missing,Low,Shipment lost,Shipping Migration
T4375,C30494,2026-09-22,Late Delivery,High,Order delayed,Shipping Migration
T4376,C67603,2026-09-22,Late Delivery,High,Delivery took too long,Shipping Migration
T4377,C61073,2026-09-22,Package Missing,Medium,Package never arrived,Shipping Migration
T4378,C38550,2026-09-22,Late Delivery,High,Delivery took too long,Shipping Migration
T4379,C43168,2026-09-22,Tracking Issue,Medium,Tracking information unavailable,Shipping Migration
T4380,C10708,2026-09-22,Tracking Issue,Medium,Tracking not updating,Shipping Migration
T4381,C82037,2026-09-22,Package Missing,Medium,Shipment lost,Shipping Migration
T4382,C5831,2026-09-22,Tracking Issue,High,Cannot locate shipment,Shipping Migration
T4383,C84043,2026-09-22,Tracking Issue,Low,Tracking not updating,Shipping Migration
T4384,C95003,2026-09-22,Tracking Issue,Low,Cannot locate shipment,Shipping Migration
T4385,C23372,2026-09-22,Tracking Issue,Low,Cannot locate shipment,Shipping Migration
T4386,C19196,2026-09-22,Tracking Issue,Medium,Tracking not updating,Shipping Migration
T4387,C41582,2026-09-22,Late Delivery,Low,Delivery took too long,Shipping Migration
T4388,C75266,2026-09-22,Package Missing,Low,Shipment lost,Shipping Migration
T4389,C22185,2026-09-22,Package Missing,Low,Package never arrived,Shipping Migration
T4390,C62246,2026-09-22,Tracking Issue,Low,Cannot locate shipment,Shipping Migration
T4391,C43999,2026-09-22,Package Missing,High,Shipment lost,Shipping Migration
T4392,C23558,2026-09-22,Late Delivery,Medium,Package arrived very late,Shipping Migration
T4393,C85514,2026-09-22,Late Delivery,High,Delivery took too long,Shipping Migration
T4394,C24401,2026-09-23,Late Delivery,Low,Package arrived very late,Shipping Migration
T4395,C21741,2026-09-23,Late Delivery,Low,Delivery took too long,Shipping Migration
T4396,C59683,2026-09-23,Tracking Issue,Medium,Tracking not updating,Shipping Migration
T4397,C88891,2026-09-23,Late Delivery,High,Delivery took too long,Shipping Migration
T4398,C66536,2026-09-23,Late Delivery,Medium,Order delayed,Shipping Migration
T4399,C54505,2026-09-23,Package Missing,Low,Order missing,Shipping Migration
T4400,C92058,2026-09-23,Package Missing,Medium,Shipment lost,Shipping Migration
T4401,C13080,2026-09-23,Package Missing,Low,Shipment lost,Shipping Migration
T4402,C12553,2026-09-23,Tracking Issue,Low,Tracking not updating,Shipping Migration
T4403,C70064,2026-09-23,Late Delivery,High,Delivery took too long,Shipping Migration
T4404,C528,2026-09-23,Late Delivery,Medium,Delivery took too long,Shipping Migration
T4405,C93317,2026-09-23,Package Missing,Medium,Package never arrived,Shipping Migration
T4406,C92230,2026-09-23,Late Delivery,Medium,Delivery took too long,Shipping Migration
T4407,C3324,2026-09-23,Tracking Issue,Low,Tracking not updating,Shipping Migration
T4408,C15438,2026-09-23,Tracking Issue,High,Tracking not updating,Shipping Migration
T4409,C13488,2026-09-23,Late Delivery,Medium,Package arrived very late,Shipping Migration
T4410,C21306,2026-09-23,Late Delivery,Low,Order delayed,Shipping Migration
T4411,C33771,2026-09-23,Tracking Issue,Low,Cannot locate shipment,Shipping Migration
T4412,C55620,2026-09-23,Package Missing,Medium,Package never arrived,Shipping Migration
T4413,C40123,2026-09-23,Package Missing,Medium,Shipment lost,Shipping Migration
T4414,C51045,2026-09-24,Late Delivery,High,Order delayed,Shipping Migration
T4415,C90503,2026-09-24,Package Missing,High,Order missing,Shipping Migration
T4416,C71154,2026-09-24,Package Missing,High,Package never arrived,Shipping Migration
T4417,C5306,2026-09-24,Package Missing,Medium,Shipment lost,Shipping Migration
T4418,C63091,2026-09-24,Package Missing,Low,Package never arrived,Shipping Migration
T4419,C42643,2026-09-24,Tracking Issue,Medium,Tracking information unavailable,Shipping Migration
T4420,C6679,2026-09-24,Late Delivery,Low,Order delayed,Shipping Migration
T4421,C44186,2026-09-24,Late Delivery,High,Delivery took too long,Shipping Migration
T4422,C81214,2026-09-24,Late Delivery,High,Order delayed,Shipping Migration
T4423,C77282,2026-09-24,Package Missing,Low,Shipment lost,Shipping Migration
T4424,C27313,2026-09-24,Package Missing,Low,Shipment lost,Shipping Migration
T4425,C60047,2026-09-24,Late Delivery,High,Delivery took too long,Shipping Migration
T4426,C64043,2026-09-24,Late Delivery,Medium,Order delayed,Shipping Migration
T4427,C31958,2026-09-24,Tracking Issue,High,Tracking not updating,Shipping Migration
T4428,C19694,2026-09-24,Package Missing,High,Order missing,Shipping Migration
T4429,C10761,2026-09-24,Package Missing,Low,Package never arrived,Shipping Migration
T4430,C35707,2026-09-24,Package Missing,High,Order missing,Shipping Migration
T4431,C34144,2026-09-24,Tracking Issue,Medium,Tracking not updating,Shipping Migration
T4432,C63926,2026-09-24,Late Delivery,Low,Order delayed,Shipping Migration
T4433,C49632,2026-09-24,Late Delivery,High,Package arrived very late,Shipping Migration
T4434,C11566,2026-09-24,Package Missing,Low,Shipment lost,Shipping Migration
T4435,C65715,2026-09-24,Late Delivery,Low,Order delayed,Shipping Migration
T4436,C97450,2026-09-24,Late Delivery,Low,Package arrived very late,Shipping Migration
T4437,C61903,2026-09-24,Tracking Issue,Low,Cannot locate shipment,Shipping Migration
T4438,C930,2026-09-24,Package Missing,Medium,Order missing,Shipping Migration
T4439,C13581,2026-09-24,Tracking Issue,Medium,Tracking information unavailable,Shipping Migration
T4440,C13528,2026-09-25,Package Missing,Low,Package never arrived,Shipping Migration
T4441,C41058,2026-09-25,Tracking Issue,Low,Tracking not updating,Shipping Migration
T4442,C70913,2026-09-25,Tracking Issue,Low,Tracking not updating,Shipping Migration
T4443,C22450,2026-09-25,Package Missing,Low,Order missing,Shipping Migration
T4444,C77200,2026-09-25,Late Delivery,Medium,Delivery took too long,Shipping Migration
T4445,C69429,2026-09-25,Tracking Issue,Low,Tracking information unavailable,Shipping Migration
T4446,C16120,2026-09-25,Late Delivery,Low,Order delayed,Shipping Migration
T4447,C52968,2026-09-25,Tracking Issue,Medium,Tracking information unavailable,Shipping Migration
T4448,C6669,2026-09-25,Late Delivery,Medium,Delivery took too long,Shipping Migration
T4449,C57996,2026-09-25,Package Missing,Low,Shipment lost,Shipping Migration
T4450,C16077,2026-09-25,Tracking Issue,Medium,Tracking not updating,Shipping Migration
T4451,C27107,2026-09-25,Tracking Issue,Low,Tracking information unavailable,Shipping Migration
T4452,C94770,2026-09-25,Package Missing,Medium,Shipment lost,Shipping Migration
T4453,C74711,2026-09-25,Tracking Issue,Medium,Tracking information unavailable,Shipping Migration
T4454,C53077,2026-09-25,Tracking Issue,Medium,Tracking information unavailable,Shipping Migration
T4455,C99993,2026-09-25,Package Missing,Medium,Order missing,Shipping Migration
T4456,C89200,2026-09-25,Package Missing,Medium,Order missing,Shipping Migration
T4457,C40310,2026-09-25,Late Delivery,High,Package arrived very late,Shipping Migration
T4458,C61411,2026-09-25,Package Missing,High,Shipment lost,Shipping Migration
T4459,C83407,2026-09-25,Package Missing,Medium,Order missing,Shipping Migration
T4460,C76575,2026-09-25,Late Delivery,Low,Package arrived very late,Shipping Migration
T4461,C69286,2026-09-25,Late Delivery,Low,Delivery took too long,Shipping Migration
T4462,C23440,2026-09-25,Tracking Issue,Medium,Tracking not updating,Shipping Migration
T4463,C44918,2026-09-25,Late Delivery,High,Delivery took too long,Shipping Migration
T4464,C41197,2026-09-25,Package Missing,High,Order missing,Shipping Migration
T4465,C32400,2026-09-25,Package Missing,Low,Package never arrived,Shipping Migration
T4466,C49532,2026-09-25,Tracking Issue,Low,Tracking not updating,Shipping Migration
T4467,C60343,2026-09-25,Tracking Issue,Low,Tracking not updating,Shipping Migration
T4468,C58071,2026-09-25,Tracking Issue,Medium,Tracking information unavailable,Shipping Migration
T4469,C70442,2026-09-26,Late Delivery,Low,Order delayed,Shipping Migration
T4470,C89043,2026-09-26,Tracking Issue,Low,Tracking information unavailable,Shipping Migration
T4471,C61519,2026-09-26,Tracking Issue,Low,Cannot locate shipment,Shipping Migration
T4472,C1095,2026-09-26,Tracking Issue,Low,Cannot locate shipment,Shipping Migration
T4473,C92784,2026-09-26,Package Missing,Medium,Package never arrived,Shipping Migration
T4474,C4935,2026-09-26,Late Delivery,Medium,Delivery took too long,Shipping Migration
T4475,C95353,2026-09-26,Tracking Issue,Low,Tracking not updating,Shipping Migration
T4476,C57185,2026-09-26,Tracking Issue,Low,Tracking information unavailable,Shipping Migration
T4477,C7140,2026-09-26,Tracking Issue,Medium,Tracking not updating,Shipping Migration
T4478,C38109,2026-09-26,Tracking Issue,Low,Tracking information unavailable,Shipping Migration
T4479,C63373,2026-09-26,Tracking Issue,Medium,Cannot locate shipment,Shipping Migration
T4480,C7995,2026-09-26,Package Missing,Medium,Shipment lost,Shipping Migration
T4481,C6230,2026-09-26,Tracking Issue,Medium,Tracking information unavailable,Shipping Migration
T4482,C44790,2026-09-26,Late Delivery,High,Order delayed,Shipping Migration
T4483,C9525,2026-09-26,Tracking Issue,Low,Tracking information unavailable,Shipping Migration
T4484,C86763,2026-09-26,Tracking Issue,Medium,Tracking not updating,Shipping Migration
T4485,C54204,2026-09-26,Package Missing,Low,Order missing,Shipping Migration
T4486,C53239,2026-09-26,Package Missing,Medium,Order missing,Shipping Migration
T4487,C96368,2026-09-26,Package Missing,Medium,Shipment lost,Shipping Migration
T4488,C21962,2026-09-26,Package Missing,Low,Package never arrived,Shipping Migration
T4489,C1245,2026-09-26,Package Missing,High,Shipment lost,Shipping Migration
T4490,C77220,2026-09-26,Tracking Issue,Medium,Tracking information unavailable,Shipping Migration
T4491,C44939,2026-09-26,Late Delivery,Low,Delivery took too long,Shipping Migration
T4492,C47081,2026-09-26,Package Missing,Low,Order missing,Shipping Migration
T4493,C24261,2026-09-26,Tracking Issue,Medium,Tracking not updating,Shipping Migration
T4494,C41192,2026-09-26,Late Delivery,Medium,Package arrived very late,Shipping Migration
T4495,C88488,2026-09-26,Late Delivery,Low,Delivery took too long,Shipping Migration
T4496,C73307,2026-09-26,Late Delivery,Low,Package arrived very late,Shipping Migration
T4497,C11241,2026-09-26,Tracking Issue,Medium,Tracking information unavailable,Shipping Migration
T4498,C17333,2026-09-26,Late Delivery,High,Package arrived very late,Shipping Migration
T4499,C88203,2026-09-26,Tracking Issue,Low,Tracking not updating,Shipping Migration
T4500,C39421,2026-09-26,Tracking Issue,Medium,Tracking not updating,Shipping Migration
T4501,C41253,2026-09-26,Late Delivery,Low,Delivery took too long,Shipping Migration
T4502,C8464,2026-09-27,Package Missing,Low,Shipment lost,Shipping Migration
T4503,C85095,2026-09-27,Package Missing,High,Shipment lost,Shipping Migration
T4504,C35940,2026-09-27,Tracking Issue,Medium,Tracking information unavailable,Shipping Migration
T4505,C26171,2026-09-27,Package Missing,Low,Package never arrived,Shipping Migration
T4506,C44545,2026-09-27,Package Missing,Low,Order missing,Shipping Migration
T4507,C590,2026-09-27,Late Delivery,Low,Package arrived very late,Shipping Migration
T4508,C83911,2026-09-27,Tracking Issue,Low,Tracking not updating,Shipping Migration
T4509,C2867,2026-09-27,Tracking Issue,Low,Cannot locate shipment,Shipping Migration
T4510,C53375,2026-09-27,Late Delivery,High,Order delayed,Shipping Migration
T4511,C90153,2026-09-27,Late Delivery,Medium,Package arrived very late,Shipping Migration
T4512,C45098,2026-09-27,Late Delivery,Medium,Order delayed,Shipping Migration
T4513,C91412,2026-09-27,Tracking Issue,High,Tracking information unavailable,Shipping Migration
T4514,C92559,2026-09-27,Late Delivery,High,Package arrived very late,Shipping Migration
T4515,C98885,2026-09-27,Tracking Issue,Low,Tracking information unavailable,Shipping Migration
T4516,C9942,2026-09-27,Tracking Issue,Medium,Cannot locate shipment,Shipping Migration
T4517,C50547,2026-09-27,Package Missing,Low,Package never arrived,Shipping Migration
T4518,C86497,2026-09-27,Package Missing,Low,Order missing,Shipping Migration
T4519,C42079,2026-09-27,Package Missing,Low,Order missing,Shipping Migration
T4520,C26402,2026-09-27,Late Delivery,Medium,Delivery took too long,Shipping Migration
T4521,C98695,2026-09-27,Tracking Issue,Low,Cannot locate shipment,Shipping Migration
T4522,C13571,2026-09-27,Package Missing,Low,Package never arrived,Shipping Migration
T4523,C26724,2026-09-27,Package Missing,Low,Order missing,Shipping Migration
T4524,C93938,2026-09-27,Tracking Issue,Medium,Tracking information unavailable,Shipping Migration
T4525,C39674,2026-09-27,Package Missing,Low,Shipment lost,Shipping Migration
T4526,C9623,2026-09-27,Tracking Issue,Low,Tracking not updating,Shipping Migration
T4527,C92247,2026-09-28,Tracking Issue,Medium,Tracking not updating,Shipping Migration
T4528,C93330,2026-09-28,Late Delivery,High,Delivery took too long,Shipping Migration
T4529,C28289,2026-09-28,Tracking Issue,Medium,Tracking not updating,Shipping Migration
T4530,C57327,2026-09-28,Late Delivery,Low,Package arrived very late,Shipping Migration
T4531,C74311,2026-09-28,Package Missing,High,Order missing,Shipping Migration
T4532,C50338,2026-09-28,Package Missing,High,Shipment lost,Shipping Migration
T4533,C93939,2026-09-28,Late Delivery,Medium,Order delayed,Shipping Migration
T4534,C59671,2026-09-28,Package Missing,Low,Package never arrived,Shipping Migration
T4535,C6108,2026-09-28,Package Missing,Low,Order missing,Shipping Migration
T4536,C31609,2026-09-28,Tracking Issue,Low,Tracking information unavailable,Shipping Migration
T4537,C83001,2026-09-28,Package Missing,Medium,Shipment lost,Shipping Migration
T4538,C47548,2026-09-28,Package Missing,High,Package never arrived,Shipping Migration
T4539,C53026,2026-09-28,Package Missing,Low,Shipment lost,Shipping Migration
T4540,C18461,2026-09-28,Late Delivery,Medium,Package arrived very late,Shipping Migration
T4541,C98377,2026-09-28,Package Missing,Low,Order missing,Shipping Migration
T4542,C7718,2026-09-28,Tracking Issue,Low,Tracking information unavailable,Shipping Migration
T4543,C51646,2026-09-28,Tracking Issue,Medium,Tracking information unavailable,Shipping Migration
T4544,C98040,2026-09-28,Late Delivery,Medium,Order delayed,Shipping Migration
T4545,C79615,2026-09-28,Late Delivery,Low,Delivery took too long,Shipping Migration
T4546,C32533,2026-09-28,Package Missing,High,Order missing,Shipping Migration
T4547,C55943,2026-09-28,Late Delivery,Medium,Package arrived very late,Shipping Migration
T4548,C2439,2026-09-28,Package Missing,Medium,Package never arrived,Shipping Migration
T4549,C16984,2026-09-28,Tracking Issue,Low,Tracking not updating,Shipping Migration
T4550,C57014,2026-09-28,Tracking Issue,Medium,Tracking information unavailable,Shipping Migration
T4551,C67714,2026-09-28,Late Delivery,Medium,Delivery took too long,Shipping Migration
T4552,C67183,2026-09-28,Package Missing,Low,Package never arrived,Shipping Migration
T4553,C26516,2026-09-28,Late Delivery,Low,Delivery took too long,Shipping Migration
T4554,C93144,2026-09-28,Package Missing,High,Package never arrived,Shipping Migration
T4555,C95850,2026-09-28,Package Missing,Low,Shipment lost,Shipping Migration
T4556,C56909,2026-09-28,Package Missing,Low,Package never arrived,Shipping Migration
T4557,C94049,2026-09-28,Late Delivery,Low,Package arrived very late,Shipping Migration
T4558,C28775,2026-09-28,Late Delivery,High,Package arrived very late,Shipping Migration
T4559,C81164,2026-09-28,Package Missing,Medium,Order missing,Shipping Migration
T4560,C36080,2026-09-29,Package Missing,High,Shipment lost,Shipping Migration
T4561,C61830,2026-09-29,Package Missing,Low,Order missing,Shipping Migration
T4562,C36499,2026-09-29,Package Missing,Low,Order missing,Shipping Migration
T4563,C85412,2026-09-29,Tracking Issue,Low,Tracking information unavailable,Shipping Migration
T4564,C50326,2026-09-29,Package Missing,Low,Package never arrived,Shipping Migration
T4565,C45707,2026-09-29,Package Missing,High,Shipment lost,Shipping Migration
T4566,C91435,2026-09-29,Package Missing,Low,Package never arrived,Shipping Migration
T4567,C53679,2026-09-29,Tracking Issue,Low,Tracking information unavailable,Shipping Migration
T4568,C3802,2026-09-29,Tracking Issue,Medium,Cannot locate shipment,Shipping Migration
T4569,C82820,2026-09-29,Tracking Issue,Medium,Tracking information unavailable,Shipping Migration
T4570,C18638,2026-09-29,Package Missing,Medium,Package never arrived,Shipping Migration
T4571,C56173,2026-09-29,Package Missing,Low,Shipment lost,Shipping Migration
T4572,C99318,2026-09-29,Package Missing,Low,Shipment lost,Shipping Migration
T4573,C4804,2026-09-29,Tracking Issue,Medium,Tracking not updating,Shipping Migration
T4574,C28635,2026-09-29,Package Missing,Medium,Package never arrived,Shipping Migration
T4575,C45776,2026-09-29,Package Missing,Medium,Shipment lost,Shipping Migration
T4576,C66104,2026-09-29,Late Delivery,Low,Delivery took too long,Shipping Migration
T4577,C40889,2026-09-29,Tracking Issue,Low,Cannot locate shipment,Shipping Migration
T4578,C45956,2026-09-29,Package Missing,Low,Package never arrived,Shipping Migration
T4579,C79119,2026-09-29,Late Delivery,Medium,Delivery took too long,Shipping Migration
T4580,C15379,2026-09-29,Package Missing,Medium,Order missing,Shipping Migration
T4581,C7313,2026-09-29,Late Delivery,High,Package arrived very late,Shipping Migration
T4582,C16193,2026-09-29,Package Missing,Low,Order missing,Shipping Migration
T4583,C98992,2026-09-29,Package Missing,Low,Package never arrived,Shipping Migration
T4584,C31287,2026-09-29,Tracking Issue,Medium,Cannot locate shipment,Shipping Migration
T4585,C64015,2026-09-29,Late Delivery,Low,Package arrived very late,Shipping Migration
T4586,C98744,2026-09-29,Late Delivery,Low,Package arrived very late,Shipping Migration
T4587,C17638,2026-09-29,Tracking Issue,Low,Cannot locate shipment,Shipping Migration
T4588,C27300,2026-09-30,Tracking Issue,Medium,Cannot locate shipment,Shipping Migration
T4589,C94484,2026-09-30,Tracking Issue,Medium,Tracking information unavailable,Shipping Migration
T4590,C83633,2026-09-30,Tracking Issue,Medium,Cannot locate shipment,Shipping Migration
T4591,C86827,2026-09-30,Tracking Issue,Low,Tracking not updating,Shipping Migration
T4592,C32353,2026-09-30,Late Delivery,Medium,Package arrived very late,Shipping Migration
T4593,C48991,2026-09-30,Late Delivery,High,Delivery took too long,Shipping Migration
T4594,C94871,2026-09-30,Package Missing,Low,Shipment lost,Shipping Migration
T4595,C29252,2026-09-30,Package Missing,Low,Shipment lost,Shipping Migration
T4596,C52621,2026-09-30,Tracking Issue,Low,Tracking information unavailable,Shipping Migration
T4597,C13163,2026-09-30,Tracking Issue,Low,Tracking not updating,Shipping Migration
T4598,C5038,2026-09-30,Late Delivery,Medium,Delivery took too long,Shipping Migration
T4599,C92163,2026-09-30,Package Missing,Low,Shipment lost,Shipping Migration
T4600,C96952,2026-09-30,Late Delivery,Medium,Delivery took too long,Shipping Migration
T4601,C97230,2026-09-30,Tracking Issue,Medium,Tracking information unavailable,Shipping Migration
T4602,C42691,2026-09-30,Late Delivery,Medium,Delivery took too long,Shipping Migration
T4603,C60310,2026-09-30,Late Delivery,Low,Order delayed,Shipping Migration
T4604,C8105,2026-09-30,Tracking Issue,Medium,Tracking information unavailable,Shipping Migration
T4605,C74991,2026-09-30,Late Delivery,Medium,Package arrived very late,Shipping Migration
T4606,C90299,2026-09-30,Package Missing,Medium,Shipment lost,Shipping Migration
T4607,C62724,2026-09-30,Late Delivery,High,Delivery took too long,Shipping Migration
T4608,C29603,2026-09-30,Package Missing,Low,Package never arrived,Shipping Migration
T4609,C6675,2026-09-30,Package Missing,Low,Package never arrived,Shipping Migration
T4610,C1964,2026-09-30,Package Missing,Low,Package never arrived,Shipping Migration
T4611,C11161,2026-09-30,Tracking Issue,Medium,Tracking not updating,Shipping Migration
T4612,C29608,2026-09-30,Tracking Issue,Low,Cannot locate shipment,Shipping Migration
T4613,C76152,2026-09-30,Package Missing,Low,Shipment lost,Shipping Migration
T4614,C73968,2026-09-30,Tracking Issue,Medium,Cannot locate shipment,Shipping Migration
T4615,C72023,2026-09-30,Late Delivery,Low,Delivery took too long,Shipping Migration
T4616,C48717,2026-09-30,Tracking Issue,High,Cannot locate shipment,Shipping Migration
T4617,C70780,2026-09-30,Package Missing,Medium,Package never arrived,Shipping Migration
T4618,C9889,2026-09-30,Late Delivery,Medium,Delivery took too long,Shipping Migration
T4619,C15936,2026-09-30,Package Missing,Medium,Order missing,Shipping Migration
T4620,C46033,2026-09-30,Package Missing,High,Package never arrived,Shipping Migration
T4621,C20141,2026-10-01,Refund Request,Medium,Customer requested refund,Normal Operations
T4622,C24062,2026-10-01,Order Tracking,Low,Order status not updated,Normal Operations
T4623,C91116,2026-10-01,Account Question,High,Account related inquiry,Normal Operations
T4624,C62350,2026-10-01,Order Tracking,Low,Need tracking information,Normal Operations
T4625,C23619,2026-10-01,Order Tracking,Medium,Need tracking information,Normal Operations
T4626,C24155,2026-10-01,Order Tracking,Medium,Need tracking information,Normal Operations
T4627,C75282,2026-10-01,Refund Request,Low,Refund not processed,Normal Operations
T4628,C35920,2026-10-01,Account Question,Low,Question regarding account settings,Normal Operations
T4629,C98017,2026-10-01,Order Tracking,Medium,Order status not updated,Normal Operations
T4630,C49712,2026-10-01,Refund Request,Medium,Customer requested refund,Normal Operations
T4631,C4436,2026-10-02,Product Inquiry,High,Need more product information,Normal Operations
T4632,C86090,2026-10-02,Return Request,Low,Return process inquiry,Normal Operations
T4633,C89781,2026-10-02,Account Question,Medium,Unable to update account information,Normal Operations
T4634,C42206,2026-10-02,Return Request,High,Need assistance with return,Normal Operations
T4635,C28023,2026-10-02,Account Question,Low,Unable to update account information,Normal Operations
T4636,C88149,2026-10-02,Product Inquiry,Medium,Need more product information,Normal Operations
T4637,C84419,2026-10-02,Refund Request,High,Customer requested refund,Normal Operations
T4638,C33800,2026-10-02,Refund Request,Medium,Refund not processed,Normal Operations
T4639,C28976,2026-10-02,Return Request,High,Need assistance with return,Normal Operations
T4640,C69940,2026-10-02,Refund Request,Medium,Refund not processed,Normal Operations
T4641,C52541,2026-10-02,Return Request,Low,Need assistance with return,Normal Operations
T4642,C29871,2026-10-02,Order Tracking,Low,Order status not updated,Normal Operations
T4643,C57256,2026-10-02,Product Inquiry,High,Inquiry regarding product availability,Normal Operations
T4644,C26380,2026-10-02,Product Inquiry,Medium,Question about product specifications,Normal Operations
T4645,C6591,2026-10-03,Order Tracking,High,Order status not updated,Normal Operations
T4646,C95030,2026-10-03,Refund Request,Low,Refund not processed,Normal Operations
T4647,C33763,2026-10-03,Product Inquiry,Medium,Inquiry regarding product availability,Normal Operations
T4648,C86688,2026-10-03,Account Question,High,Account related inquiry,Normal Operations
T4649,C65127,2026-10-03,Product Inquiry,High,Question about product specifications,Normal Operations
T4650,C55362,2026-10-03,Order Tracking,Medium,Need tracking information,Normal Operations
T4651,C67785,2026-10-03,Product Inquiry,Low,Question about product specifications,Normal Operations
T4652,C9896,2026-10-03,Product Inquiry,Low,Inquiry regarding product availability,Normal Operations
T4653,C28039,2026-10-03,Order Tracking,High,Need tracking information,Normal Operations
T4654,C77609,2026-10-03,Refund Request,Medium,Refund not processed,Normal Operations
T4655,C42748,2026-10-04,Return Request,Medium,Need assistance with return,Normal Operations
T4656,C72995,2026-10-04,Refund Request,Low,Customer requested refund,Normal Operations
T4657,C85572,2026-10-04,Account Question,Medium,Account related inquiry,Normal Operations
T4658,C59966,2026-10-04,Refund Request,Low,Customer requested refund,Normal Operations
T4659,C66891,2026-10-04,Return Request,Low,Return process inquiry,Normal Operations
T4660,C88092,2026-10-04,Order Tracking,Medium,Need tracking information,Normal Operations
T4661,C8692,2026-10-04,Return Request,Medium,Customer wants to return product,Normal Operations
T4662,C60467,2026-10-04,Account Question,Medium,Question regarding account settings,Normal Operations
T4663,C94437,2026-10-04,Account Question,High,Unable to update account information,Normal Operations
T4664,C44489,2026-10-04,Order Tracking,Low,Order status not updated,Normal Operations
T4665,C20654,2026-10-05,Account Question,Medium,Unable to update account information,Normal Operations
T4666,C37683,2026-10-05,Account Question,Medium,Question regarding account settings,Normal Operations
T4667,C80566,2026-10-05,Account Question,Medium,Unable to update account information,Normal Operations
T4668,C85097,2026-10-05,Product Inquiry,Low,Need more product information,Normal Operations
T4669,C17131,2026-10-05,Product Inquiry,Medium,Inquiry regarding product availability,Normal Operations
T4670,C41395,2026-10-05,Refund Request,Medium,Refund not processed,Normal Operations
T4671,C72630,2026-10-05,Order Tracking,Medium,Need tracking information,Normal Operations
T4672,C36115,2026-10-05,Order Tracking,High,Order status not updated,Normal Operations
T4673,C10305,2026-10-05,Refund Request,Medium,Customer requested refund,Normal Operations
T4674,C97268,2026-10-05,Return Request,Low,Customer wants to return product,Normal Operations
T4675,C46973,2026-10-05,Refund Request,High,Refund not processed,Normal Operations
T4676,C22855,2026-10-05,Order Tracking,High,Need tracking information,Normal Operations
T4677,C57104,2026-10-05,Order Tracking,Low,Order status not updated,Normal Operations
T4678,C72555,2026-10-05,Account Question,Low,Account related inquiry,Normal Operations
T4679,C58787,2026-10-06,Refund Request,Low,Requesting refund for recent purchase,Normal Operations
T4680,C65212,2026-10-06,Return Request,Low,Return process inquiry,Normal Operations
T4681,C90418,2026-10-06,Order Tracking,High,Need tracking information,Normal Operations
T4682,C90976,2026-10-06,Account Question,High,Account related inquiry,Normal Operations
T4683,C57056,2026-10-06,Refund Request,Low,Refund not processed,Normal Operations
T4684,C84835,2026-10-06,Return Request,High,Need assistance with return,Normal Operations
T4685,C46905,2026-10-06,Refund Request,High,Customer requested refund,Normal Operations
T4686,C96046,2026-10-06,Account Question,Low,Question regarding account settings,Normal Operations
T4687,C859,2026-10-06,Order Tracking,Medium,Order status not updated,Normal Operations
T4688,C58771,2026-10-06,Account Question,Medium,Question regarding account settings,Normal Operations
T4689,C11395,2026-10-06,Order Tracking,Low,Need tracking information,Normal Operations
T4690,C77319,2026-10-06,Account Question,Low,Question regarding account settings,Normal Operations
T4691,C77167,2026-10-06,Refund Request,High,Requesting refund for recent purchase,Normal Operations
T4692,C48242,2026-10-07,Refund Request,Low,Refund not processed,Normal Operations
T4693,C34529,2026-10-07,Return Request,Low,Return process inquiry,Normal Operations
T4694,C54934,2026-10-07,Account Question,Medium,Question regarding account settings,Normal Operations
T4695,C41004,2026-10-07,Return Request,Low,Need assistance with return,Normal Operations
T4696,C96630,2026-10-07,Account Question,Medium,Question regarding account settings,Normal Operations
T4697,C83036,2026-10-07,Product Inquiry,High,Question about product specifications,Normal Operations
T4698,C54516,2026-10-07,Product Inquiry,Medium,Question about product specifications,Normal Operations
T4699,C51903,2026-10-07,Refund Request,Medium,Refund not processed,Normal Operations
T4700,C49601,2026-10-07,Product Inquiry,Medium,Question about product specifications,Normal Operations
T4701,C74526,2026-10-07,Account Question,Low,Question regarding account settings,Normal Operations
T4702,C23141,2026-10-08,Order Tracking,Medium,Order status not updated,Normal Operations
T4703,C12936,2026-10-08,Product Inquiry,Medium,Need more product information,Normal Operations
T4704,C27938,2026-10-08,Return Request,Medium,Customer wants to return product,Normal Operations
T4705,C77234,2026-10-08,Return Request,Medium,Return process inquiry,Normal Operations
T4706,C87274,2026-10-08,Refund Request,Medium,Customer requested refund,Normal Operations
T4707,C76096,2026-10-08,Order Tracking,Medium,Need tracking information,Normal Operations
T4708,C77196,2026-10-08,Order Tracking,Medium,Unable to track order,Normal Operations
T4709,C54022,2026-10-08,Refund Request,Low,Customer requested refund,Normal Operations
T4710,C81647,2026-10-08,Return Request,Low,Customer wants to return product,Normal Operations
T4711,C7067,2026-10-08,Refund Request,Low,Customer requested refund,Normal Operations
T4712,C90046,2026-10-08,Account Question,Low,Unable to update account information,Normal Operations
T4713,C38102,2026-10-08,Order Tracking,High,Need tracking information,Normal Operations
T4714,C59229,2026-10-09,Order Tracking,Low,Need tracking information,Normal Operations
T4715,C11629,2026-10-09,Refund Request,High,Requesting refund for recent purchase,Normal Operations
T4716,C611,2026-10-09,Return Request,Medium,Need assistance with return,Normal Operations
T4717,C99771,2026-10-09,Return Request,High,Return process inquiry,Normal Operations
T4718,C51299,2026-10-09,Account Question,Low,Unable to update account information,Normal Operations
T4719,C42975,2026-10-09,Refund Request,Low,Customer requested refund,Normal Operations
T4720,C21602,2026-10-09,Order Tracking,High,Unable to track order,Normal Operations
T4721,C11247,2026-10-09,Return Request,Low,Customer wants to return product,Normal Operations
T4722,C51902,2026-10-09,Return Request,Low,Customer wants to return product,Normal Operations
T4723,C27679,2026-10-09,Product Inquiry,Low,Question about product specifications,Normal Operations
T4724,C48545,2026-10-10,Account Question,Low,Unable to update account information,Normal Operations
T4725,C7483,2026-10-10,Refund Request,Medium,Customer requested refund,Normal Operations
T4726,C800,2026-10-10,Refund Request,Low,Customer requested refund,Normal Operations
T4727,C9910,2026-10-10,Account Question,Medium,Question regarding account settings,Normal Operations
T4728,C79383,2026-10-10,Account Question,Medium,Account related inquiry,Normal Operations
T4729,C11409,2026-10-10,Product Inquiry,Medium,Need more product information,Normal Operations
T4730,C13602,2026-10-10,Order Tracking,Low,Order status not updated,Normal Operations
T4731,C18632,2026-10-10,Order Tracking,Medium,Unable to track order,Normal Operations
T4732,C27216,2026-10-10,Order Tracking,Medium,Need tracking information,Normal Operations
T4733,C14025,2026-10-10,Account Question,Low,Account related inquiry,Normal Operations
T4734,C97573,2026-10-11,Return Request,Low,Customer wants to return product,Normal Operations
T4735,C97772,2026-10-11,Product Inquiry,Medium,Inquiry regarding product availability,Normal Operations
T4736,C26249,2026-10-11,Return Request,Medium,Return process inquiry,Normal Operations
T4737,C83575,2026-10-11,Return Request,Low,Customer wants to return product,Normal Operations
T4738,C54177,2026-10-11,Order Tracking,Medium,Order status not updated,Normal Operations
T4739,C37186,2026-10-11,Product Inquiry,Medium,Inquiry regarding product availability,Normal Operations
T4740,C65985,2026-10-11,Return Request,Low,Customer wants to return product,Normal Operations
T4741,C48303,2026-10-11,Order Tracking,Medium,Need tracking information,Normal Operations
T4742,C98599,2026-10-11,Return Request,Medium,Customer wants to return product,Normal Operations
T4743,C57194,2026-10-11,Product Inquiry,Medium,Need more product information,Normal Operations
T4744,C50375,2026-10-11,Order Tracking,Low,Unable to track order,Normal Operations
T4745,C27576,2026-10-11,Return Request,Low,Need assistance with return,Normal Operations
T4746,C84030,2026-10-11,Product Inquiry,High,Need more product information,Normal Operations
T4747,C40069,2026-10-11,Product Inquiry,Low,Inquiry regarding product availability,Normal Operations
T4748,C43271,2026-10-12,Return Request,Low,Need assistance with return,Normal Operations
T4749,C3583,2026-10-12,Order Tracking,Medium,Unable to track order,Normal Operations
T4750,C97209,2026-10-12,Account Question,Medium,Question regarding account settings,Normal Operations
T4751,C59802,2026-10-12,Refund Request,High,Requesting refund for recent purchase,Normal Operations
T4752,C70411,2026-10-12,Product Inquiry,Medium,Question about product specifications,Normal Operations
T4753,C81752,2026-10-12,Order Tracking,Low,Unable to track order,Normal Operations
T4754,C6104,2026-10-12,Refund Request,Low,Requesting refund for recent purchase,Normal Operations
T4755,C83170,2026-10-12,Account Question,Low,Unable to update account information,Normal Operations
T4756,C78489,2026-10-12,Account Question,Medium,Question regarding account settings,Normal Operations
T4757,C54642,2026-10-12,Order Tracking,High,Order status not updated,Normal Operations
T4758,C59913,2026-10-12,Account Question,Medium,Question regarding account settings,Normal Operations
T4759,C32118,2026-10-12,Account Question,High,Account related inquiry,Normal Operations
T4760,C53097,2026-10-13,Order Tracking,Medium,Need tracking information,Normal Operations
T4761,C8042,2026-10-13,Account Question,Low,Unable to update account information,Normal Operations
T4762,C44471,2026-10-13,Product Inquiry,High,Inquiry regarding product availability,Normal Operations
T4763,C21662,2026-10-13,Product Inquiry,Medium,Question about product specifications,Normal Operations
T4764,C6031,2026-10-13,Return Request,Low,Need assistance with return,Normal Operations
T4765,C94585,2026-10-13,Account Question,Medium,Unable to update account information,Normal Operations
T4766,C3729,2026-10-13,Account Question,High,Account related inquiry,Normal Operations
T4767,C81381,2026-10-13,Product Inquiry,High,Need more product information,Normal Operations
T4768,C93006,2026-10-13,Product Inquiry,High,Question about product specifications,Normal Operations
T4769,C36974,2026-10-13,Account Question,Low,Unable to update account information,Normal Operations
T4770,C6090,2026-10-13,Account Question,Medium,Unable to update account information,Normal Operations
T4771,C29401,2026-10-13,Return Request,Medium,Return process inquiry,Normal Operations
T4772,C73599,2026-10-13,Return Request,Medium,Return process inquiry,Normal Operations
T4773,C93138,2026-10-14,Return Request,High,Customer wants to return product,Normal Operations
T4774,C30313,2026-10-14,Account Question,Medium,Question regarding account settings,Normal Operations
T4775,C36641,2026-10-14,Product Inquiry,High,Need more product information,Normal Operations
T4776,C36689,2026-10-14,Account Question,Low,Unable to update account information,Normal Operations
T4777,C24123,2026-10-14,Account Question,Medium,Question regarding account settings,Normal Operations
T4778,C42263,2026-10-14,Return Request,Low,Need assistance with return,Normal Operations
T4779,C86315,2026-10-14,Return Request,High,Customer wants to return product,Normal Operations
T4780,C17529,2026-10-14,Order Tracking,Low,Order status not updated,Normal Operations
T4781,C90939,2026-10-14,Product Inquiry,Low,Question about product specifications,Normal Operations
T4782,C94689,2026-10-14,Order Tracking,Low,Need tracking information,Normal Operations
T4783,C26710,2026-10-14,Account Question,High,Question regarding account settings,Normal Operations
T4784,C88919,2026-10-15,Product Inquiry,Low,Inquiry regarding product availability,Normal Operations
T4785,C12588,2026-10-15,Account Question,Medium,Account related inquiry,Normal Operations
T4786,C49152,2026-10-15,Order Tracking,Medium,Order status not updated,Normal Operations
T4787,C32700,2026-10-15,Return Request,High,Customer wants to return product,Normal Operations
T4788,C16945,2026-10-15,Account Question,Low,Unable to update account information,Normal Operations
T4789,C35192,2026-10-15,Return Request,Medium,Return process inquiry,Normal Operations
T4790,C33745,2026-10-15,Refund Request,Medium,Customer requested refund,Normal Operations
T4791,C32887,2026-10-15,Order Tracking,Low,Need tracking information,Normal Operations
T4792,C99220,2026-10-15,Return Request,Medium,Customer wants to return product,Normal Operations
T4793,C54778,2026-10-15,Product Inquiry,Medium,Inquiry regarding product availability,Normal Operations
T4794,C88760,2026-10-15,Order Tracking,Medium,Order status not updated,Normal Operations
T4795,C64737,2026-10-16,Account Question,Medium,Unable to update account information,Normal Operations
T4796,C4291,2026-10-16,Account Question,Medium,Question regarding account settings,Normal Operations
T4797,C67059,2026-10-16,Product Inquiry,Medium,Question about product specifications,Normal Operations
T4798,C34248,2026-10-16,Account Question,Medium,Question regarding account settings,Normal Operations
T4799,C61285,2026-10-16,Account Question,Medium,Question regarding account settings,Normal Operations
T4800,C79057,2026-10-16,Refund Request,Low,Requesting refund for recent purchase,Normal Operations
T4801,C62474,2026-10-16,Account Question,Medium,Question regarding account settings,Normal Operations
T4802,C87857,2026-10-16,Return Request,Medium,Return process inquiry,Normal Operations
T4803,C69564,2026-10-16,Product Inquiry,Low,Inquiry regarding product availability,Normal Operations
T4804,C2809,2026-10-16,Refund Request,Low,Customer requested refund,Normal Operations
T4805,C14621,2026-10-16,Refund Request,Low,Requesting refund for recent purchase,Normal Operations
T4806,C83340,2026-10-17,Order Tracking,Low,Unable to track order,Normal Operations
T4807,C91381,2026-10-17,Refund Request,Medium,Customer requested refund,Normal Operations
T4808,C36344,2026-10-17,Refund Request,Medium,Requesting refund for recent purchase,Normal Operations
T4809,C60003,2026-10-17,Order Tracking,Low,Order status not updated,Normal Operations
T4810,C89528,2026-10-17,Refund Request,Low,Refund not processed,Normal Operations
T4811,C926,2026-10-17,Refund Request,Low,Requesting refund for recent purchase,Normal Operations
T4812,C10770,2026-10-17,Order Tracking,Medium,Unable to track order,Normal Operations
T4813,C85718,2026-10-17,Return Request,Low,Customer wants to return product,Normal Operations
T4814,C81584,2026-10-17,Product Inquiry,Medium,Inquiry regarding product availability,Normal Operations
T4815,C60751,2026-10-17,Account Question,Low,Unable to update account information,Normal Operations
T4816,C32162,2026-10-17,Order Tracking,Medium,Need tracking information,Normal Operations
T4817,C70976,2026-10-17,Refund Request,Low,Customer requested refund,Normal Operations
T4818,C71020,2026-10-17,Refund Request,Medium,Customer requested refund,Normal Operations
T4819,C49672,2026-10-17,Account Question,Low,Account related inquiry,Normal Operations
T4820,C37870,2026-10-18,Account Question,Low,Question regarding account settings,Normal Operations
T4821,C36822,2026-10-18,Return Request,Medium,Need assistance with return,Normal Operations
T4822,C61006,2026-10-18,Order Tracking,Low,Unable to track order,Normal Operations
T4823,C94878,2026-10-18,Account Question,High,Account related inquiry,Normal Operations
T4824,C91957,2026-10-18,Return Request,Low,Customer wants to return product,Normal Operations
T4825,C42295,2026-10-18,Return Request,Low,Need assistance with return,Normal Operations
T4826,C35984,2026-10-18,Refund Request,Low,Requesting refund for recent purchase,Normal Operations
T4827,C88261,2026-10-18,Refund Request,Medium,Customer requested refund,Normal Operations
T4828,C14029,2026-10-18,Order Tracking,Medium,Order status not updated,Normal Operations
T4829,C84799,2026-10-18,Refund Request,Medium,Requesting refund for recent purchase,Normal Operations
T4830,C10835,2026-10-18,Account Question,High,Account related inquiry,Normal Operations
T4831,C73043,2026-10-19,Order Tracking,Low,Order status not updated,Normal Operations
T4832,C52486,2026-10-19,Refund Request,Medium,Customer requested refund,Normal Operations
T4833,C29099,2026-10-19,Account Question,High,Question regarding account settings,Normal Operations
T4834,C65255,2026-10-19,Return Request,Medium,Customer wants to return product,Normal Operations
T4835,C93914,2026-10-19,Account Question,High,Unable to update account information,Normal Operations
T4836,C9964,2026-10-19,Order Tracking,Low,Need tracking information,Normal Operations
T4837,C3262,2026-10-19,Refund Request,Low,Requesting refund for recent purchase,Normal Operations
T4838,C25758,2026-10-19,Account Question,Low,Unable to update account information,Normal Operations
T4839,C42400,2026-10-19,Refund Request,Low,Requesting refund for recent purchase,Normal Operations
T4840,C40833,2026-10-19,Refund Request,Medium,Customer requested refund,Normal Operations
T4841,C88673,2026-10-19,Return Request,Low,Need assistance with return,Normal Operations
T4842,C32358,2026-10-20,Account Question,Low,Account related inquiry,Normal Operations
T4843,C37430,2026-10-20,Return Request,Low,Return process inquiry,Normal Operations
T4844,C52205,2026-10-20,Return Request,Low,Return process inquiry,Normal Operations
T4845,C12203,2026-10-20,Return Request,Medium,Return process inquiry,Normal Operations
T4846,C18131,2026-10-20,Product Inquiry,Medium,Inquiry regarding product availability,Normal Operations
T4847,C60849,2026-10-20,Refund Request,Low,Customer requested refund,Normal Operations
T4848,C29382,2026-10-20,Product Inquiry,Medium,Inquiry regarding product availability,Normal Operations
T4849,C61979,2026-10-20,Return Request,High,Customer wants to return product,Normal Operations
T4850,C50217,2026-10-20,Refund Request,Medium,Requesting refund for recent purchase,Normal Operations
T4851,C61889,2026-10-20,Account Question,High,Account related inquiry,Normal Operations
T4852,C84404,2026-10-20,Order Tracking,High,Unable to track order,Normal Operations
T4853,C93892,2026-10-20,Order Tracking,Medium,Unable to track order,Normal Operations
T4854,C32325,2026-10-20,Product Inquiry,High,Question about product specifications,Normal Operations
T4855,C50791,2026-10-21,Product Inquiry,High,Need more product information,Normal Operations
T4856,C65697,2026-10-21,Refund Request,High,Requesting refund for recent purchase,Normal Operations
T4857,C24887,2026-10-21,Product Inquiry,Low,Need more product information,Normal Operations
T4858,C10115,2026-10-21,Refund Request,Medium,Refund not processed,Normal Operations
T4859,C17986,2026-10-21,Account Question,Medium,Question regarding account settings,Normal Operations
T4860,C83846,2026-10-21,Return Request,High,Need assistance with return,Normal Operations
T4861,C85422,2026-10-21,Product Inquiry,Medium,Question about product specifications,Normal Operations
T4862,C17987,2026-10-21,Order Tracking,High,Order status not updated,Normal Operations
T4863,C41402,2026-10-21,Order Tracking,Low,Need tracking information,Normal Operations
T4864,C38488,2026-10-21,Product Inquiry,Medium,Inquiry regarding product availability,Normal Operations
T4865,C5280,2026-10-22,Order Tracking,Low,Unable to track order,Normal Operations
T4866,C93617,2026-10-22,Order Tracking,Low,Need tracking information,Normal Operations
T4867,C58677,2026-10-22,Return Request,Medium,Need assistance with return,Normal Operations
T4868,C29031,2026-10-22,Order Tracking,Low,Unable to track order,Normal Operations
T4869,C421,2026-10-22,Order Tracking,High,Need tracking information,Normal Operations
T4870,C82952,2026-10-22,Refund Request,Low,Refund not processed,Normal Operations
T4871,C64914,2026-10-22,Return Request,Medium,Return process inquiry,Normal Operations
T4872,C67395,2026-10-22,Return Request,Medium,Return process inquiry,Normal Operations
T4873,C13347,2026-10-22,Order Tracking,Low,Order status not updated,Normal Operations
T4874,C75325,2026-10-22,Order Tracking,Low,Unable to track order,Normal Operations
T4875,C16960,2026-10-22,Product Inquiry,High,Question about product specifications,Normal Operations
T4876,C21735,2026-10-23,Product Inquiry,Medium,Inquiry regarding product availability,Normal Operations
T4877,C36493,2026-10-23,Product Inquiry,Low,Need more product information,Normal Operations
T4878,C30876,2026-10-23,Account Question,Medium,Unable to update account information,Normal Operations
T4879,C4747,2026-10-23,Refund Request,Medium,Refund not processed,Normal Operations
T4880,C88899,2026-10-23,Order Tracking,Medium,Need tracking information,Normal Operations
T4881,C5405,2026-10-23,Order Tracking,High,Unable to track order,Normal Operations
T4882,C48074,2026-10-23,Account Question,Low,Question regarding account settings,Normal Operations
T4883,C1237,2026-10-23,Refund Request,Medium,Refund not processed,Normal Operations
T4884,C99822,2026-10-23,Product Inquiry,Low,Need more product information,Normal Operations
T4885,C61290,2026-10-23,Refund Request,Medium,Refund not processed,Normal Operations
T4886,C54113,2026-10-23,Refund Request,High,Requesting refund for recent purchase,Normal Operations
T4887,C30826,2026-10-23,Order Tracking,Medium,Order status not updated,Normal Operations
T4888,C59616,2026-10-23,Account Question,Low,Account related inquiry,Normal Operations
T4889,C18914,2026-10-24,Product Inquiry,Low,Need more product information,Normal Operations
T4890,C52185,2026-10-24,Refund Request,Low,Refund not processed,Normal Operations
T4891,C26623,2026-10-24,Refund Request,High,Customer requested refund,Normal Operations
T4892,C88233,2026-10-24,Account Question,High,Unable to update account information,Normal Operations
T4893,C5466,2026-10-24,Refund Request,Medium,Customer requested refund,Normal Operations
T4894,C95374,2026-10-24,Refund Request,Low,Requesting refund for recent purchase,Normal Operations
T4895,C44765,2026-10-24,Refund Request,High,Requesting refund for recent purchase,Normal Operations
T4896,C65672,2026-10-24,Account Question,Medium,Account related inquiry,Normal Operations
T4897,C20498,2026-10-24,Order Tracking,Medium,Need tracking information,Normal Operations
T4898,C20979,2026-10-24,Product Inquiry,Low,Question about product specifications,Normal Operations
T4899,C56486,2026-10-24,Order Tracking,Low,Need tracking information,Normal Operations
T4900,C56127,2026-10-24,Return Request,High,Need assistance with return,Normal Operations
T4901,C18640,2026-10-24,Order Tracking,Low,Order status not updated,Normal Operations
T4902,C66989,2026-10-25,Return Request,Low,Customer wants to return product,Normal Operations
T4903,C34537,2026-10-25,Return Request,Low,Return process inquiry,Normal Operations
T4904,C21095,2026-10-25,Account Question,Medium,Unable to update account information,Normal Operations
T4905,C27925,2026-10-25,Product Inquiry,Low,Inquiry regarding product availability,Normal Operations
T4906,C31855,2026-10-25,Product Inquiry,Low,Need more product information,Normal Operations
T4907,C17112,2026-10-25,Refund Request,High,Requesting refund for recent purchase,Normal Operations
T4908,C50294,2026-10-25,Return Request,Low,Need assistance with return,Normal Operations
T4909,C48107,2026-10-25,Return Request,Low,Return process inquiry,Normal Operations
T4910,C361,2026-10-25,Product Inquiry,Medium,Question about product specifications,Normal Operations
T4911,C18009,2026-10-25,Account Question,Low,Account related inquiry,Normal Operations
T4912,C70656,2026-10-25,Account Question,Low,Account related inquiry,Normal Operations
T4913,C95374,2026-10-25,Refund Request,Medium,Customer requested refund,Normal Operations
T4914,C58650,2026-10-26,Return Request,High,Return process inquiry,Normal Operations
T4915,C78671,2026-10-26,Return Request,High,Return process inquiry,Normal Operations
T4916,C67286,2026-10-26,Order Tracking,Low,Unable to track order,Normal Operations
T4917,C24867,2026-10-26,Product Inquiry,Medium,Inquiry regarding product availability,Normal Operations
T4918,C24584,2026-10-26,Account Question,Medium,Account related inquiry,Normal Operations
T4919,C91369,2026-10-26,Order Tracking,Medium,Need tracking information,Normal Operations
T4920,C41645,2026-10-26,Account Question,Medium,Question regarding account settings,Normal Operations
T4921,C88591,2026-10-26,Product Inquiry,Low,Question about product specifications,Normal Operations
T4922,C62704,2026-10-26,Account Question,Medium,Question regarding account settings,Normal Operations
T4923,C70566,2026-10-27,Return Request,Medium,Need assistance with return,Normal Operations
T4924,C98909,2026-10-27,Account Question,Medium,Question regarding account settings,Normal Operations
T4925,C81551,2026-10-27,Order Tracking,Low,Unable to track order,Normal Operations
T4926,C57603,2026-10-27,Refund Request,Low,Refund not processed,Normal Operations
T4927,C47060,2026-10-27,Account Question,Medium,Unable to update account information,Normal Operations
T4928,C12057,2026-10-27,Order Tracking,Low,Order status not updated,Normal Operations
T4929,C86291,2026-10-27,Product Inquiry,Medium,Need more product information,Normal Operations
T4930,C57558,2026-10-27,Return Request,Low,Need assistance with return,Normal Operations
T4931,C66200,2026-10-27,Order Tracking,Medium,Need tracking information,Normal Operations
T4932,C4575,2026-10-27,Return Request,Low,Return process inquiry,Normal Operations
T4933,C88213,2026-10-27,Refund Request,High,Refund not processed,Normal Operations
T4934,C71083,2026-10-27,Account Question,Medium,Account related inquiry,Normal Operations
T4935,C40577,2026-10-27,Order Tracking,Medium,Unable to track order,Normal Operations
T4936,C28088,2026-10-27,Refund Request,Low,Customer requested refund,Normal Operations
T4937,C46003,2026-10-28,Return Request,High,Customer wants to return product,Normal Operations
T4938,C72884,2026-10-28,Return Request,Low,Customer wants to return product,Normal Operations
T4939,C62127,2026-10-28,Account Question,High,Account related inquiry,Normal Operations
T4940,C39721,2026-10-28,Return Request,Low,Customer wants to return product,Normal Operations
T4941,C13220,2026-10-28,Refund Request,Medium,Customer requested refund,Normal Operations
T4942,C90160,2026-10-28,Order Tracking,Low,Unable to track order,Normal Operations
T4943,C36259,2026-10-28,Account Question,Low,Question regarding account settings,Normal Operations
T4944,C77265,2026-10-28,Product Inquiry,Low,Need more product information,Normal Operations
T4945,C94809,2026-10-28,Return Request,Low,Need assistance with return,Normal Operations
T4946,C11676,2026-10-28,Product Inquiry,Medium,Question about product specifications,Normal Operations
T4947,C13937,2026-10-28,Return Request,Low,Return process inquiry,Normal Operations
T4948,C88305,2026-10-28,Product Inquiry,Medium,Need more product information,Normal Operations
T4949,C51698,2026-10-28,Refund Request,Medium,Customer requested refund,Normal Operations
T4950,C50101,2026-10-29,Refund Request,Medium,Customer requested refund,Normal Operations
T4951,C65730,2026-10-29,Refund Request,High,Refund not processed,Normal Operations
T4952,C57327,2026-10-29,Product Inquiry,Low,Question about product specifications,Normal Operations
T4953,C91811,2026-10-29,Order Tracking,Low,Unable to track order,Normal Operations
T4954,C52366,2026-10-29,Product Inquiry,High,Need more product information,Normal Operations
T4955,C93331,2026-10-29,Order Tracking,Medium,Order status not updated,Normal Operations
T4956,C59894,2026-10-29,Refund Request,Medium,Refund not processed,Normal Operations
T4957,C98630,2026-10-29,Return Request,Medium,Return process inquiry,Normal Operations
T4958,C39063,2026-10-29,Return Request,Low,Need assistance with return,Normal Operations
T4959,C83960,2026-10-30,Return Request,Medium,Need assistance with return,Normal Operations
T4960,C76558,2026-10-30,Refund Request,Low,Requesting refund for recent purchase,Normal Operations
T4961,C14313,2026-10-30,Account Question,Low,Unable to update account information,Normal Operations
T4962,C76520,2026-10-30,Product Inquiry,Medium,Need more product information,Normal Operations
T4963,C69520,2026-10-30,Account Question,Medium,Account related inquiry,Normal Operations
T4964,C76773,2026-10-30,Order Tracking,High,Order status not updated,Normal Operations
T4965,C10473,2026-10-30,Return Request,Medium,Need assistance with return,Normal Operations
T4966,C33744,2026-10-30,Refund Request,Medium,Requesting refund for recent purchase,Normal Operations
T4967,C93787,2026-10-30,Product Inquiry,Medium,Question about product specifications,Normal Operations
T4968,C2081,2026-10-30,Account Question,Medium,Question regarding account settings,Normal Operations
T4969,C63272,2026-10-30,Account Question,High,Question regarding account settings,Normal Operations
T4970,C8266,2026-10-30,Return Request,High,Customer wants to return product,Normal Operations
T4971,C3478,2026-10-30,Account Question,Low,Account related inquiry,Normal Operations
T4972,C11851,2026-10-31,Refund Request,Medium,Refund not processed,Normal Operations
T4973,C186,2026-10-31,Return Request,Medium,Customer wants to return product,Normal Operations
T4974,C25216,2026-10-31,Order Tracking,Medium,Order status not updated,Normal Operations
T4975,C76821,2026-10-31,Refund Request,Medium,Refund not processed,Normal Operations
T4976,C9103,2026-10-31,Product Inquiry,Medium,Inquiry regarding product availability,Normal Operations
T4977,C21554,2026-10-31,Refund Request,Low,Refund not processed,Normal Operations
T4978,C66866,2026-10-31,Product Inquiry,Medium,Question about product specifications,Normal Operations
T4979,C57403,2026-10-31,Return Request,Medium,Return process inquiry,Normal Operations
T4980,C72496,2026-10-31,Return Request,Medium,Return process inquiry,Normal Operations
T4981,C78054,2026-10-31,Refund Request,Medium,Requesting refund for recent purchase,Normal Operations
T4982,C17992,2026-11-01,Account Question,Low,Question regarding account settings,Normal Operations
T4983,C20408,2026-11-01,Product Inquiry,High,Inquiry regarding product availability,Normal Operations
T4984,C54734,2026-11-01,Return Request,Medium,Return process inquiry,Normal Operations
T4985,C38527,2026-11-01,Return Request,Low,Customer wants to return product,Normal Operations
T4986,C51530,2026-11-01,Product Inquiry,Low,Question about product specifications,Normal Operations
T4987,C39057,2026-11-01,Product Inquiry,Medium,Need more product information,Normal Operations
T4988,C77223,2026-11-01,Refund Request,Medium,Refund not processed,Normal Operations
T4989,C15071,2026-11-01,Refund Request,Medium,Customer requested refund,Normal Operations
T4990,C95336,2026-11-02,Return Request,Low,Customer wants to return product,Normal Operations
T4991,C75277,2026-11-02,Refund Request,Medium,Requesting refund for recent purchase,Normal Operations
T4992,C14801,2026-11-02,Order Tracking,High,Need tracking information,Normal Operations
T4993,C75018,2026-11-02,Account Question,Low,Question regarding account settings,Normal Operations
T4994,C22602,2026-11-02,Return Request,Medium,Need assistance with return,Normal Operations
T4995,C67892,2026-11-02,Order Tracking,Low,Order status not updated,Normal Operations
T4996,C33293,2026-11-02,Return Request,Low,Need assistance with return,Normal Operations
T4997,C90034,2026-11-02,Order Tracking,Medium,Need tracking information,Normal Operations
T4998,C61378,2026-11-02,Refund Request,Low,Refund not processed,Normal Operations
T4999,C23359,2026-11-02,Refund Request,High,Refund not processed,Normal Operations
T5000,C28429,2026-11-02,Product Inquiry,Low,Question about product specifications,Normal Operations
T5001,C69485,2026-11-03,Return Request,High,Return process inquiry,Normal Operations
T5002,C21165,2026-11-03,Account Question,Low,Account related inquiry,Normal Operations
T5003,C58294,2026-11-03,Refund Request,Low,Requesting refund for recent purchase,Normal Operations
T5004,C15965,2026-11-03,Order Tracking,Medium,Need tracking information,Normal Operations
T5005,C1047,2026-11-03,Return Request,Medium,Customer wants to return product,Normal Operations
T5006,C94136,2026-11-03,Refund Request,Low,Refund not processed,Normal Operations
T5007,C15625,2026-11-03,Refund Request,Low,Requesting refund for recent purchase,Normal Operations
T5008,C80540,2026-11-03,Refund Request,Low,Refund not processed,Normal Operations
T5009,C87090,2026-11-04,Return Request,High,Customer wants to return product,Normal Operations
T5010,C31029,2026-11-04,Refund Request,High,Requesting refund for recent purchase,Normal Operations
T5011,C31460,2026-11-04,Product Inquiry,Low,Question about product specifications,Normal Operations
T5012,C67983,2026-11-04,Order Tracking,Medium,Order status not updated,Normal Operations
T5013,C81172,2026-11-04,Return Request,Low,Customer wants to return product,Normal Operations
T5014,C45040,2026-11-04,Order Tracking,Low,Unable to track order,Normal Operations
T5015,C79016,2026-11-04,Order Tracking,Low,Unable to track order,Normal Operations
T5016,C44701,2026-11-04,Return Request,High,Need assistance with return,Normal Operations
T5017,C82246,2026-11-05,Order Tracking,Low,Unable to track order,Normal Operations
T5018,C60879,2026-11-05,Refund Request,Low,Requesting refund for recent purchase,Normal Operations
T5019,C96989,2026-11-05,Refund Request,Low,Requesting refund for recent purchase,Normal Operations
T5020,C63879,2026-11-05,Account Question,High,Account related inquiry,Normal Operations
T5021,C51189,2026-11-05,Account Question,Low,Unable to update account information,Normal Operations
T5022,C36398,2026-11-05,Refund Request,Low,Refund not processed,Normal Operations
T5023,C41431,2026-11-05,Product Inquiry,Low,Question about product specifications,Normal Operations
T5024,C25248,2026-11-05,Account Question,Low,Unable to update account information,Normal Operations
T5025,C44515,2026-11-05,Account Question,Medium,Account related inquiry,Normal Operations
T5026,C70409,2026-11-05,Refund Request,Low,Requesting refund for recent purchase,Normal Operations
T5027,C4754,2026-11-05,Return Request,High,Need assistance with return,Normal Operations
T5028,C95978,2026-11-05,Refund Request,Medium,Customer requested refund,Normal Operations
T5029,C9941,2026-11-05,Return Request,Medium,Customer wants to return product,Normal Operations
T5030,C51159,2026-11-06,Refund Request,Medium,Refund not processed,Normal Operations
T5031,C33678,2026-11-06,Order Tracking,Medium,Order status not updated,Normal Operations
T5032,C27266,2026-11-06,Account Question,Medium,Question regarding account settings,Normal Operations
T5033,C68097,2026-11-06,Product Inquiry,Medium,Question about product specifications,Normal Operations
T5034,C2782,2026-11-06,Product Inquiry,High,Need more product information,Normal Operations
T5035,C51664,2026-11-06,Product Inquiry,High,Need more product information,Normal Operations
T5036,C87647,2026-11-06,Order Tracking,Medium,Unable to track order,Normal Operations
T5037,C39932,2026-11-06,Product Inquiry,Medium,Inquiry regarding product availability,Normal Operations
T5038,C65126,2026-11-06,Refund Request,Low,Refund not processed,Normal Operations
T5039,C61859,2026-11-06,Order Tracking,Medium,Need tracking information,Normal Operations
T5040,C82099,2026-11-06,Order Tracking,Medium,Unable to track order,Normal Operations
T5041,C95154,2026-11-07,Return Request,Medium,Return process inquiry,Normal Operations
T5042,C98416,2026-11-07,Product Inquiry,Low,Question about product specifications,Normal Operations
T5043,C11117,2026-11-07,Product Inquiry,Medium,Need more product information,Normal Operations
T5044,C44086,2026-11-07,Account Question,High,Question regarding account settings,Normal Operations
T5045,C85262,2026-11-07,Account Question,High,Question regarding account settings,Normal Operations
T5046,C24275,2026-11-07,Return Request,High,Return process inquiry,Normal Operations
T5047,C51900,2026-11-07,Return Request,Low,Customer wants to return product,Normal Operations
T5048,C81455,2026-11-07,Account Question,Medium,Question regarding account settings,Normal Operations
T5049,C14547,2026-11-07,Refund Request,Low,Refund not processed,Normal Operations
T5050,C49285,2026-11-07,Refund Request,Medium,Requesting refund for recent purchase,Normal Operations
T5051,C69499,2026-11-07,Product Inquiry,Low,Need more product information,Normal Operations
T5052,C68481,2026-11-08,Return Request,Low,Customer wants to return product,Normal Operations
T5053,C25091,2026-11-08,Account Question,Medium,Question regarding account settings,Normal Operations
T5054,C7856,2026-11-08,Order Tracking,High,Need tracking information,Normal Operations
T5055,C50375,2026-11-08,Order Tracking,Low,Need tracking information,Normal Operations
T5056,C13705,2026-11-08,Product Inquiry,Low,Inquiry regarding product availability,Normal Operations
T5057,C57353,2026-11-08,Refund Request,Low,Customer requested refund,Normal Operations
T5058,C8302,2026-11-08,Product Inquiry,High,Question about product specifications,Normal Operations
T5059,C99259,2026-11-08,Account Question,Low,Account related inquiry,Normal Operations
T5060,C15427,2026-11-08,Account Question,Low,Account related inquiry,Normal Operations
T5061,C88569,2026-11-08,Refund Request,Medium,Requesting refund for recent purchase,Normal Operations
T5062,C89834,2026-11-08,Order Tracking,Low,Unable to track order,Normal Operations
T5063,C81435,2026-11-08,Product Inquiry,Medium,Need more product information,Normal Operations
T5064,C36283,2026-11-08,Refund Request,Medium,Customer requested refund,Normal Operations
T5065,C64767,2026-11-08,Refund Request,Medium,Refund not processed,Normal Operations
T5066,C53510,2026-11-09,Product Inquiry,Low,Question about product specifications,Normal Operations
T5067,C7035,2026-11-09,Product Inquiry,High,Inquiry regarding product availability,Normal Operations
T5068,C75349,2026-11-09,Return Request,Medium,Customer wants to return product,Normal Operations
T5069,C10769,2026-11-09,Return Request,Medium,Customer wants to return product,Normal Operations
T5070,C50698,2026-11-09,Order Tracking,Medium,Unable to track order,Normal Operations
T5071,C71039,2026-11-09,Product Inquiry,Low,Question about product specifications,Normal Operations
T5072,C53319,2026-11-09,Product Inquiry,Medium,Question about product specifications,Normal Operations
T5073,C79150,2026-11-09,Refund Request,Low,Requesting refund for recent purchase,Normal Operations
T5074,C52430,2026-11-09,Order Tracking,High,Unable to track order,Normal Operations
T5075,C41586,2026-11-10,Order Tracking,Low,Need tracking information,Normal Operations
T5076,C76608,2026-11-10,Account Question,Low,Unable to update account information,Normal Operations
T5077,C75838,2026-11-10,Account Question,Low,Account related inquiry,Normal Operations
T5078,C34408,2026-11-10,Return Request,Medium,Need assistance with return,Normal Operations
T5079,C45653,2026-11-10,Account Question,High,Account related inquiry,Normal Operations
T5080,C10831,2026-11-10,Product Inquiry,Low,Need more product information,Normal Operations
T5081,C14329,2026-11-10,Refund Request,Medium,Requesting refund for recent purchase,Normal Operations
T5082,C46697,2026-11-10,Product Inquiry,High,Need more product information,Normal Operations
T5083,C28211,2026-11-10,Refund Request,High,Requesting refund for recent purchase,Normal Operations
T5084,C94378,2026-11-10,Refund Request,Medium,Refund not processed,Normal Operations
T5085,C64389,2026-11-11,Product Inquiry,Medium,Need more product information,Normal Operations
T5086,C86625,2026-11-11,Order Tracking,Medium,Order status not updated,Normal Operations
T5087,C61050,2026-11-11,Refund Request,Low,Requesting refund for recent purchase,Normal Operations
T5088,C22992,2026-11-11,Account Question,Medium,Unable to update account information,Normal Operations
T5089,C57305,2026-11-11,Order Tracking,Low,Order status not updated,Normal Operations
T5090,C17400,2026-11-11,Return Request,Low,Customer wants to return product,Normal Operations
T5091,C2135,2026-11-11,Product Inquiry,Medium,Question about product specifications,Normal Operations
T5092,C49275,2026-11-11,Refund Request,Medium,Refund not processed,Normal Operations
T5093,C78728,2026-11-11,Account Question,Low,Account related inquiry,Normal Operations
T5094,C48485,2026-11-11,Product Inquiry,Medium,Question about product specifications,Normal Operations
T5095,C53097,2026-11-11,Refund Request,Medium,Refund not processed,Normal Operations
T5096,C17086,2026-11-12,Product Inquiry,Medium,Need more product information,Normal Operations
T5097,C46480,2026-11-12,Return Request,High,Need assistance with return,Normal Operations
T5098,C46866,2026-11-12,Product Inquiry,Low,Question about product specifications,Normal Operations
T5099,C81110,2026-11-12,Return Request,Medium,Customer wants to return product,Normal Operations
T5100,C41706,2026-11-12,Refund Request,Low,Requesting refund for recent purchase,Normal Operations
T5101,C41816,2026-11-12,Refund Request,Medium,Refund not processed,Normal Operations
T5102,C78244,2026-11-12,Account Question,Low,Account related inquiry,Normal Operations
T5103,C76327,2026-11-12,Return Request,Low,Customer wants to return product,Normal Operations
T5104,C30340,2026-11-12,Return Request,Low,Customer wants to return product,Normal Operations
T5105,C49832,2026-11-12,Refund Request,Medium,Customer requested refund,Normal Operations
T5106,C20699,2026-11-12,Product Inquiry,Low,Inquiry regarding product availability,Normal Operations
T5107,C96667,2026-11-12,Account Question,Low,Account related inquiry,Normal Operations
T5108,C47512,2026-11-12,Account Question,Low,Question regarding account settings,Normal Operations
T5109,C638,2026-11-13,Product Inquiry,Low,Inquiry regarding product availability,Normal Operations
T5110,C81788,2026-11-13,Refund Request,Medium,Customer requested refund,Normal Operations
T5111,C76903,2026-11-13,Refund Request,Low,Refund not processed,Normal Operations
T5112,C87763,2026-11-13,Return Request,Low,Return process inquiry,Normal Operations
T5113,C39212,2026-11-13,Refund Request,Low,Customer requested refund,Normal Operations
T5114,C84659,2026-11-13,Refund Request,High,Refund not processed,Normal Operations
T5115,C19623,2026-11-13,Refund Request,Low,Refund not processed,Normal Operations
T5116,C56006,2026-11-13,Product Inquiry,Low,Need more product information,Normal Operations
T5117,C65036,2026-11-14,Product Inquiry,High,Need more product information,Normal Operations
T5118,C20616,2026-11-14,Return Request,Low,Return process inquiry,Normal Operations
T5119,C42899,2026-11-14,Account Question,Medium,Question regarding account settings,Normal Operations
T5120,C8827,2026-11-14,Return Request,Low,Customer wants to return product,Normal Operations
T5121,C58205,2026-11-14,Refund Request,Medium,Customer requested refund,Normal Operations
T5122,C15397,2026-11-14,Refund Request,Low,Customer requested refund,Normal Operations
T5123,C64637,2026-11-14,Account Question,Medium,Question regarding account settings,Normal Operations
T5124,C88671,2026-11-14,Order Tracking,High,Unable to track order,Normal Operations
T5125,C37788,2026-11-14,Refund Request,High,Requesting refund for recent purchase,Normal Operations
T5126,C71124,2026-11-14,Order Tracking,Low,Unable to track order,Normal Operations
T5127,C27824,2026-11-14,Account Question,Low,Question regarding account settings,Normal Operations
T5128,C25650,2026-11-15,Return Request,High,Customer wants to return product,Normal Operations
T5129,C94201,2026-11-15,Return Request,Medium,Customer wants to return product,Normal Operations
T5130,C24237,2026-11-15,Return Request,Medium,Need assistance with return,Normal Operations
T5131,C82566,2026-11-15,Account Question,High,Question regarding account settings,Normal Operations
T5132,C88024,2026-11-15,Account Question,Medium,Account related inquiry,Normal Operations
T5133,C2656,2026-11-15,Account Question,High,Question regarding account settings,Normal Operations
T5134,C5273,2026-11-15,Product Inquiry,Low,Inquiry regarding product availability,Normal Operations
T5135,C78682,2026-11-15,Product Inquiry,Low,Need more product information,Normal Operations
T5136,C54889,2026-11-16,Account Question,Low,Question regarding account settings,Normal Operations
T5137,C28898,2026-11-16,Refund Request,High,Customer requested refund,Normal Operations
T5138,C57677,2026-11-16,Product Inquiry,Low,Question about product specifications,Normal Operations
T5139,C70086,2026-11-16,Order Tracking,Low,Unable to track order,Normal Operations
T5140,C70510,2026-11-16,Return Request,Low,Customer wants to return product,Normal Operations
T5141,C19852,2026-11-16,Account Question,Low,Account related inquiry,Normal Operations
T5142,C95491,2026-11-16,Refund Request,High,Customer requested refund,Normal Operations
T5143,C35036,2026-11-16,Order Tracking,Low,Unable to track order,Normal Operations
T5144,C37250,2026-11-17,Account Question,Medium,Account related inquiry,Normal Operations
T5145,C70124,2026-11-17,Account Question,Low,Question regarding account settings,Normal Operations
T5146,C44891,2026-11-17,Refund Request,Medium,Refund not processed,Normal Operations
T5147,C97808,2026-11-17,Order Tracking,Low,Unable to track order,Normal Operations
T5148,C554,2026-11-17,Return Request,High,Need assistance with return,Normal Operations
T5149,C32262,2026-11-17,Account Question,Medium,Unable to update account information,Normal Operations
T5150,C75665,2026-11-17,Refund Request,High,Refund not processed,Normal Operations
T5151,C11441,2026-11-17,Refund Request,Medium,Customer requested refund,Normal Operations
T5152,C1936,2026-11-17,Account Question,Medium,Unable to update account information,Normal Operations
T5153,C88670,2026-11-18,Account Question,Medium,Unable to update account information,Normal Operations
T5154,C99040,2026-11-18,Order Tracking,Medium,Unable to track order,Normal Operations
T5155,C99577,2026-11-18,Refund Request,Medium,Requesting refund for recent purchase,Normal Operations
T5156,C45379,2026-11-18,Product Inquiry,Low,Question about product specifications,Normal Operations
T5157,C23653,2026-11-18,Order Tracking,High,Unable to track order,Normal Operations
T5158,C36418,2026-11-18,Account Question,Low,Account related inquiry,Normal Operations
T5159,C48842,2026-11-18,Product Inquiry,Low,Need more product information,Normal Operations
T5160,C46126,2026-11-18,Refund Request,Medium,Requesting refund for recent purchase,Normal Operations
T5161,C558,2026-11-18,Account Question,Medium,Unable to update account information,Normal Operations
T5162,C99433,2026-11-18,Refund Request,Medium,Customer requested refund,Normal Operations
T5163,C26111,2026-11-18,Account Question,High,Question regarding account settings,Normal Operations
T5164,C74040,2026-11-18,Order Tracking,Low,Unable to track order,Normal Operations
T5165,C19122,2026-11-18,Product Inquiry,Medium,Need more product information,Normal Operations
T5166,C1432,2026-11-18,Product Inquiry,Medium,Inquiry regarding product availability,Normal Operations
T5167,C22736,2026-11-19,Return Request,High,Customer wants to return product,Normal Operations
T5168,C85223,2026-11-19,Order Tracking,Low,Unable to track order,Normal Operations
T5169,C35071,2026-11-19,Refund Request,Low,Customer requested refund,Normal Operations
T5170,C4967,2026-11-19,Account Question,Medium,Question regarding account settings,Normal Operations
T5171,C16059,2026-11-19,Product Inquiry,Low,Inquiry regarding product availability,Normal Operations
T5172,C66446,2026-11-19,Return Request,Medium,Return process inquiry,Normal Operations
T5173,C84481,2026-11-19,Refund Request,Low,Refund not processed,Normal Operations
T5174,C29653,2026-11-19,Refund Request,Low,Requesting refund for recent purchase,Normal Operations
T5175,C62514,2026-11-19,Refund Request,Low,Requesting refund for recent purchase,Normal Operations
T5176,C6856,2026-11-19,Refund Request,Low,Customer requested refund,Normal Operations
T5177,C1085,2026-11-19,Order Tracking,Medium,Unable to track order,Normal Operations
T5178,C87394,2026-11-19,Order Tracking,Low,Order status not updated,Normal Operations
T5179,C56691,2026-11-19,Return Request,Low,Return process inquiry,Normal Operations
T5180,C59440,2026-11-19,Product Inquiry,High,Need more product information,Normal Operations
T5181,C62779,2026-11-20,Account Question,Medium,Account related inquiry,Normal Operations
T5182,C97066,2026-11-20,Refund Request,Low,Requesting refund for recent purchase,Normal Operations
T5183,C33979,2026-11-20,Return Request,Low,Return process inquiry,Normal Operations
T5184,C21072,2026-11-20,Refund Request,Low,Customer requested refund,Normal Operations
T5185,C17298,2026-11-20,Account Question,High,Question regarding account settings,Normal Operations
T5186,C28832,2026-11-20,Account Question,High,Unable to update account information,Normal Operations
T5187,C35548,2026-11-20,Product Inquiry,Medium,Need more product information,Normal Operations
T5188,C17179,2026-11-20,Refund Request,Low,Customer requested refund,Normal Operations
T5189,C62608,2026-11-20,Return Request,Medium,Need assistance with return,Normal Operations
T5190,C7454,2026-11-20,Account Question,Medium,Account related inquiry,Normal Operations
T5191,C6173,2026-11-20,Refund Request,Medium,Customer requested refund,Normal Operations
T5192,C72243,2026-11-21,Order Tracking,Low,Order status not updated,Normal Operations
T5193,C24631,2026-11-21,Return Request,Low,Return process inquiry,Normal Operations
T5194,C48340,2026-11-21,Return Request,High,Customer wants to return product,Normal Operations
T5195,C2513,2026-11-21,Return Request,Low,Customer wants to return product,Normal Operations
T5196,C72817,2026-11-21,Return Request,Low,Customer wants to return product,Normal Operations
T5197,C12228,2026-11-21,Product Inquiry,Medium,Inquiry regarding product availability,Normal Operations
T5198,C67565,2026-11-21,Refund Request,Low,Refund not processed,Normal Operations
T5199,C75187,2026-11-21,Order Tracking,Low,Order status not updated,Normal Operations
T5200,C18362,2026-11-21,Account Question,Low,Question regarding account settings,Normal Operations
T5201,C29855,2026-11-21,Product Inquiry,Medium,Need more product information,Normal Operations
T5202,C83299,2026-11-21,Refund Request,Medium,Refund not processed,Normal Operations
T5203,C15456,2026-11-21,Refund Request,Medium,Customer requested refund,Normal Operations
T5204,C55929,2026-11-21,Order Tracking,Low,Unable to track order,Normal Operations
T5205,C98963,2026-11-22,Order Tracking,Low,Need tracking information,Normal Operations
T5206,C12292,2026-11-22,Account Question,Low,Unable to update account information,Normal Operations
T5207,C68742,2026-11-22,Product Inquiry,Medium,Inquiry regarding product availability,Normal Operations
T5208,C82798,2026-11-22,Order Tracking,Medium,Need tracking information,Normal Operations
T5209,C99979,2026-11-22,Return Request,High,Need assistance with return,Normal Operations
T5210,C46747,2026-11-22,Order Tracking,Medium,Need tracking information,Normal Operations
T5211,C83733,2026-11-22,Order Tracking,Medium,Need tracking information,Normal Operations
T5212,C60090,2026-11-22,Refund Request,High,Refund not processed,Normal Operations
T5213,C86767,2026-11-22,Return Request,Medium,Return process inquiry,Normal Operations
T5214,C10257,2026-11-22,Return Request,Low,Return process inquiry,Normal Operations
T5215,C67276,2026-11-22,Product Inquiry,Medium,Need more product information,Normal Operations
T5216,C19508,2026-11-22,Return Request,Medium,Customer wants to return product,Normal Operations
T5217,C99592,2026-11-22,Product Inquiry,Low,Need more product information,Normal Operations
T5218,C59517,2026-11-23,Order Tracking,Low,Order status not updated,Normal Operations
T5219,C33513,2026-11-23,Account Question,Medium,Account related inquiry,Normal Operations
T5220,C9217,2026-11-23,Order Tracking,Low,Order status not updated,Normal Operations
T5221,C5051,2026-11-23,Refund Request,Medium,Refund not processed,Normal Operations
T5222,C47432,2026-11-23,Order Tracking,High,Order status not updated,Normal Operations
T5223,C16474,2026-11-23,Refund Request,Medium,Requesting refund for recent purchase,Normal Operations
T5224,C25635,2026-11-23,Order Tracking,Medium,Order status not updated,Normal Operations
T5225,C48981,2026-11-23,Refund Request,Medium,Customer requested refund,Normal Operations
T5226,C62807,2026-11-24,Product Inquiry,Low,Need more product information,Normal Operations
T5227,C5598,2026-11-24,Return Request,High,Return process inquiry,Normal Operations
T5228,C75590,2026-11-24,Account Question,Medium,Question regarding account settings,Normal Operations
T5229,C64913,2026-11-24,Refund Request,High,Refund not processed,Normal Operations
T5230,C85018,2026-11-24,Order Tracking,Low,Order status not updated,Normal Operations
T5231,C30870,2026-11-24,Order Tracking,Low,Unable to track order,Normal Operations
T5232,C96103,2026-11-24,Refund Request,High,Refund not processed,Normal Operations
T5233,C88062,2026-11-24,Refund Request,High,Requesting refund for recent purchase,Normal Operations
T5234,C45939,2026-11-24,Order Tracking,Medium,Need tracking information,Normal Operations
T5235,C53253,2026-11-24,Refund Request,Medium,Customer requested refund,Normal Operations
T5236,C89361,2026-11-24,Return Request,High,Need assistance with return,Normal Operations
T5237,C9403,2026-11-24,Account Question,Medium,Account related inquiry,Normal Operations
T5238,C26001,2026-11-24,Order Tracking,Medium,Need tracking information,Normal Operations
T5239,C74280,2026-11-25,Refund Request,Low,Customer requested refund,Normal Operations
T5240,C53427,2026-11-25,Refund Request,Medium,Requesting refund for recent purchase,Normal Operations
T5241,C95344,2026-11-25,Return Request,Low,Need assistance with return,Normal Operations
T5242,C38080,2026-11-25,Product Inquiry,Medium,Need more product information,Normal Operations
T5243,C43810,2026-11-25,Account Question,Medium,Unable to update account information,Normal Operations
T5244,C90637,2026-11-25,Refund Request,Low,Requesting refund for recent purchase,Normal Operations
T5245,C62328,2026-11-25,Order Tracking,Medium,Unable to track order,Normal Operations
T5246,C67949,2026-11-25,Product Inquiry,Medium,Need more product information,Normal Operations
T5247,C20949,2026-11-25,Return Request,Medium,Need assistance with return,Normal Operations
T5248,C84529,2026-11-25,Order Tracking,High,Need tracking information,Normal Operations
T5249,C90313,2026-11-25,Product Inquiry,Low,Inquiry regarding product availability,Normal Operations
T5250,C8303,2026-11-25,Order Tracking,High,Unable to track order,Normal Operations
T5251,C5664,2026-11-25,Return Request,Low,Customer wants to return product,Normal Operations
T5252,C36105,2026-11-25,Order Tracking,Medium,Need tracking information,Normal Operations
T5253,C92948,2026-11-26,Order Tracking,Low,Need tracking information,Normal Operations
T5254,C31127,2026-11-26,Refund Request,Low,Customer requested refund,Normal Operations
T5255,C90681,2026-11-26,Order Tracking,Medium,Need tracking information,Normal Operations
T5256,C89939,2026-11-26,Return Request,Low,Return process inquiry,Normal Operations
T5257,C97306,2026-11-26,Account Question,Medium,Question regarding account settings,Normal Operations
T5258,C68467,2026-11-26,Order Tracking,High,Order status not updated,Normal Operations
T5259,C59492,2026-11-26,Order Tracking,Low,Need tracking information,Normal Operations
T5260,C14103,2026-11-26,Order Tracking,Medium,Need tracking information,Normal Operations
T5261,C77973,2026-11-26,Product Inquiry,High,Need more product information,Normal Operations
T5262,C48121,2026-11-26,Order Tracking,Medium,Order status not updated,Normal Operations
T5263,C41385,2026-11-27,Return Request,Medium,Customer wants to return product,Normal Operations
T5264,C60048,2026-11-27,Return Request,Medium,Return process inquiry,Normal Operations
T5265,C43727,2026-11-27,Product Inquiry,Medium,Question about product specifications,Normal Operations
T5266,C83518,2026-11-27,Return Request,High,Need assistance with return,Normal Operations
T5267,C63028,2026-11-27,Order Tracking,Low,Need tracking information,Normal Operations
T5268,C90689,2026-11-27,Order Tracking,Low,Order status not updated,Normal Operations
T5269,C83276,2026-11-27,Account Question,Medium,Account related inquiry,Normal Operations
T5270,C60884,2026-11-27,Return Request,Medium,Return process inquiry,Normal Operations
T5271,C20735,2026-11-27,Order Tracking,High,Unable to track order,Normal Operations
T5272,C13342,2026-11-27,Return Request,High,Customer wants to return product,Normal Operations
T5273,C5291,2026-11-27,Order Tracking,Low,Unable to track order,Normal Operations
T5274,C56400,2026-11-28,Product Inquiry,Medium,Need more product information,Normal Operations
T5275,C81877,2026-11-28,Return Request,Low,Customer wants to return product,Normal Operations
T5276,C80097,2026-11-28,Product Inquiry,Medium,Need more product information,Normal Operations
T5277,C26014,2026-11-28,Order Tracking,Low,Need tracking information,Normal Operations
T5278,C45609,2026-11-28,Product Inquiry,Medium,Question about product specifications,Normal Operations
T5279,C85202,2026-11-28,Account Question,Low,Account related inquiry,Normal Operations
T5280,C47941,2026-11-28,Return Request,Medium,Return process inquiry,Normal Operations
T5281,C7692,2026-11-28,Order Tracking,Low,Unable to track order,Normal Operations
T5282,C50651,2026-11-29,Refund Request,Medium,Refund not processed,Normal Operations
T5283,C39894,2026-11-29,Order Tracking,Medium,Order status not updated,Normal Operations
T5284,C98998,2026-11-29,Refund Request,High,Customer requested refund,Normal Operations
T5285,C42682,2026-11-29,Account Question,Low,Account related inquiry,Normal Operations
T5286,C13821,2026-11-29,Return Request,Low,Return process inquiry,Normal Operations
T5287,C41971,2026-11-29,Product Inquiry,Low,Inquiry regarding product availability,Normal Operations
T5288,C83128,2026-11-29,Order Tracking,Medium,Unable to track order,Normal Operations
T5289,C28173,2026-11-29,Refund Request,Low,Requesting refund for recent purchase,Normal Operations
T5290,C88673,2026-11-29,Order Tracking,Medium,Order status not updated,Normal Operations
T5291,C11291,2026-11-29,Refund Request,Medium,Requesting refund for recent purchase,Normal Operations
T5292,C21428,2026-11-30,Refund Request,Medium,Customer requested refund,Normal Operations
T5293,C20782,2026-11-30,Return Request,Low,Customer wants to return product,Normal Operations
T5294,C57601,2026-11-30,Product Inquiry,Medium,Question about product specifications,Normal Operations
T5295,C3186,2026-11-30,Refund Request,High,Customer requested refund,Normal Operations
T5296,C96280,2026-11-30,Return Request,Medium,Customer wants to return product,Normal Operations
T5297,C48534,2026-11-30,Order Tracking,Medium,Unable to track order,Normal Operations
T5298,C16586,2026-11-30,Account Question,High,Account related inquiry,Normal Operations
T5299,C90300,2026-11-30,Account Question,High,Question regarding account settings,Normal Operations
T5300,C90342,2026-12-01,Product Inquiry,Low,Inquiry regarding product availability,Normal Operations
T5301,C27947,2026-12-01,Return Request,High,Customer wants to return product,Normal Operations
T5302,C65652,2026-12-01,Order Tracking,Low,Unable to track order,Normal Operations
T5303,C24936,2026-12-01,Product Inquiry,Low,Question about product specifications,Normal Operations
T5304,C62695,2026-12-01,Return Request,Low,Return process inquiry,Normal Operations
T5305,C55123,2026-12-01,Account Question,High,Account related inquiry,Normal Operations
T5306,C23751,2026-12-01,Return Request,Low,Need assistance with return,Normal Operations
T5307,C45636,2026-12-01,Order Tracking,High,Order status not updated,Normal Operations
T5308,C14771,2026-12-01,Refund Request,Medium,Refund not processed,Normal Operations
T5309,C75994,2026-12-01,Order Tracking,Low,Unable to track order,Normal Operations
T5310,C17172,2026-12-01,Product Inquiry,Low,Question about product specifications,Normal Operations
T5311,C46267,2026-12-02,Order Tracking,High,Unable to track order,Normal Operations
T5312,C63829,2026-12-02,Product Inquiry,Medium,Inquiry regarding product availability,Normal Operations
T5313,C20440,2026-12-02,Order Tracking,Low,Need tracking information,Normal Operations
T5314,C53277,2026-12-02,Refund Request,Medium,Refund not processed,Normal Operations
T5315,C16968,2026-12-02,Account Question,Low,Question regarding account settings,Normal Operations
T5316,C63590,2026-12-02,Order Tracking,Medium,Order status not updated,Normal Operations
T5317,C69087,2026-12-02,Account Question,Medium,Question regarding account settings,Normal Operations
T5318,C95212,2026-12-02,Order Tracking,Low,Need tracking information,Normal Operations
T5319,C23040,2026-12-02,Return Request,Low,Customer wants to return product,Normal Operations
T5320,C4559,2026-12-02,Product Inquiry,Medium,Inquiry regarding product availability,Normal Operations
T5321,C2615,2026-12-03,Refund Request,Low,Refund not processed,Normal Operations
T5322,C21892,2026-12-03,Account Question,Medium,Account related inquiry,Normal Operations
T5323,C23501,2026-12-03,Return Request,Medium,Need assistance with return,Normal Operations
T5324,C76090,2026-12-03,Product Inquiry,Medium,Inquiry regarding product availability,Normal Operations
T5325,C31608,2026-12-03,Account Question,High,Question regarding account settings,Normal Operations
T5326,C71658,2026-12-03,Order Tracking,Low,Need tracking information,Normal Operations
T5327,C45903,2026-12-03,Order Tracking,High,Order status not updated,Normal Operations
T5328,C44281,2026-12-03,Account Question,Low,Account related inquiry,Normal Operations
T5329,C16916,2026-12-03,Return Request,Medium,Return process inquiry,Normal Operations
T5330,C98903,2026-12-03,Account Question,Medium,Unable to update account information,Normal Operations
T5331,C49831,2026-12-03,Refund Request,Low,Refund not processed,Normal Operations
T5332,C13221,2026-12-03,Refund Request,High,Refund not processed,Normal Operations
T5333,C33160,2026-12-03,Product Inquiry,Medium,Need more product information,Normal Operations
T5334,C35683,2026-12-04,Return Request,High,Return process inquiry,Normal Operations
T5335,C77819,2026-12-04,Return Request,Medium,Return process inquiry,Normal Operations
T5336,C44274,2026-12-04,Refund Request,Medium,Refund not processed,Normal Operations
T5337,C97154,2026-12-04,Product Inquiry,High,Need more product information,Normal Operations
T5338,C89258,2026-12-04,Refund Request,Medium,Refund not processed,Normal Operations
T5339,C3723,2026-12-04,Refund Request,Medium,Refund not processed,Normal Operations
T5340,C13230,2026-12-04,Refund Request,Medium,Requesting refund for recent purchase,Normal Operations
T5341,C12742,2026-12-04,Order Tracking,Medium,Need tracking information,Normal Operations
T5342,C15566,2026-12-04,Order Tracking,Low,Order status not updated,Normal Operations
T5343,C45766,2026-12-04,Refund Request,Medium,Requesting refund for recent purchase,Normal Operations
T5344,C57499,2026-12-05,Product Inquiry,Medium,Question about product specifications,Normal Operations
T5345,C17917,2026-12-05,Product Inquiry,Medium,Inquiry regarding product availability,Normal Operations
T5346,C65047,2026-12-05,Order Tracking,Low,Need tracking information,Normal Operations
T5347,C50768,2026-12-05,Product Inquiry,Low,Inquiry regarding product availability,Normal Operations
T5348,C51751,2026-12-05,Refund Request,High,Customer requested refund,Normal Operations
T5349,C56920,2026-12-05,Product Inquiry,Medium,Need more product information,Normal Operations
T5350,C53626,2026-12-05,Refund Request,Low,Requesting refund for recent purchase,Normal Operations
T5351,C99211,2026-12-05,Account Question,High,Question regarding account settings,Normal Operations
T5352,C11767,2026-12-05,Account Question,Medium,Question regarding account settings,Normal Operations
T5353,C48680,2026-12-05,Return Request,Medium,Need assistance with return,Normal Operations
T5354,C67960,2026-12-05,Refund Request,Medium,Customer requested refund,Normal Operations
T5355,C48556,2026-12-05,Return Request,Low,Need assistance with return,Normal Operations
T5356,C15165,2026-12-06,Order Tracking,Low,Order status not updated,Normal Operations
T5357,C83553,2026-12-06,Return Request,Low,Return process inquiry,Normal Operations
T5358,C40246,2026-12-06,Return Request,High,Need assistance with return,Normal Operations
T5359,C93788,2026-12-06,Refund Request,High,Requesting refund for recent purchase,Normal Operations
T5360,C6715,2026-12-06,Order Tracking,High,Need tracking information,Normal Operations
T5361,C93053,2026-12-06,Return Request,Low,Customer wants to return product,Normal Operations
T5362,C83791,2026-12-06,Account Question,Low,Account related inquiry,Normal Operations
T5363,C83522,2026-12-06,Product Inquiry,Medium,Question about product specifications,Normal Operations
T5364,C56196,2026-12-07,Order Tracking,Medium,Need tracking information,Normal Operations
T5365,C54335,2026-12-07,Return Request,Medium,Need assistance with return,Normal Operations
T5366,C26931,2026-12-07,Order Tracking,Medium,Unable to track order,Normal Operations
T5367,C827,2026-12-07,Product Inquiry,Low,Need more product information,Normal Operations
T5368,C39567,2026-12-07,Order Tracking,Low,Order status not updated,Normal Operations
T5369,C57938,2026-12-07,Product Inquiry,High,Question about product specifications,Normal Operations
T5370,C71440,2026-12-07,Return Request,Medium,Need assistance with return,Normal Operations
T5371,C71824,2026-12-07,Order Tracking,Low,Unable to track order,Normal Operations
T5372,C7924,2026-12-07,Refund Request,Medium,Requesting refund for recent purchase,Normal Operations
T5373,C8317,2026-12-07,Return Request,Low,Customer wants to return product,Normal Operations
T5374,C99988,2026-12-07,Product Inquiry,Medium,Inquiry regarding product availability,Normal Operations
T5375,C28402,2026-12-07,Refund Request,Low,Refund not processed,Normal Operations
T5376,C78683,2026-12-07,Order Tracking,Medium,Order status not updated,Normal Operations
T5377,C40150,2026-12-07,Refund Request,Low,Refund not processed,Normal Operations
T5378,C89219,2026-12-08,Refund Request,Medium,Customer requested refund,Normal Operations
T5379,C34410,2026-12-08,Product Inquiry,High,Question about product specifications,Normal Operations
T5380,C56208,2026-12-08,Return Request,Medium,Return process inquiry,Normal Operations
T5381,C80432,2026-12-08,Account Question,High,Account related inquiry,Normal Operations
T5382,C17865,2026-12-08,Order Tracking,High,Unable to track order,Normal Operations
T5383,C4211,2026-12-08,Return Request,Low,Return process inquiry,Normal Operations
T5384,C34852,2026-12-08,Product Inquiry,Low,Need more product information,Normal Operations
T5385,C49340,2026-12-08,Order Tracking,Medium,Need tracking information,Normal Operations
T5386,C81062,2026-12-08,Account Question,Medium,Unable to update account information,Normal Operations
T5387,C75020,2026-12-08,Return Request,Medium,Return process inquiry,Normal Operations
T5388,C98988,2026-12-08,Return Request,Low,Customer wants to return product,Normal Operations
T5389,C88119,2026-12-08,Product Inquiry,Low,Need more product information,Normal Operations
T5390,C13069,2026-12-09,Account Question,Low,Question regarding account settings,Normal Operations
T5391,C55042,2026-12-09,Order Tracking,High,Unable to track order,Normal Operations
T5392,C92100,2026-12-09,Account Question,High,Account related inquiry,Normal Operations
T5393,C7090,2026-12-09,Refund Request,High,Requesting refund for recent purchase,Normal Operations
T5394,C64137,2026-12-09,Return Request,High,Customer wants to return product,Normal Operations
T5395,C6123,2026-12-09,Account Question,Low,Unable to update account information,Normal Operations
T5396,C16151,2026-12-09,Product Inquiry,Medium,Need more product information,Normal Operations
T5397,C58000,2026-12-09,Account Question,Low,Unable to update account information,Normal Operations
T5398,C92271,2026-12-09,Product Inquiry,Low,Question about product specifications,Normal Operations
T5399,C39719,2026-12-09,Account Question,Medium,Question regarding account settings,Normal Operations
T5400,C12778,2026-12-09,Order Tracking,Medium,Need tracking information,Normal Operations
T5401,C13883,2026-12-10,Product Inquiry,High,Need more product information,Normal Operations
T5402,C81290,2026-12-10,Product Inquiry,High,Question about product specifications,Normal Operations
T5403,C98643,2026-12-10,Product Inquiry,High,Need more product information,Normal Operations
T5404,C77028,2026-12-10,Return Request,Medium,Return process inquiry,Normal Operations
T5405,C9873,2026-12-10,Product Inquiry,Low,Inquiry regarding product availability,Normal Operations
T5406,C90364,2026-12-10,Product Inquiry,Low,Need more product information,Normal Operations
T5407,C51363,2026-12-10,Account Question,High,Question regarding account settings,Normal Operations
T5408,C81332,2026-12-10,Return Request,Low,Need assistance with return,Normal Operations
T5409,C21022,2026-12-10,Order Tracking,Low,Unable to track order,Normal Operations
T5410,C18641,2026-12-11,Return Request,Medium,Return process inquiry,Normal Operations
T5411,C28988,2026-12-11,Refund Request,Medium,Refund not processed,Normal Operations
T5412,C40195,2026-12-11,Return Request,Medium,Customer wants to return product,Normal Operations
T5413,C87739,2026-12-11,Order Tracking,Medium,Unable to track order,Normal Operations
T5414,C55901,2026-12-11,Order Tracking,Low,Unable to track order,Normal Operations
T5415,C47409,2026-12-11,Refund Request,Medium,Customer requested refund,Normal Operations
T5416,C16334,2026-12-11,Return Request,Medium,Need assistance with return,Normal Operations
T5417,C84578,2026-12-11,Account Question,Medium,Unable to update account information,Normal Operations
T5418,C35471,2026-12-11,Account Question,Medium,Unable to update account information,Normal Operations
T5419,C35691,2026-12-12,Return Request,High,Return process inquiry,Normal Operations
T5420,C88265,2026-12-12,Return Request,Medium,Customer wants to return product,Normal Operations
T5421,C44079,2026-12-12,Return Request,Low,Customer wants to return product,Normal Operations
T5422,C74746,2026-12-12,Order Tracking,Low,Order status not updated,Normal Operations
T5423,C2588,2026-12-12,Account Question,Low,Unable to update account information,Normal Operations
T5424,C98216,2026-12-12,Account Question,High,Unable to update account information,Normal Operations
T5425,C73041,2026-12-12,Refund Request,High,Refund not processed,Normal Operations
T5426,C11056,2026-12-12,Refund Request,High,Refund not processed,Normal Operations
T5427,C66574,2026-12-12,Order Tracking,High,Need tracking information,Normal Operations
T5428,C23697,2026-12-12,Product Inquiry,High,Question about product specifications,Normal Operations
T5429,C52839,2026-12-12,Order Tracking,Low,Unable to track order,Normal Operations
T5430,C39586,2026-12-12,Account Question,Low,Unable to update account information,Normal Operations
T5431,C19514,2026-12-12,Refund Request,Low,Requesting refund for recent purchase,Normal Operations
T5432,C8679,2026-12-12,Account Question,Medium,Account related inquiry,Normal Operations
T5433,C26083,2026-12-13,Product Inquiry,High,Need more product information,Normal Operations
T5434,C51343,2026-12-13,Return Request,Low,Customer wants to return product,Normal Operations
T5435,C72935,2026-12-13,Return Request,Medium,Need assistance with return,Normal Operations
T5436,C76849,2026-12-13,Account Question,Medium,Account related inquiry,Normal Operations
T5437,C94295,2026-12-13,Account Question,Medium,Unable to update account information,Normal Operations
T5438,C80636,2026-12-13,Order Tracking,Low,Order status not updated,Normal Operations
T5439,C18463,2026-12-13,Return Request,High,Return process inquiry,Normal Operations
T5440,C29064,2026-12-13,Return Request,Low,Need assistance with return,Normal Operations
T5441,C79398,2026-12-13,Refund Request,High,Requesting refund for recent purchase,Normal Operations
T5442,C63997,2026-12-13,Account Question,Low,Question regarding account settings,Normal Operations
T5443,C15922,2026-12-13,Account Question,Medium,Unable to update account information,Normal Operations
T5444,C65251,2026-12-14,Account Question,Low,Question regarding account settings,Normal Operations
T5445,C30540,2026-12-14,Account Question,Low,Account related inquiry,Normal Operations
T5446,C86112,2026-12-14,Product Inquiry,Low,Inquiry regarding product availability,Normal Operations
T5447,C3666,2026-12-14,Product Inquiry,High,Need more product information,Normal Operations
T5448,C55542,2026-12-14,Account Question,Medium,Account related inquiry,Normal Operations
T5449,C13911,2026-12-14,Product Inquiry,Medium,Need more product information,Normal Operations
T5450,C30290,2026-12-14,Refund Request,High,Refund not processed,Normal Operations
T5451,C15363,2026-12-14,Product Inquiry,Low,Need more product information,Normal Operations
T5452,C3555,2026-12-14,Product Inquiry,Low,Need more product information,Normal Operations
T5453,C73695,2026-12-14,Return Request,Medium,Return process inquiry,Normal Operations
T5454,C64878,2026-12-14,Return Request,Low,Customer wants to return product,Normal Operations
T5455,C7586,2026-12-14,Order Tracking,Medium,Need tracking information,Normal Operations
T5456,C88162,2026-12-14,Return Request,High,Return process inquiry,Normal Operations
T5457,C57203,2026-12-15,Refund Request,Medium,Customer requested refund,Normal Operations
T5458,C84565,2026-12-15,Refund Request,Medium,Customer requested refund,Normal Operations
T5459,C78564,2026-12-15,Order Tracking,Medium,Order status not updated,Normal Operations
T5460,C87823,2026-12-15,Return Request,Medium,Need assistance with return,Normal Operations
T5461,C48102,2026-12-15,Return Request,High,Need assistance with return,Normal Operations
T5462,C30,2026-12-15,Product Inquiry,Medium,Question about product specifications,Normal Operations
T5463,C34890,2026-12-15,Product Inquiry,High,Question about product specifications,Normal Operations
T5464,C96684,2026-12-15,Return Request,Medium,Return process inquiry,Normal Operations
T5465,C96213,2026-12-15,Product Inquiry,Low,Inquiry regarding product availability,Normal Operations
T5466,C25147,2026-12-16,Order Tracking,Low,Need tracking information,Normal Operations
T5467,C13055,2026-12-16,Refund Request,High,Customer requested refund,Normal Operations
T5468,C14414,2026-12-16,Product Inquiry,High,Inquiry regarding product availability,Normal Operations
T5469,C56866,2026-12-16,Return Request,High,Return process inquiry,Normal Operations
T5470,C358,2026-12-16,Account Question,Low,Unable to update account information,Normal Operations
T5471,C82161,2026-12-16,Order Tracking,Low,Order status not updated,Normal Operations
T5472,C40884,2026-12-16,Refund Request,Medium,Requesting refund for recent purchase,Normal Operations
T5473,C4448,2026-12-16,Account Question,Low,Question regarding account settings,Normal Operations
T5474,C4850,2026-12-16,Order Tracking,Low,Order status not updated,Normal Operations
T5475,C88326,2026-12-16,Product Inquiry,High,Need more product information,Normal Operations
T5476,C15690,2026-12-16,Return Request,Low,Need assistance with return,Normal Operations
T5477,C67892,2026-12-16,Refund Request,High,Refund not processed,Normal Operations
T5478,C60065,2026-12-16,Product Inquiry,High,Question about product specifications,Normal Operations
T5479,C68774,2026-12-17,Order Tracking,Low,Order status not updated,Normal Operations
T5480,C79318,2026-12-17,Return Request,Low,Need assistance with return,Normal Operations
T5481,C70326,2026-12-17,Order Tracking,Low,Unable to track order,Normal Operations
T5482,C16565,2026-12-17,Order Tracking,High,Need tracking information,Normal Operations
T5483,C65482,2026-12-17,Account Question,Medium,Account related inquiry,Normal Operations
T5484,C63129,2026-12-17,Return Request,High,Return process inquiry,Normal Operations
T5485,C52785,2026-12-17,Account Question,High,Account related inquiry,Normal Operations
T5486,C13128,2026-12-17,Order Tracking,Medium,Order status not updated,Normal Operations
T5487,C88425,2026-12-17,Account Question,Medium,Unable to update account information,Normal Operations
T5488,C64373,2026-12-17,Product Inquiry,Low,Inquiry regarding product availability,Normal Operations
T5489,C85505,2026-12-17,Product Inquiry,High,Question about product specifications,Normal Operations
T5490,C81824,2026-12-17,Refund Request,High,Refund not processed,Normal Operations
T5491,C79200,2026-12-17,Return Request,Medium,Customer wants to return product,Normal Operations
T5492,C71053,2026-12-17,Account Question,High,Question regarding account settings,Normal Operations
T5493,C25790,2026-12-18,Account Question,High,Question regarding account settings,Normal Operations
T5494,C33465,2026-12-18,Order Tracking,Medium,Order status not updated,Normal Operations
T5495,C81597,2026-12-18,Product Inquiry,Low,Question about product specifications,Normal Operations
T5496,C95266,2026-12-18,Return Request,Low,Customer wants to return product,Normal Operations
T5497,C86841,2026-12-18,Refund Request,High,Refund not processed,Normal Operations
T5498,C33757,2026-12-18,Account Question,Medium,Question regarding account settings,Normal Operations
T5499,C49040,2026-12-18,Account Question,Low,Question regarding account settings,Normal Operations
T5500,C27082,2026-12-18,Order Tracking,High,Need tracking information,Normal Operations
T5501,C32697,2026-12-18,Return Request,Low,Customer wants to return product,Normal Operations
T5502,C77,2026-12-18,Refund Request,Low,Customer requested refund,Normal Operations
T5503,C61532,2026-12-18,Account Question,Low,Account related inquiry,Normal Operations
T5504,C24441,2026-12-18,Order Tracking,High,Unable to track order,Normal Operations
T5505,C21789,2026-12-18,Order Tracking,Medium,Need tracking information,Normal Operations
T5506,C7825,2026-12-18,Account Question,Low,Unable to update account information,Normal Operations
T5507,C8615,2026-12-19,Return Request,Medium,Need assistance with return,Normal Operations
T5508,C63700,2026-12-19,Product Inquiry,Medium,Inquiry regarding product availability,Normal Operations
T5509,C46899,2026-12-19,Order Tracking,Medium,Unable to track order,Normal Operations
T5510,C147,2026-12-19,Order Tracking,Low,Order status not updated,Normal Operations
T5511,C33946,2026-12-19,Order Tracking,Medium,Unable to track order,Normal Operations
T5512,C57656,2026-12-19,Product Inquiry,Medium,Inquiry regarding product availability,Normal Operations
T5513,C27572,2026-12-19,Account Question,High,Unable to update account information,Normal Operations
T5514,C59644,2026-12-19,Order Tracking,Low,Order status not updated,Normal Operations
T5515,C77904,2026-12-19,Product Inquiry,Medium,Inquiry regarding product availability,Normal Operations
T5516,C25569,2026-12-19,Refund Request,Medium,Requesting refund for recent purchase,Normal Operations
T5517,C35517,2026-12-19,Refund Request,Low,Refund not processed,Normal Operations
T5518,C23334,2026-12-19,Product Inquiry,Medium,Need more product information,Normal Operations
T5519,C96501,2026-12-20,Return Request,Low,Need assistance with return,Normal Operations
T5520,C78846,2026-12-20,Account Question,Low,Unable to update account information,Normal Operations
T5521,C33044,2026-12-20,Product Inquiry,High,Inquiry regarding product availability,Normal Operations
T5522,C4699,2026-12-20,Order Tracking,Low,Order status not updated,Normal Operations
T5523,C88716,2026-12-20,Product Inquiry,Medium,Inquiry regarding product availability,Normal Operations
T5524,C58085,2026-12-20,Refund Request,Medium,Refund not processed,Normal Operations
T5525,C8862,2026-12-20,Product Inquiry,Medium,Need more product information,Normal Operations
T5526,C36802,2026-12-20,Order Tracking,Medium,Order status not updated,Normal Operations
T5527,C22629,2026-12-20,Product Inquiry,Low,Inquiry regarding product availability,Normal Operations
T5528,C84321,2026-12-20,Product Inquiry,High,Need more product information,Normal Operations
T5529,C58813,2026-12-20,Account Question,Medium,Question regarding account settings,Normal Operations
T5530,C80642,2026-12-20,Refund Request,Low,Refund not processed,Normal Operations
T5531,C23951,2026-12-20,Return Request,Low,Need assistance with return,Normal Operations
T5532,C82866,2026-12-21,Product Inquiry,Low,Question about product specifications,Normal Operations
T5533,C28795,2026-12-21,Product Inquiry,Low,Question about product specifications,Normal Operations
T5534,C4159,2026-12-21,Account Question,Medium,Unable to update account information,Normal Operations
T5535,C39129,2026-12-21,Order Tracking,Medium,Unable to track order,Normal Operations
T5536,C90349,2026-12-21,Order Tracking,Low,Need tracking information,Normal Operations
T5537,C91815,2026-12-21,Product Inquiry,Low,Need more product information,Normal Operations
T5538,C30977,2026-12-21,Account Question,Medium,Question regarding account settings,Normal Operations
T5539,C25262,2026-12-21,Order Tracking,Low,Need tracking information,Normal Operations
T5540,C3591,2026-12-21,Return Request,Medium,Need assistance with return,Normal Operations
T5541,C95130,2026-12-21,Product Inquiry,High,Need more product information,Normal Operations
T5542,C82284,2026-12-22,Order Tracking,Low,Order status not updated,Normal Operations
T5543,C28326,2026-12-22,Return Request,High,Customer wants to return product,Normal Operations
T5544,C30179,2026-12-22,Order Tracking,Low,Unable to track order,Normal Operations
T5545,C65730,2026-12-22,Product Inquiry,Low,Inquiry regarding product availability,Normal Operations
T5546,C31761,2026-12-22,Account Question,Medium,Account related inquiry,Normal Operations
T5547,C47629,2026-12-22,Product Inquiry,Low,Inquiry regarding product availability,Normal Operations
T5548,C46922,2026-12-22,Return Request,Low,Need assistance with return,Normal Operations
T5549,C95673,2026-12-22,Account Question,Low,Unable to update account information,Normal Operations
T5550,C43970,2026-12-22,Order Tracking,Low,Order status not updated,Normal Operations
T5551,C16473,2026-12-22,Account Question,High,Account related inquiry,Normal Operations
T5552,C66982,2026-12-22,Order Tracking,Medium,Unable to track order,Normal Operations
T5553,C77493,2026-12-22,Order Tracking,Low,Order status not updated,Normal Operations
T5554,C37311,2026-12-22,Order Tracking,Medium,Order status not updated,Normal Operations
T5555,C89931,2026-12-23,Return Request,Medium,Return process inquiry,Normal Operations
T5556,C72707,2026-12-23,Account Question,Low,Account related inquiry,Normal Operations
T5557,C53240,2026-12-23,Refund Request,Low,Refund not processed,Normal Operations
T5558,C45985,2026-12-23,Product Inquiry,Low,Inquiry regarding product availability,Normal Operations
T5559,C72455,2026-12-23,Product Inquiry,Low,Inquiry regarding product availability,Normal Operations
T5560,C65897,2026-12-23,Order Tracking,Medium,Need tracking information,Normal Operations
T5561,C13751,2026-12-23,Refund Request,Low,Refund not processed,Normal Operations
T5562,C50542,2026-12-23,Return Request,Medium,Return process inquiry,Normal Operations
T5563,C27560,2026-12-23,Product Inquiry,High,Inquiry regarding product availability,Normal Operations
T5564,C394,2026-12-23,Order Tracking,Low,Unable to track order,Normal Operations
T5565,C58015,2026-12-23,Order Tracking,Low,Need tracking information,Normal Operations
T5566,C86974,2026-12-24,Order Tracking,Medium,Need tracking information,Normal Operations
T5567,C62161,2026-12-24,Order Tracking,Medium,Need tracking information,Normal Operations
T5568,C94765,2026-12-24,Order Tracking,Low,Unable to track order,Normal Operations
T5569,C79818,2026-12-24,Product Inquiry,Low,Need more product information,Normal Operations
T5570,C31077,2026-12-24,Refund Request,Medium,Refund not processed,Normal Operations
T5571,C26818,2026-12-24,Return Request,Medium,Need assistance with return,Normal Operations
T5572,C4716,2026-12-24,Refund Request,Low,Refund not processed,Normal Operations
T5573,C38459,2026-12-24,Product Inquiry,Medium,Question about product specifications,Normal Operations
T5574,C17384,2026-12-24,Account Question,High,Account related inquiry,Normal Operations
T5575,C21864,2026-12-24,Refund Request,Low,Customer requested refund,Normal Operations
T5576,C57488,2026-12-24,Order Tracking,Medium,Order status not updated,Normal Operations
T5577,C72127,2026-12-24,Return Request,Low,Need assistance with return,Normal Operations
T5578,C70271,2026-12-24,Product Inquiry,Medium,Need more product information,Normal Operations
T5579,C81574,2026-12-24,Account Question,Medium,Account related inquiry,Normal Operations
T5580,C15433,2026-12-25,Order Tracking,Medium,Need tracking information,Normal Operations
T5581,C5313,2026-12-25,Refund Request,Medium,Requesting refund for recent purchase,Normal Operations
T5582,C44391,2026-12-25,Order Tracking,Medium,Unable to track order,Normal Operations
T5583,C92753,2026-12-25,Account Question,Medium,Account related inquiry,Normal Operations
T5584,C98096,2026-12-25,Order Tracking,High,Need tracking information,Normal Operations
T5585,C51206,2026-12-25,Refund Request,Medium,Customer requested refund,Normal Operations
T5586,C89898,2026-12-25,Refund Request,Low,Refund not processed,Normal Operations
T5587,C49090,2026-12-25,Product Inquiry,Low,Question about product specifications,Normal Operations
T5588,C97066,2026-12-26,Order Tracking,Low,Need tracking information,Normal Operations
T5589,C83450,2026-12-26,Order Tracking,Low,Need tracking information,Normal Operations
T5590,C81665,2026-12-26,Order Tracking,Low,Unable to track order,Normal Operations
T5591,C17586,2026-12-26,Account Question,Low,Unable to update account information,Normal Operations
T5592,C91734,2026-12-26,Return Request,Low,Need assistance with return,Normal Operations
T5593,C53442,2026-12-26,Refund Request,Low,Refund not processed,Normal Operations
T5594,C69908,2026-12-26,Refund Request,Medium,Requesting refund for recent purchase,Normal Operations
T5595,C25036,2026-12-26,Refund Request,Medium,Requesting refund for recent purchase,Normal Operations
T5596,C22212,2026-12-26,Order Tracking,Medium,Need tracking information,Normal Operations
T5597,C7345,2026-12-26,Account Question,Low,Unable to update account information,Normal Operations
T5598,C71628,2026-12-26,Product Inquiry,Medium,Need more product information,Normal Operations
T5599,C40290,2026-12-27,Order Tracking,Medium,Order status not updated,Normal Operations
T5600,C29785,2026-12-27,Order Tracking,Low,Order status not updated,Normal Operations
T5601,C93532,2026-12-27,Product Inquiry,Medium,Question about product specifications,Normal Operations
T5602,C28555,2026-12-27,Return Request,Low,Customer wants to return product,Normal Operations
T5603,C169,2026-12-27,Product Inquiry,Low,Inquiry regarding product availability,Normal Operations
T5604,C57783,2026-12-27,Product Inquiry,High,Question about product specifications,Normal Operations
T5605,C53834,2026-12-27,Return Request,Low,Return process inquiry,Normal Operations
T5606,C94536,2026-12-27,Return Request,Low,Need assistance with return,Normal Operations
T5607,C29949,2026-12-27,Order Tracking,High,Need tracking information,Normal Operations
T5608,C85063,2026-12-27,Order Tracking,Medium,Order status not updated,Normal Operations
T5609,C79067,2026-12-27,Refund Request,Low,Requesting refund for recent purchase,Normal Operations
T5610,C58248,2026-12-27,Return Request,Medium,Return process inquiry,Normal Operations
T5611,C2040,2026-12-27,Product Inquiry,High,Question about product specifications,Normal Operations
T5612,C70487,2026-12-27,Return Request,Low,Customer wants to return product,Normal Operations
T5613,C52694,2026-12-28,Return Request,Medium,Need assistance with return,Normal Operations
T5614,C43233,2026-12-28,Account Question,Medium,Account related inquiry,Normal Operations
T5615,C90184,2026-12-28,Order Tracking,Medium,Order status not updated,Normal Operations
T5616,C32309,2026-12-28,Account Question,Low,Question regarding account settings,Normal Operations
T5617,C39289,2026-12-28,Order Tracking,Low,Order status not updated,Normal Operations
T5618,C72455,2026-12-28,Refund Request,Medium,Requesting refund for recent purchase,Normal Operations
T5619,C85135,2026-12-28,Product Inquiry,Low,Need more product information,Normal Operations
T5620,C23149,2026-12-28,Order Tracking,Medium,Unable to track order,Normal Operations
T5621,C51010,2026-12-28,Product Inquiry,High,Inquiry regarding product availability,Normal Operations
T5622,C61366,2026-12-29,Account Question,Medium,Question regarding account settings,Normal Operations
T5623,C93780,2026-12-29,Refund Request,Medium,Requesting refund for recent purchase,Normal Operations
T5624,C51458,2026-12-29,Order Tracking,Medium,Need tracking information,Normal Operations
T5625,C56633,2026-12-29,Refund Request,High,Customer requested refund,Normal Operations
T5626,C84240,2026-12-29,Return Request,Low,Return process inquiry,Normal Operations
T5627,C97956,2026-12-29,Return Request,Low,Return process inquiry,Normal Operations
T5628,C64747,2026-12-29,Refund Request,Medium,Refund not processed,Normal Operations
T5629,C31602,2026-12-29,Account Question,High,Question regarding account settings,Normal Operations
T5630,C17831,2026-12-29,Refund Request,Medium,Requesting refund for recent purchase,Normal Operations
T5631,C89762,2026-12-29,Return Request,Low,Customer wants to return product,Normal Operations
T5632,C62469,2026-12-29,Account Question,Low,Question regarding account settings,Normal Operations
T5633,C74501,2026-12-30,Order Tracking,Medium,Unable to track order,Normal Operations
T5634,C26969,2026-12-30,Product Inquiry,Medium,Question about product specifications,Normal Operations
T5635,C91218,2026-12-30,Return Request,Medium,Return process inquiry,Normal Operations
T5636,C9034,2026-12-30,Order Tracking,Low,Order status not updated,Normal Operations
T5637,C31189,2026-12-30,Product Inquiry,High,Need more product information,Normal Operations
T5638,C50107,2026-12-30,Refund Request,Low,Customer requested refund,Normal Operations
T5639,C40432,2026-12-30,Refund Request,Medium,Customer requested refund,Normal Operations
T5640,C77839,2026-12-30,Refund Request,Low,Requesting refund for recent purchase,Normal Operations
T5641,C3312,2026-12-30,Return Request,Medium,Customer wants to return product,Normal Operations
T5642,C59302,2026-12-30,Product Inquiry,Medium,Question about product specifications,Normal Operations
T5643,C89469,2026-12-30,Refund Request,Low,Customer requested refund,Normal Operations
T5644,C31717,2026-12-30,Product Inquiry,Medium,Question about product specifications,Normal Operations
T5645,C99533,2026-12-31,Order Tracking,High,Order status not updated,Normal Operations
T5646,C46874,2026-12-31,Return Request,Low,Need assistance with return,Normal Operations
T5647,C82896,2026-12-31,Product Inquiry,Medium,Question about product specifications,Normal Operations
T5648,C67864,2026-12-31,Account Question,Medium,Unable to update account information,Normal Operations
T5649,C97084,2026-12-31,Return Request,High,Need assistance with return,Normal Operations
T5650,C14948,2026-12-31,Refund Request,High,Refund not processed,Normal Operations
T5651,C61921,2026-12-31,Return Request,Medium,Customer wants to return product,Normal Operations
T5652,C33994,2026-12-31,Product Inquiry,Medium,Inquiry regarding product availability,Normal Operations
T5653,C82072,2026-12-31,Order Tracking,High,Unable to track order,Normal Operations
